"Build_Time","Queue_Length","Waiting_Time","Service_Time","Throughput","CPU_Utilization","Memory_Usage","Security_Risk_Score","Vulnerability_Density","Priority_Level"
50.8343714939379,8.19654977656002,4.97833445941722,2.64969252213592,10.12119238112,0.188396277810419,0.220986697119997,74.0042012751487,0.201892845985016,0.439524353447787
49.3015960516884,8.65011318866726,2.09321328339219,2.47224286721354,11.3743127363475,0.936937879127631,0.292742767011361,73.9600449562338,0.593698591098714,0.76982251051672
51.3092404821887,8.67100418790199,1.61602786787215,1.35183470981601,10.0954854737111,0.158410828378302,0.302098008539463,74.9820197594233,1.4267850560749,2.55870831414912
49.0198223731116,6.71584223486777,3.22263377239272,2.10271541544838,10.2660159427701,1.91922764704307,1.22706874311498,74.8678248671433,1.15106130260632,1.07050839142458
50.7479851027455,5.97389041721047,3.93042780519125,5.39849023212988,11.5743846066177,0.874135875106149,1.72035502842611,72.4506572252496,1.1091665373287,1.12928773516095
51.2577966206808,10.2053260643708,3.37121333194529,2.76258498636595,10.3243786046612,0.084731683903522,2.72721355249353,76.0405734557194,0.304852549150713,2.71506498688328
51.2221833523778,8.23138992991117,4.6292645954138,3.71349189044332,10.7755726211132,1.10689296408533,0.966114382931719,75.2497257359852,0.495947822756499,1.4609162059892
49.8878391572995,8.37564226018481,3.25347150698885,2.61547350173527,11.8190080962844,0.0563188941039606,0.274781377193686,77.4162073731483,1.67075107054196,0.265061234606534
50.6922001429342,6.8070314817019,2.33445218420934,3.40982429616145,9.59441960440144,2.74601885213282,1.62447486299323,75.6851982380511,0.550120131188143,0.313147148106474
47.8623585001449,9.13254984181008,5.01988229295041,2.74727319101203,12.395293867472,0.139237578868935,1.50475889369531,74.553040691038,0.320788290741412,0.554338029900042
50.4442359840402,9.83947679495165,3.26597325618736,4.16392195568146,12.841955459993,0.135999305852858,0.361751304097173,77.7973911469581,0.302630732486919,2.22408179743946
49.8907131256421,9.5278701045484,3.21602641296107,2.29636658286562,11.4144812500433,1.35294750277785,0.957854903872314,77.8322260239155,0.616152541801233,1.35981382705736
50.5998246557824,5.97637297724224,3.236841715879,1.0909398313183,11.2219311741368,1.14129312484293,1.36130989539391,73.7812881837098,1.28246516439659,1.40077145059405
50.1087590736884,6.95949200136671,3.55600430375822,3.6985496831277,10.3035783323068,1.45162905659128,1.72914439564163,75.4690319559554,0.605597504483387,1.11068271594512
51.2947968986168,8.09779160179052,1.18133811033321,2.56226597350568,11.290961412826,0.422024914844663,0.304892169294066,74.7887530813678,0.216435842873528,0.444158865245925
49.8293492443419,8.69684079938569,4.18329713201778,4.26340758053025,10.2980178303965,1.82265421625967,1.13624281835803,75.187051146554,0.334799251921281,2.78691313680308
50.7337395186961,7.4561114833899,4.22123189871161,2.92437826647931,11.0881698182516,0.47260886019801,0.324109525249489,75.2275427285688,0.268197206958819,1.49785047822924
49.8940439183808,7.14145069805598,4.12924519081087,4.25374084383311,10.1133739917589,0.651123232026341,1.28231524513751,73.7380995371309,0.710016986578952,0.966617156629638
50.6557625719512,8.22978593633584,3.08887437982346,3.15022695950742,11.5884037860305,0.00414033721795681,0.482709285285151,75.2855895802426,0.639680352702041,1.70135590156369
48.7687339066307,7.05735684839247,3.59930842688087,2.45097452034023,11.4913688409637,1.38075863801718,0.255324136079938,76.7492473631418,0.215691131157616,0.527208592272066
50.6065695140392,10.0435043021044,2.06508732835551,3.52559860781983,12.0429990080513,0.830006761402136,0.71162049819721,74.8359099958652,1.36726726016791,0.0678237059868452
49.6104095437681,6.17450460010016,3.85978035427046,2.34076157037853,12.7822097124292,1.80970808177014,0.316594685017704,74.8370732893015,0.291719908765514,0.782025085341705
50.394815020131,8.50879220740011,2.68294464294521,4.48475923125394,10.1535581653809,2.75850086898135,0.00898283554571511,76.3985720063375,0.29842066759439,0.0260044483072397
49.1246814512225,6.00367279326984,4.81689292485862,2.94658401680351,11.7661892922274,0.840655531724984,0.284063068757602,75.8983962406829,0.12405483157446,0.27110877070886
50.5416409121258,7.50567708281208,2.5741764320092,0.770142907070408,9.37273255290479,0.165383347801618,0.591847847674465,73.3515051816187,1.51464854536198,0.374960732150743
52.9915253273313,9.48433728415762,1.44091461706454,2.32782991989397,10.342516241352,0.123516726518704,0.807495140718474,75.2285569732622,0.950043961214136,0.686693310742413
51.5405205064859,9.12176857432144,3.67265918396297,1.16762807321296,11.7454666846085,0.436966017769355,2.13242362162584,76.6535472346777,1.63667580008161,1.83778704449452
50.9803787949048,6.60013935190008,1.86944386735415,0.621644693905397,10.0616108496309,0.630398163639622,0.757997830953484,76.4152763499191,0.539097857161771,1.15337311783652
49.3809850316183,6.52390196370545,2.5721533808907,2.85920865108761,11.1456406998779,2.69180191472057,0.400380949447057,75.4199516038142,0.810275096490425,0.138136937011948
50.324860466267,8.05810583974077,4.30403229014251,3.44786063669764,9.89955530610473,0.429109542737768,1.23152312778083,75.7212208071129,0.158456912348133,2.25381492106993
49.8416616690539,7.04702336125374,5.3723317486393,2.03857311133469,10.4296492958849,0.393217436524882,2.36202090344287,73.8030647878113,1.00537066893033,1.42646422147681
48.0148711051931,8.40577011482866,3.23732190998516,1.47115767387606,10.7592030735499,0.292033309682221,1.02601436261549,75.3001315668814,0.106333542189239,0.704928517007729
49.7598321029026,7.0160615161048,4.47165129768058,2.19796925277163,10.187681233594,1.28755946349831,0.5862465835246,74.0455510648122,1.02056550469574,1.89512566104502
49.6834619537327,6.38987698403011,2.12263613830804,1.24947472764952,8.85414791018363,1.52111185973741,0.292443090403641,74.5419819319031,0.527992965684126,1.87813348753304
49.9103696841277,7.56983123210317,5.23050131428386,3.50300179515007,11.0430963295276,0.207934699241847,1.01430816410829,75.9356036837796,2.34585121773144,1.82158108163749
49.467993006293,6.77578936720328,3.49491281854487,3.37450300510831,11.2749000954045,0.827038606349588,1.58905792019639,73.8631068883089,1.20091433957306,1.68864025410009
50.6518289597631,9.0866419673221,2.7201197565805,1.20470849043379,10.9367145740611,0.657107022102423,0.416141689453947,75.2669182508731,1.56525338994626,1.55391765353759
51.9185805797029,7.66519441961886,3.89754392141563,2.17593113842929,10.3112522743117,1.89520647042577,0.763761406846557,75.4283320394715,0.758855723093152,0.938088289423278
51.1556571513438,7.96215929609995,2.69075106329286,3.84721605508961,11.7002036572604,1.78919223650205,0.816936344144384,75.0549119698396,0.208557178316224,0.694037336260083
50.6601851791685,9.38059132989247,3.55032303024865,2.63194076467193,11.8775356600614,0.387719305565479,1.32927763420966,76.8221888218354,0.197759144889716,0.619528998987617
50.0550690875835,9.85782124241692,3.60177204172181,2.80951589246488,8.42632914395008,0.74599376666192,1.71138040702469,73.9776526714247,0.126751893188075,0.305293021079487
50.0757323802746,7.94704978218748,4.66912354606323,3.217240223978,11.9245748375291,1.35272261340154,0.879160816939631,75.6061302614356,0.0686997797820871,0.792082721980401
51.1575225818132,8.33333620077998,2.93340890610296,3.42683419668077,9.02045225284649,0.953492636596966,0.52382932845282,74.9110694325493,1.10416728392972,0.265396351568264
51.2816488993977,9.30909768203641,3.12465971167644,4.00624313870859,10.4554496375646,0.389729034519954,1.99466313220858,74.7391677561661,0.797363502365412,3.16895596533851
49.4080531429023,7.82553775515335,3.62399353899611,3.57256536861362,9.69082688624072,1.27487288400248,0.764534117605585,75.4640912338524,1.26636613211277,2.20796199830499
50.9498033495032,6.95637413489279,4.39737447773332,1.42243293593515,10.1698942170769,0.176767845619881,2.17785197879348,73.9795994093161,1.26415248622589,0.123108583203349
48.8168902149257,8.99420036616155,5.39559699317342,2.43757307468482,12.1168837687242,0.640081798651811,0.53807734238045,73.6865490834816,0.798622359068748,0.597115164700924
48.8073413952213,6.47536546037017,5.08218645567045,3.10229849579678,11.3345133882841,0.678992464566293,1.21392296419369,74.5055191245166,1.03949199790053,0.533344646376781
51.5957833347943,7.75474687085019,4.46025535378317,2.69092012388187,11.2938980857419,0.0236532143163125,0.946088594245239,76.7517571497554,2.83022665234451,1.77996511833632
50.0369392685018,7.59784492217654,1.59692302289554,0.620834718796072,8.72200756865519,0.294479836178391,0.487608038662592,75.0557647746125,0.157215481941608,0.916630933528171
50.0337820994333,7.4772556636323,4.44732475387524,2.04188527500562,10.9963253427416,0.500132765001872,0.578205460039114,75.3314343982279,1.24490424140807,1.25331851399475
50.979023019684,5.24639124585093,4.25342037217301,3.81455115132308,11.4288031538739,0.352972177192914,0.158345417416546,74.8101533623225,0.382201845619403,0.971453244651297
49.8033434138542,7.41309975779267,2.80220287297817,2.95804716206518,11.6609471433936,1.53409506566145,0.435892884422299,75.4704927319538,1.5107114182028,0.957129542708684
49.1533356125175,9.26631293072596,2.93506978896575,1.32743956238528,9.82675264952477,2.22988221249492,1.54815930255181,74.0483204569829,0.649824719926563,2.36860228401446
50.1383573249862,7.53112934496672,2.13084965505802,3.01592620622954,11.7375430520307,0.688077620633353,1.51415873392772,76.1579104665686,2.05191539162316,0.774229014340732
48.2913666639703,7.38095681479206,3.48745302522039,2.64129252679215,9.40479422170473,1.09867199249155,0.69873199484646,75.5847052602413,1.05897072853692,2.51647060442954
49.52753389646,7.33386051726153,3.59063001567831,3.47185387340111,12.5387430188763,0.629584686094271,1.02437879493434,74.1935471773083,0.348702113874639,0.548752804230221
49.8432598390658,7.12526070629912,1.74644953935542,4.90655860175097,10.0013657097565,1.30135984388113,0.512545319955086,75.054553245812,0.126925176125598,1.58461374963607
48.5574373152044,8.146021703841,1.91866236702496,1.28409986893714,11.5650243867693,0.918495462278797,0.451073226181558,75.7163316194991,0.202735130923701,1.12385424384461
50.1847643359377,8.59278070808763,3.67448507741738,2.2949364780092,11.1179113451354,0.936595501860209,1.12541244826636,75.5577309820546,0.229578742686005,1.21594156874397
49.2672668973561,9.44870575010661,2.47311606163227,2.6612370596576,9.73639948238712,1.812915127616,0.0860240000930541,76.4819340158769,0.433843580535001,1.37963948275988
51.1140775332347,6.43390871149242,3.20078367763052,0.663794999616231,11.9442586560686,0.287421149395455,1.59347998212221,74.3870122451052,0.97872237461645,0.497676546890698
49.718957963527,8.39535333068367,4.50771668611063,2.76878000403984,10.8333768426274,2.14786401312549,0.638523599075345,76.1161366154904,0.687580714076927,0.66679261633058
48.9089997233518,7.84676604003678,3.07408879871665,2.20683096208757,11.6184077748478,1.04911241217983,1.13614897578572,76.0365480099412,1.88403093155628,0.0185753831070887
50.2392227377373,8.28528601857232,3.62706431482695,5.03560276857964,11.0181920858222,0.880822010712195,0.0763733021138387,74.8375168680971,0.786206585313751,0.0717912264755778
49.9467823159425,6.96828273157371,4.11577102458316,0.117976213883356,11.6684972524099,0.139758148869421,0.551221334943593,74.0240733071781,0.50107915139528,1.30352864140426
50.0403178822322,8.04551141761145,2.37534228897886,4.28822116820748,10.8216805208981,0.53612240841747,1.51475224100276,73.9108548091155,0.932989286826481,1.44820977862943
50.2154547443462,6.84638621286227,4.74267702194518,3.80802466769112,11.915228649693,1.07368480443044,0.838071491562714,75.457786957945,0.986735339092625,1.0530042267305
49.6059789998641,8.65970327638786,4.41701535727972,3.5350916296203,10.4478191350889,1.36371425739842,0.360932240545294,74.9288732662791,0.0982533361336197,1.92226746787974
49.673409126206,7.05381018326901,4.77296529299446,2.9468119927248,11.3272883182488,0.0984780511619074,0.669235326545736,76.7791026668514,0.479501995328401,3.05008468562714
50.6480038183549,8.06354727856791,3.07379889709984,2.0891997047958,11.1785715222439,1.28599161230581,1.92590834259925,75.5351379604962,1.36126415180968,0.508968833943465
51.626737016297,5.87276732307084,2.03568041039865,3.90563140078162,11.6438597770984,0.405518213648225,0.0981666346200725,74.6280551248365,1.05646591707643,1.30916887564081
48.0743062265037,8.32696686109308,4.01116294978088,1.9142529349644,10.1789575050431,0.100527545484263,0.149408444463181,73.9744577515029,0.381739711532082,2.00573852446226
49.8643195874855,9.10772289770159,4.11853225178425,3.49476181786188,10.9776914978679,0.0643054688650099,0.0196150527073548,74.4175983253947,0.72040231431661,0.290799237417607
50.9796823049288,8.7661628767749,6.04036862385644,3.20263918531464,10.2198349208682,0.935749032414043,0.984991268209867,75.3428883928973,0.0447819783369915,0.311991383532642
48.8207880678993,9.0536729823113,5.21949292604995,3.87623819643517,11.7086378257334,0.934832384847508,1.41962813750374,74.5490653529433,1.770003993971,2.0255713696967
51.1668133745567,6.64405720153851,3.03511723548634,2.20345356851151,10.1633136205249,1.57122924058221,0.792369646744246,75.5142301202307,1.07325386335484,0.715226992948991
49.6207725847027,7.83069861342661,2.49322270980704,2.21901237202297,12.5322386963767,1.46893467443595,0.807171974217929,74.6656619478302,0.472166752414756,0.220717712254536
50.7077521214173,7.93029901198159,4.1209889634439,3.10207656381221,11.5903716020391,0.196660477684441,0.556652645652313,74.8944400912055,1.10775731753668,1.18130347974915
51.4737657781017,8.72019564869517,5.49324249254339,3.10568515551434,10.7862920211462,0.0871824789734865,0.0898395585758901,74.2694903271922,0.426100225326242,0.861108637560955
50.8985768333563,7.83221812346144,2.31686603449171,4.17399835400225,12.0061964752058,0.548600209548419,0.223418613776224,76.9050435849087,0.0835841318030069,1.00576418589989
51.2143150230654,7.79672108398485,2.71949839141351,3.28539942838607,10.7154090598617,0.377907340112954,1.45185640329267,75.3326217314704,0.297653486479402,1.38528040112633
47.7921729416102,9.67812825011243,5.24769498790242,2.94484003934765,11.363262281636,0.950077353605602,0.826184672920152,75.2306336404994,0.781559227055685,0.629339968207591
48.7266371963452,9.0909351280286,5.33718698216698,3.64261984391545,11.3281944000151,0.58022596878412,1.04029894196541,73.3081375851159,0.898658043829925,1.64437654851883
50.5814666578893,6.24355537032822,3.69455641444648,2.25639218423724,11.2230384324103,0.39914736754714,0.192611650757683,75.6597918995493,0.638956440307033,0.779513438181249
49.0892192018079,7.61538920700511,1.87976971576156,3.8929718962791,10.2032357702909,1.62076377558186,0.882310214545467,73.9763764111203,0.17377801855759,1.3317819639157
49.448125504499,7.00784181260217,2.95742947257676,1.77745839613841,9.5491557223988,0.624320711495786,0.140690522190153,74.1084784256457,0.781425829451352,2.09683901314935
51.3842222466447,10.9715850332843,4.66741884047502,3.13814737137287,9.11839929022617,0.568692887537297,0.0766583173159699,75.9183411710217,0.383515789013048,1.4351814908338
50.116494123723,7.50566546865369,5.65373357487731,1.09315423638727,10.3437036409987,0.17803515301306,2.36936591702701,74.5472993534918,0.982991405680064,0.674068414468773
50.0453178784832,9.14803978343915,3.48412345982747,3.04644925820667,11.4827931922025,0.0967689303110083,1.26828261893351,73.2516277199968,0.916510401651693,2.14880761845109
49.7544143679844,8.09627124904589,2.868554866036,1.23203686885797,10.5609625164972,1.7495407129977,1.54489702427566,76.7699041098894,2.40977467896054,1.99350385596212
48.4021044812836,8.1088302101448,3.80528731624952,2.56851505503467,9.59664906653206,0.875588348517341,0.726412416100317,72.6225930746075,0.864967990785853,1.54839695950807
48.1194260349716,8.49523694903772,3.64487860389208,1.04254454993354,12.9564776019501,0.34384462163877,0.148187063742775,75.5728115298596,1.240539826961,1.23873173511144
49.7822337561696,7.85735650233095,2.59066469380947,2.16038017010125,11.5020094230486,0.231303984997786,0.536626187777669,76.0172492490846,0.114154576408616,0.372093923960629
50.3547387949361,8.83293699605956,4.09188417371919,2.02383309006571,12.7466181002656,0.41509651844913,0.809785890431194,74.3690321333395,0.904126254591608,2.36065244853001
48.681055218847,8.55982377348378,4.89044430779123,3.35477465298797,12.0130363537213,0.0197048187648966,0.729965516019362,75.4442870514115,0.755916525083672,0.399740412852873
48.1922199028434,6.31490405429249,3.51312042728545,2.21787786991429,10.1886208816355,0.264053610494564,0.271493427431916,75.4391303883885,0.272851393174338,3.18733299301658
51.2755091369191,7.44438768741597,4.1257502005599,2.03140489812745,10.3880787967532,0.648195917999606,2.57270356733745,76.0406231529145,1.54151837604062,2.53261062618519
50.5069983511192,7.47664687668941,3.75208503319734,4.02151568781476,9.35931902173029,1.44119471951976,1.64869006681656,75.4840993879525,1.58118089143852,0.764299640899523
50.4820948716897,7.49389567366624,3.96156609381085,4.46917040967207,11.5404734531097,0.926852003567295,1.43821938727849,74.7551162209075,2.25991086154316,0.0264209003067808
50.9170964977749,9.06528488521985,3.28637690959014,3.89348038421025,12.4236592522273,0.499852987284239,0.310976729537427,75.9159920579402,1.47401226028199,0.289593436300699
50.5547435704233,9.48702703437434,4.69787605791361,1.30875749485855,9.8795151219274,1.08782024476882,1.25651341057938,75.8006223565098,0.372653033586258,1.25688370915653
48.9444973183989,7.07819905071293,3.73180313344191,4.07665308259526,9.59780235318082,1.4939183670515,0.146002299361318,74.0634309658642,0.366669657724081,0.753308121537626
51.2501550555846,8.54143546570258,2.99715854804926,1.5714624292603,11.6826780683645,0.559486041751636,0.00613543755490198,73.5992125660043,1.1160676231511,0.652457400602267
48.7226399465931,6.83023207397017,4.13045713048706,2.72804897801819,9.28352096439927,1.15580519894587,1.11037966639463,75.1602775399932,1.19038534388823,0.0483814327349843
49.5214116792797,7.44291962331238,4.45729752578092,3.53445820331273,12.7216115577685,0.445572907085964,0.390551571727262,74.7260376252248,0.189265819308224,0.95497227519108
50.333595621234,8.29846554362813,3.42551713685834,2.58611291960997,11.3721357778062,0.450349311831129,3.07874580135709,74.0144608874377,0.256742925361075,0.215095530542924
50.2809984691512,7.81107721088549,0.821835589179067,2.64960719638218,9.08510494616144,0.279701724505958,1.58970220812937,75.083930679515,1.01202579265831,0.667941936588137
50.5893355007148,7.31954979687724,5.13616438658732,2.92538242623055,11.1549188957324,0.895664503560041,2.27557215582683,73.6800034735131,0.100237503353728,0.619773479712238
50.8765920793892,6.74255145826321,2.74936945136362,3.22785802210652,10.905181865811,1.05731951384298,1.51496531831404,75.1612263513262,0.449061135016708,1.91899660906077
49.190327669264,7.68823346331318,3.15085609237622,3.21135067907326,8.33158646681533,0.576382021002662,1.74426270796186,74.3750716124581,0.00296947967216338,0.424653037391608
48.7125737122172,8.05249804576917,5.11863073979497,1.07363874613336,10.758141969676,0.0662142227898015,1.50287641449911,75.9571642741925,0.817599987763597,1.60796432222503
48.832266911048,8.562233812465,1.60196011149784,2.62435176594011,10.212739232133,0.229714216784719,1.0753924317651,77.4244891411615,2.0875894829457,0.617882708289164
50.5744831370391,7.12418317663747,2.3934556395689,3.08683852320497,9.91270300724275,0.978520610602079,0.0174712260029921,74.0840207563132,0.383997472792031,0.944438034475461
49.537245723599,8.5867559627909,2.75054929124861,3.39074001163935,11.0387168197507,2.05683685227542,0.0670652626765245,76.057664170943,1.47494507727239,1.51940720394346
50.412912128628,6.83616042912843,2.18711862987211,2.48263971583737,11.6508903022938,0.0871355949296951,1.00083999637529,75.8251497277683,2.20169967025765,1.30115336216671
51.1829816107415,7.45388797792012,4.60328832396475,2.09734835956583,12.5270088332141,0.315201327702805,0.594182286120007,74.9298057756946,0.0531978299948375,1.10567619414894
49.3282660231241,8.45037716986858,4.76449613364349,1.43241219840402,8.16749235390459,1.03068056025194,1.49935567585671,74.546353625943,0.275482291592071,0.359293991694624
50.9246989473315,7.30748452581483,4.00087613110052,2.07119275108017,11.54361132781,0.14537954993717,1.63192255652607,76.5753077068375,0.822926179365913,0.150295653966418
49.3551074840718,7.22040389103467,3.06059417427315,2.67847507435708,9.84764888866471,0.821572314820453,0.695132704455418,72.9945421817637,1.94660915422409,0.0241287906049132
50.6168138848999,7.95266734007944,3.07632002438786,2.16479395112681,11.9563301653805,0.65240388302164,0.052372382778089,74.3568052084063,1.01528191976949,1.11764659710013
50.0340745981039,8.03543456559178,2.93192692779267,3.39470268812058,11.1458616741578,0.0762515905666826,3.89051744331853,73.5631565563422,0.718390260408025,0.0525253858151978
49.1495605520125,8.93448195873755,2.97529363371817,3.16750123089776,12.2449571720604,1.53144125113831,1.33668553125042,76.3953134389461,1.24643628557969,0.509442556299332
50.9478503717301,7.76661397974429,3.98282559386998,1.19126156531373,9.31723869424334,1.54630783722297,2.02057530487914,74.8092965673551,0.578190188418023,0.743907807801753
50.7226043986672,6.29921191700025,4.40926336539276,3.11733184479833,11.2946312976288,1.7241395066572,0.262319359332676,74.4753288005303,0.475255477495516,2.84386200523221
49.131393747677,7.34416190118641,3.04342231298124,3.34170465821794,11.0951593380346,1.96799658618238,0.562042372945405,78.1840444740663,1.34116580672417,0.348050098304541
50.037701804745,7.36952953165242,3.81899039896686,2.53867301008549,11.8478622459194,0.193638212077424,1.04860709770673,74.9499627321124,0.570588081840838,1.23538657228486
52.5223980704282,7.06767241069602,1.11420724910513,2.77350423803364,10.568831491365,0.235518103491695,2.27652231194829,74.5562506881335,0.663497906382043,1.07796084956371
49.2481372093941,8.32190370221003,3.57583697315758,2.36776169304627,11.9440168459287,0.96121800049174,0.288525454543872,75.2998652501362,0.988049047602061,0.0381433658698714
49.8332871375062,10.5017650960598,2.6215581436251,2.50661325721339,10.3550391245241,1.33008097655163,1.45361566678307,73.431575379245,2.48671743449315,0.928691913876401
51.4028930698445,8.79416747142008,4.59853317980309,1.79295987463269,10.3707625961069,0.360373843775096,1.49481463432023,75.4903026426721,0.278503145418437,2.44455085842335
48.8863022732139,7.84516044029372,4.68582440763367,3.2252075996399,10.8253793014558,0.276655191599519,0.092745565918367,74.90383679892,1.45557165391804,1.45150405307921
52.380413636511,8.50366718407969,1.30350461889604,1.57518340766451,9.73074782761771,0.081728472445348,0.692009076763314,75.4685251225302,0.933259362753652,1.04123292199294
49.3326978552423,9.44276824076692,4.42231751847207,2.20953534467288,10.3434283591657,2.18220189072674,1.7133627173571,74.0176293640621,0.710230256060896,0.577503167660375
49.4785678036778,7.69073282282979,2.93427160628216,1.88636193086151,11.9100038284824,1.80816635204148,0.435546911719743,73.9770161578521,0.953834335722598,1.05324722154052
49.9614462438796,8.66448047052591,3.3360589783222,1.92908228564333,12.4518287043057,0.53242196621612,0.209625917993258,74.3065853367238,1.54295641358195,2.13133721341418
51.0746764217746,8.56189911645936,4.39850082701544,2.43144436020643,11.9142546796284,0.738212877053534,1.96909984619857,74.2320104269072,0.283697482841394,0.460640070924822
53.2355428165434,7.87736517420495,4.18916731902298,2.31474748390724,10.3751348248114,0.35960960299357,1.71627285824002,76.2990499666836,1.53939629170942,1.73994751087733
50.4833146351821,8.05654600663726,2.68097675465732,2.10003812081797,11.1184798855396,1.08542589482064,0.298021203467497,76.5791455618081,1.03612403518215,2.90910356921748
50.6196162192046,8.65189100301244,3.82006675697622,2.54656610321738,10.8984896489447,1.26708768381011,1.02786648760965,74.8431080469609,0.0929374241619773,0.443893160971799
48.6264713257069,7.97376135700348,3.03292476878414,1.21510239192082,9.5409725270642,1.65496886111192,0.62844456851225,74.6410634394153,0.434188231584378,1.70178433537471
50.1412417388373,7.66049100387673,4.75185533604649,2.91103836752132,11.0574082111407,0.963360584870596,0.124384975788821,74.6709611695783,0.671066756750545,0.737802510597532
47.6402173609291,7.40601001991895,1.92852741447001,3.43184615895685,9.97570667232819,1.50273488009703,2.21657763714695,75.069236477853,0.557353347216158,0.572144159145488
49.7417267566693,8.29096207603689,4.31975445208241,1.51690130796609,9.73937578105286,0.0635638257920286,2.05012795133044,75.0969042337011,1.02971174669273,0.514667653781751
51.4614250939909,7.94497800229309,4.89109608819633,1.38689937840699,11.5255054613659,0.862080393912321,1.70901875546684,75.2900343877656,0.00420204971110361,0.601536173574593
49.8019299503078,7.62826172280659,0.89047499081422,5.03199711011046,10.0920681128937,0.0484328352358357,0.029096113669676,74.2533210589537,1.2993540532031,0.469093477829697
49.9423573665732,8.17658846965934,4.14774659696051,3.03950724081272,10.6559512494904,0.140713004722381,1.28143147027555,74.1531036111797,0.430811527336248,0.4617555849959
50.0390446413635,7.22693307801002,3.13702041792854,2.8531929269048,9.82628442311857,1.03320497505778,0.575698184024158,76.1970776637461,0.0694552998800369,1.68791677297583
49.8762705103665,7.19758039165093,3.61022175101804,2.60149254442298,10.8559444258531,0.358900921488452,1.55255652462752,74.4513726388967,1.1408145237259,3.10010894052567
50.100049582246,9.37356613266313,3.22992585244015,3.29264776112074,11.2923465531505,0.614150454239527,0.309432113834912,75.3030456952254,1.38997160862711,0.287030476035179
48.4887665809876,7.11864393731935,4.19209730693372,2.83724106109323,11.3025452546669,1.19793299292939,1.56260814556798,74.9430294661967,1.53850470145338,1.78773884747518
49.5191285681097,8.31578806052738,4.428280305472,2.25408804764327,9.72474202277061,2.33398965670861,0.419812512283538,74.0421506078493,0.507190407016153,1.76904224100091
49.6584123519922,7.03161342136174,4.0931301013397,2.36752393297796,12.0580422500266,1.1794518812402,2.01023922112458,75.5910619094115,1.00877901173463,1.33220257895012
50.5697733680269,7.76939035350457,3.39370723117748,2.45551529366645,12.2929717130444,2.41476299216676,1.24346864051953,75.173104873493,1.05082431349063,0.00837660827700781
50.207376636371,8.39036228213348,3.07587087113111,2.48033060422758,11.1729104264108,1.15316003352972,0.221258543529422,76.3997833562125,0.880625599875217,0.880547393369341
49.2414075277453,6.99046321582136,3.35968624798119,2.04830112640303,10.9574795478843,0.69675887317464,0.945916652065024,75.117459584627,0.428174270396797,0.719604664829753
50.8490138449087,8.595038671127,3.2727088486882,3.87410152344092,10.8773429033211,1.55653485624939,0.226547225636788,74.6684542417992,1.42025301216443,1.56298953322048
51.2265854211053,8.21891522857555,3.7050619382332,2.89382215565949,11.0575459459397,0.524658551930644,0.634527671321523,75.2782949133054,0.938482032102641,0.627561243896171
48.7205823292923,7.6833937093554,2.67540451145628,2.02693317051176,11.1764235887226,0.381037376261776,1.48807370091206,73.8144083509647,1.16905229499561,1.97697338668562
50.184011110655,8.24546654240252,4.0845805836785,3.39124873494842,10.9368236189482,1.41227045585378,1.33994015479026,74.1641059466064,0.520719329287034,0.625419142232986
49.2509742339405,8.07504483526323,2.50170133412972,3.15022847867813,11.4538231709147,0.37748642682183,1.62320175527412,75.5102732511394,1.26364843415775,2.05271146557933
49.3918514687699,7.16034996623093,2.01571849387275,2.66242041881709,10.4642314576225,1.24364862125484,0.605457726588022,74.6668790987761,1.78051452831454,0.0491770066660657
50.4198636247283,6.60293607979226,3.75777748308749,3.20088186704007,11.9293449285022,0.363811351838741,1.16977896960583,74.9340390536475,2.36624801545563,0.260155244758112
50.8418497956341,8.10613176878206,3.91529000405881,1.89362100471556,10.7623171882294,0.425870282649443,1.05325556323487,74.8847782905781,0.371604945250935,4.24103993494241
50.3801569367367,6.99527882990762,4.52541957291262,2.60115974743793,9.04430598346384,0.91700603247715,0.0666543801221816,74.3494873812255,1.8490510903324,0.583142411839568
49.465155669597,7.96478001063528,4.2260760679209,1.80084529567278,10.7002796306166,0.340614281834389,0.151765810734476,72.9813113409176,0.431526004593992,1.29822759154072
51.1297120093018,6.35192383451627,3.71978737614636,1.6161895655764,11.2470204526539,0.81283169498315,1.64389134830903,75.3488349701766,0.605561208449975,1.63656967403385
51.0318896318465,7.07096751011246,4.19159961179607,2.46860134981831,12.0300316728337,0.0292519739467424,1.62817404739542,75.7616395076469,0.244654652855601,0.516219374291256
49.01061742443,8.27211081419361,2.51950226462887,2.96802480124848,10.8602104326151,1.0743452232595,1.03509045924834,73.7112837646499,0.968288620777075,1.51686204431361
50.3131685255615,9.04532279459034,2.35939029613853,1.88699446931649,8.859930798329,0.618945107488743,2.20421218162388,76.4824027184586,1.41067796451427,1.36896452738509
48.8403352296469,8.16927854921525,2.28451200320517,2.62494187171554,10.8048317659254,0.652950653346871,0.0845888002546341,75.3851548236872,0.117982430167822,0.784619492358307
51.4667335390705,7.00556501741981,3.54472853632332,0.969553879113763,9.60078807803253,1.24878708644615,1.61253719377392,76.3416402949939,0.10590467284389,1.06529303352532
50.2700595780281,7.58466260167602,4.16147037468094,2.35326274806527,9.82389429635025,0.0263314187212591,0.564059970209281,74.0428295287577,0.797842208800339,0.965932746261536
51.067135321187,9.09363612666732,4.40639224714264,3.97066727472609,9.77437294876503,0.789644084898248,0.0673420961764086,75.1667812883543,0.150223741489138,3.12845189901618
50.3881438015061,8.51868425756791,4.98370145305015,1.64858410232027,10.0007730754874,0.905718057620304,1.52338003833084,74.8999860410612,0.491267383488235,0.258663903727172
49.8917296133012,8.78704033898937,3.82920058757484,1.60706797995331,11.9371290905567,0.206116899154764,1.9811003308495,75.7685074318818,1.5617075988853,0.0959962670746639
50.7504885421559,8.99670095378985,3.37180855065582,2.58013854149291,9.96847110045616,0.539201632254397,1.47825041618485,74.4241404320873,0.719899721397624,1.03778839917108
48.8966822532425,8.3774679772211,2.83872305701044,3.33467073298313,10.360937226047,0.983600225800619,0.0905965445777364,74.9899023280475,0.927755475604125,1.31048074944314
48.5673175736023,9.10937999763642,3.75406821964673,4.03610916552029,10.9841734614003,1.79126265030032,0.130212365844901,73.2213408512561,0.453623696727242,1.43652347891018
49.3688463616652,7.02678604426443,3.43564472519685,5.45374072860382,11.6903796255792,1.14440029692258,1.977675846806,74.2223785571295,0.293304527930666,0.541634667288894
50.2636179510415,8.29964525580576,3.17487068333781,3.60089323807475,10.133294989925,1.71207034075848,0.952826406417748,75.1250338836651,0.78230514254637,0.063326133971191
49.5863119294948,7.66051767867354,2.82297693471744,3.47145352655366,9.97377613613001,0.173689712365467,1.42957397932112,74.2936785076118,1.38211300252264,2.26318517608949
49.5348812581045,8.2017388950915,2.49413510197131,4.82792411706594,10.2813842777862,0.392159826811213,0.261298016335693,74.9564305141885,0.327383529087535,0.650349612046445
50.9208515040458,9.32539797092552,2.51705300197315,2.49907569613054,9.62828130076663,1.78516888442625,1.86103493646465,74.5320740260748,0.596838982378005,0.134487137346626
49.4978072861215,8.50379348202283,4.96883036183791,2.58665059448933,11.7200333494698,0.701207183938104,0.208755144962193,75.6069301361615,0.64168885898951,0.763720431058903
50.9744568718067,7.37036330620786,3.75061783329352,3.05327014961245,8.61804186590106,0.980244715683374,1.22535152086663,76.1684883087496,0.0145887263636736,0.802824105651448
49.2270640822726,7.64984588708275,3.0699282433667,1.37991195515947,10.2723079226451,0.146555519092125,0.217174965568112,74.1774985871925,0.160970931847436,2.10992028971364
49.7435166373233,7.04866137319186,1.92080892044022,0.964563344572013,9.35885997790612,1.70759205983273,1.86257501658577,74.6929634414053,0.883617533838269,1.0847372921972
49.1736866552215,7.91018574875101,3.69286373691064,4.60678937403827,8.84321521581022,0.0892627423225397,0.742957510679671,76.4397612583697,0.0786751578316101,1.75405378518452
49.5738006783972,7.50040310192128,3.00269994481957,2.22500425748962,10.8286581970793,1.03344413277712,0.736295199210162,72.8010767458163,1.67848926886002,0.500707982827739
48.8383031316586,8.79157269496336,3.41410844865785,2.34211914320695,12.3382356613228,0.714222695680645,1.48292274962583,74.6801622082593,0.308565724449862,1.2144453095816
50.4469869723327,7.50727239570633,3.29285124471022,1.80704423401056,12.4346403547998,0.203642392650337,1.15130208309482,77.0647042841433,1.58718681065156,0.675314088509165
51.1823142988353,8.71031471101195,4.2760553887025,2.94407259666599,10.2372237916472,0.349213607593619,0.651424468919526,77.1935900690643,1.59160126851033,1.09458352817357
50.2833586941747,8.7207301338674,3.43136474094716,3.39114052243569,10.1030442914818,1.09172054785809,2.36454599657549,75.1565953233501,0.38896321811123,0.104636642022458
51.7122678446611,7.56466978393535,3.32199858296929,2.57138876212659,10.2617736965284,0.909578828892245,0.166100650176736,74.1363910493864,1.14777654363757,0.310801533327972
48.3598999952502,9.42649174309633,5.8728384785312,2.81470469354737,11.5101102317839,1.93467013989917,1.1057001319306,75.1654574194904,2.85806049186527,2.99721338474797
49.2484479260542,8.0269243053279,4.58720419757735,3.75139291492874,8.23830303701998,0.500180215565063,0.0730646786226794,74.347225604053,0.237578057520581,1.60070882367242
50.5246444026912,7.34718157795396,3.63001823130187,2.78923192298621,11.0477004744223,0.223208042026683,0.301417114848495,76.4528172822915,0.302548749894383,0.251271361624944
50.6333792883926,8.07439935119186,2.76880200337203,2.238656527823,10.3944596189924,0.865903101579443,0.687244206605237,74.193517344297,0.820574188698147,0.388834083319579
50.3269967190492,7.00903748152802,4.67912968355308,2.73938991855349,10.0560615031489,1.40533455324418,0.610961842799006,75.3729115952087,1.21403945661912,0.18548008459731
51.7456849921152,8.65099327956951,2.56735044380723,1.957673653952,8.79387996867988,2.98196695572699,0.407439788957935,75.6198500745687,0.328219111191288,3.19881034888372
51.6753895664434,7.10483201188998,3.45193582677235,2.90188808363953,10.594173582217,0.236316986896266,0.130203514856261,74.2424898393042,1.14044240529001,2.31241297643351
48.5406956385981,9.29299293500947,4.35258574852098,1.90207421585165,9.15094322754413,0.373646428091733,2.44786088979872,75.8515246815062,0.293094614010595,0.734854943303647
49.5825957471321,5.9257934143038,3.08868788467407,4.19392544527667,10.7846921268077,1.58249321039795,2.4686555003337,74.2520700290837,0.518849433004561,1.54319405923209
48.5659666293274,6.88753987770638,3.1327901760913,0.313476095619038,9.90509832248658,1.98128612650446,2.39042420824304,75.630239829654,0.964709457986912,0.58566005208114
48.9692260276936,7.66165410754,3.94030914140308,3.20129413581068,10.8463197241836,0.0413181433950244,0.501081741719232,76.0966616331036,0.989982679367313,0.523753105384422
50.2482563941472,7.29930248002929,3.63947113263085,2.31197277703909,11.2610040793838,1.36457045494441,0.431892477890032,74.0115570776168,0.689344028817336,0.211397162149757
50.3514077739671,9.34694517132456,3.25074738799114,4.7871488081498,10.2962612328021,0.134842485957661,1.97527530471249,76.1079950409796,0.504215025620639,0.405382732540489
49.2195483050644,7.939574028074,3.29062596505816,2.56553656931269,9.777601543784,0.262178270242238,1.5982900230522,74.5104671287876,0.626324942381064,2.65090746733669
50.3016004448677,8.35480441562479,3.75089922580312,3.28183736039939,10.1882577709697,1.32336090190026,1.87660161874577,75.294353388437,1.14808116249384,0.945971874914559
49.2721645718238,8.70736955733116,3.96672866741392,3.18689396920434,10.1326064967855,0.806497772201071,0.471746918159796,75.2018374722888,1.46109525326174,1.11924523642758
50.2494138688838,8.15287795135706,4.79426181595304,3.04767240933678,9.30672417094453,1.08933087814222,3.17726809619797,74.5728036136618,0.187151721353472,1.24368742959909
50.1131452555221,8.96101003763578,3.08076772065961,3.31811983535065,10.0193817860938,0.119496503278049,0.533459959770328,75.2681028699978,0.306363206088954,2.23247587848534
49.7159874193036,8.43971622687213,4.81665945128356,4.79741373388409,10.6065948651428,2.49497795592676,1.35391634188329,73.7695690745762,0.313285865018075,0.48393616905522
49.0399075370246,8.69821380418932,2.03478364315712,3.72750882368067,10.5791666902006,1.36528800904771,0.741275980445689,74.863863127815,1.84146175605504,0.00749284960796259
49.5346749399075,6.51399253564513,2.85491343010656,2.99642414887758,11.1295417398873,0.325597574347967,0.196289682037969,75.8257908316652,1.52507189227799,2.67569693240319
50.4911462041228,6.87367826592912,2.14709815049654,4.59026621898744,12.0918757231235,1.40274893101046,0.220584201818981,72.8258753507707,1.23440156775704,0.558836783094715
49.5058181561229,5.7735925140134,3.80944156174369,3.38319774918996,11.1336710316639,0.514514383893678,0.391396812531003,73.5120738126417,0.112659200159307,0.276934030060126
49.6744922083924,7.74672713625608,3.92086138072343,3.45033359910166,12.2757869747421,0.562249873050773,2.22265979575681,73.838062442403,0.773241434166406,0.236273118883293
48.9302393180416,9.4317564961981,2.13397458141461,4.0450301486185,10.1520740352797,2.10335789868052,0.689513227762751,73.4109103058546,0.803290331220696,0.284715722317797
49.5658852031772,7.02159716778398,3.54786447215679,2.96110662601997,12.1506684100003,0.511160688395656,0.859217949214377,75.4195830392964,0.641673294289322,0.426026520702013
49.9751433561988,8.31506322224832,2.58613372579018,3.52549069145764,11.3934089078176,1.61049037199555,0.809632833061035,74.007071650244,1.32830451532074,1.61798581716653
49.2708911545386,8.44095616418697,3.99384285509422,2.52551978186773,9.60829111476597,0.478077999810088,0.224829246939133,72.835452914671,1.04183002765162,2.10984813892972
49.6172876606715,8.23852639929048,1.94508616058806,2.92483606539615,11.2021710124852,1.59802640030622,0.534021244755048,74.3624312349196,1.12931053118042,1.70758835383559
48.8993058796555,7.71577738555775,4.36471731582288,2.83964262732746,9.56230715943052,0.180212545566096,0.853726309683961,74.6093647485252,0.40168368848421,0.636342702904747
50.7491647572405,7.38185595737645,3.45559206763163,2.16026696246771,11.7472306756917,0.92273568903497,1.49363944995893,75.8567854737781,0.650247821348331,1.0597499373846
52.20977517791,7.36323203939542,2.46405730625853,4.83465321892986,10.2602538549724,2.14655271093401,0.818566942835614,73.8962478640012,0.963867390305883,0.29540353631993
49.57476977108,8.01745324715965,3.41707788798715,2.24110240061116,10.5638898129634,0.106597874999167,0.476396694938381,76.1612892557387,0.589426237514811,0.28278183842599
50.4666662872896,9.29963841108782,3.23433297486096,2.44422058932798,10.1204635110568,0.975979011382551,0.478678862672354,75.3983627156286,0.332853806297125,1.88465049897692
51.5819674470687,7.20649251485608,3.13553862590082,4.12441739035745,9.9478217076357,0.264819289479567,0.707188816567081,75.3623521576355,1.38636585989546,0.0155925786035442
49.6155558375274,7.87746561288695,2.00265090843409,2.77937777077102,12.5021397091968,0.316456241333799,2.19848754832474,74.1474743296855,2.13863376690625,2.95529396549246
49.6108350159149,8.09926815660078,2.91478984403099,3.96812642718924,11.7918045229028,0.0773166434168225,0.915324144064967,76.953667879898,1.28117880892544,0.909680406034148
50.6472751427705,8.79141349010677,3.32667237717799,2.19264287908519,11.4752130770274,2.06906206733358,1.03367602059661,74.8357291679028,1.54365090132398,1.21453882662922
49.047654200717,7.76867188297565,2.01674779271786,2.78715834069456,10.8736199590039,1.6403100899109,1.49954475332104,73.1751024158217,1.79957618540294,0.261472295260427
49.8268634969104,8.63771730742532,3.80236138518274,2.54906312157358,11.5363338145518,1.2936651573177,0.389532202288876,74.7961435286075,0.343944053813732,0.42561131023673
49.4468349247389,6.50326719192524,4.87311638605898,1.83088635959334,11.461712776916,1.81546255343648,0.547200598477521,73.0655559292679,0.92491427931929,0.317016132305242
49.0321629761833,8.71839965544311,4.28208720034592,2.49668804663299,12.4035205983813,0.275575003266494,1.42361090262206,74.6894898842133,1.02203323587106,0.817074611627273
50.4206959586871,8.09637100777019,2.70146704247486,2.14473286033482,11.6500397782124,1.45957693689312,0.344490897452611,74.5777729968104,0.303313926793295,1.41898240492446
49.8611861068245,6.90435472567149,2.84313378286475,3.65744732494705,10.5938109935425,0.909629277871549,0.379315652748787,75.6818296904034,0.324736802351274,1.32430434416138
52.1695257924131,5.66964136367823,3.03430774551968,2.50901641697637,10.5851070567401,0.349100924812818,0.907726791210618,76.0094961857375,1.4191570693309,0.218463512945249
47.1569821049659,7.6346633650687,4.1058934153869,2.7172187955557,10.3319274356639,0.131062222281743,0.539986746666729,74.2738950350988,1.11160192248624,0.211378029145998
50.6452819295028,8.66886073212612,3.46048046274861,1.9721553071952,10.4362614391842,0.750052931919146,0.0443471100607822,75.806108868375,1.39026224604423,0.497801281657139
49.1786782929194,8.31905529591832,2.55494349720777,3.01519900561093,10.5633160605045,0.905630061496544,0.461384980539109,76.4243231096688,2.78292669523033,2.49606066984635
49.7137708304219,7.63583361021459,1.98801538941553,1.18806364309637,12.0228807495983,0.378641581339022,2.48283979238647,74.2158559951574,1.06441586369409,0.137303620665745
48.911199016124,8.05006535632759,4.0592971629786,0.149871784283228,8.47164036730191,0.296491243786537,1.47366867960603,74.3475956335007,0.607381157385307,0.820948405619802
50.5784004888553,8.15599060190004,2.45603654962512,4.68010634326583,10.0981541715897,1.39089194048916,0.314597072827623,75.6507783631537,1.81063311057562,2.90236182167893
51.3554177692818,7.24758947380508,3.99701207243779,3.5572616974227,10.6671192806333,1.1252354794411,0.64491762233132,75.1830479699439,3.09171400324612,0.899025114671192
50.4891122006033,8.05455507893137,3.57307091558139,3.43472863406044,9.5167415962468,0.404728290862903,0.240017759317392,75.5487749604443,0.0826768217963078,0.359840703821394
49.0881434756434,8.11226854696816,4.22177101494312,0.563491734197006,12.4191006101055,1.24916088318128,1.92877470094798,76.4046842945476,2.77473471509539,0.335230564725938
51.6144774688425,7.27716853955176,4.59417150104969,3.47712911702719,10.5660516989881,0.845891813250164,0.892679118416953,75.3870831195764,0.774643568004988,1.48545997890488
49.8362733344145,8.19819556381453,2.07670561050239,3.31981427057805,9.68308186878641,0.553335935312443,0.101505236840661,76.0517012701754,1.93843019889679,0.624397128330227
50.1787387017818,8.3105603138377,4.52230365754448,2.72234495860005,9.90838621318933,0.588668125328032,1.48223456781802,75.6229054623372,0.290289678823761,0.438123636450217
49.9507613711709,8.52632360170575,4.18781507892093,3.62503876265375,11.6723951625134,0.712813535631703,0.466629611277108,75.4336203898089,0.911470754698125,0.656082765871541
49.7841992764196,8.71104652201967,3.19254511033907,3.9205690307062,12.6690093405041,1.28295385072071,0.520678499291418,75.3860844381844,0.613957979642262,1.09049664713922
50.0809770830406,8.41031061325937,3.48025094442963,2.67783640081305,10.6757314961878,1.48359540783357,1.06119245421179,76.2913233044581,0.213879300626504,2.59850877114583
48.9694472634161,8.30139892719201,3.98839838570164,4.74533707765883,10.9070288073763,1.60086933974953,2.12414281017881,73.9977401262893,0.279606175377506,0.911434887861116
51.1532113023229,7.90456990353774,4.16050081035408,3.78836269949981,9.8514649399449,0.329963642004503,1.03446829813283,73.8948172708425,1.41283433584425,2.08079949615152
50.6463288849386,8.4487603052257,1.78595667268547,4.02438538128579,12.1166447107292,0.427942731433407,0.792000371138929,75.5919460033972,0.1985418530285,1.63075411565057
50.0788285553783,6.73075495788877,4.95885698110729,2.48488238516736,11.522656926346,0.433972905171254,0.0562431284170579,74.8803103358669,1.6376824944408,0.886360104493859
50.9454057298525,8.65427019304147,2.09210451663605,2.6688771443385,8.47074653714247,1.01642691675298,1.16839853086953,75.074005211685,0.204110751170172,0.532902002890598
48.7778512092774,7.46509062536956,1.4188358807311,1.8774145775461,10.1547674541825,0.670321698998008,0.470570534890386,75.7412773771714,0.939790605536274,0.47888268244748
51.0851289636054,10.3375288226827,4.45423938565031,3.20736908548036,10.5658825056585,0.169460450959366,1.05314902448089,75.7532950478491,1.01645571635144,0.510129546861526
50.2120018735276,7.40366194107511,1.98840774554679,3.06401143438051,9.69183932661948,0.0742175438961854,0.556647231506246,74.7373294966382,1.01656781747743,1.04715443276153
50.5032210269115,5.11237017095112,3.27585686596733,2.89128355394166,10.5267758243978,0.362081193428197,0.565406494200962,74.6874561310029,1.29210152086908,2.30019867766682
49.544288005922,9.3720853008714,2.15347110448858,2.11931257113425,9.66655884573581,1.13637426219254,2.96505553200281,75.0735986090079,0.768742058011194,3.29307897383109
49.2177064134588,7.40134761832116,1.70541569065231,2.56803050486902,11.1593079537306,1.2710088478141,0.616347307891899,76.0630177892947,1.36785920994706,2.54758105898377
49.4537969496295,8.5929509178596,3.0578860039495,4.78511178276459,11.1356447638651,1.07647489441589,0.770906323349044,75.426020486679,1.67657868146766,0.866849035671056
51.0362530462752,8.22574206980329,4.14711202449893,1.87084064289477,11.6109843531394,0.142889697415977,1.40505309362219,76.4330075108232,0.175038728955884,0.756527395557637
51.0907766550326,9.09631206213814,3.81589938011769,2.3939097673738,11.2164561359336,1.08616962823527,1.65059284411588,74.99236312958,0.0781074138171988,0.611220135928257
51.5548723981067,7.09673397607667,2.85752618368081,1.39656744618754,12.3941140388539,1.23087566315447,0.589275515340676,76.1256676052208,1.88783783187804,1.08920722307329
49.9380027945046,6.81093840875207,3.48424295292918,1.55927093242407,10.4138621227119,0.522941052605681,0.143256141429252,75.8830023110173,1.26792804577932,1.84501300406744
49.2439435572465,9.06496900017888,3.40130485250249,2.51323479856481,8.64669663256357,0.660607650028503,0.534215948130013,75.6120834609001,0.0368299769131248,1.96252796848427
51.4724661737526,7.04143253249406,3.47647551143855,2.40871269821292,10.8256592130799,1.73212798487339,2.53975599193716,75.4147007067785,0.857462079357455,1.68430942941646
48.4480551049015,6.46630588212685,3.0539617048068,2.18309843576743,11.4498488450255,0.1935158344016,1.08273900817583,74.7201176028575,1.21777376538123,0.395274349799468
49.8411146217108,8.77796949500986,3.86094990261034,2.02615569046712,10.3987644004872,1.84401532568501,1.44447707255807,74.8909624908308,0.679627862431758,1.84964304563336
50.603257019789,7.93474172440963,2.41729748900858,2.60337307678103,12.2008764776329,0.286808504787071,2.02345912865025,75.2293954957085,2.27786402105219,0.553442783572778
48.8377152609204,10.2782042243889,3.87751739577456,3.93402054312043,11.8947686786861,0.0131878217560127,1.14050266091508,75.0488888906793,0.395939346563659,1.17480270016126
48.4399042162091,8.34360962263468,3.16059229552084,2.44219881447332,11.3374932989212,0.494253856182433,0.566428228162475,75.9432244683862,0.121545975036414,1.07455117717373
50.4891855856134,7.6469072596387,3.16440140797176,1.5167961363769,10.8697747577746,1.09001972884285,0.582136378889901,74.8906828768136,0.874911714034054,1.42816676497051
51.6210505074768,7.37281545010515,4.2058040936338,1.73094819549931,10.2484993668062,0.492784354744276,0.450210280206597,74.9296230784122,0.120927829212693,1.02467498282614
49.2852634715614,9.68460867330367,3.07242817798187,0.795652350928868,10.6230566322181,0.200507220547859,0.85655948095525,74.5156809124343,1.21340037407906,0.667475097585663
49.3133125628333,6.78507211576851,2.51464974846242,1.08948367778193,11.2691778476699,0.418375721209221,0.0961330669629835,74.8616636714567,1.3044354644497,1.73649596477344
49.0583962338819,8.61696204531091,2.29696165848776,2.05257981723703,11.7677967882477,1.84193110113798,0.877011251660008,74.9312343576962,0.402691661230121,1.38602656834968
51.4847259990039,8.56168001524634,4.16903274336469,1.82358453876562,10.5038853431857,0.191488318127555,0.331356024820741,72.6862642261006,0.776692157749727,0.734348374721778
49.2920648056294,7.42719406836042,1.16671262266095,1.65097388939888,10.0717467415764,1.15596621753903,0.800146875274757,73.6351683027857,0.918220727459088,1.11814451104668
49.1625561935737,9.53571787982434,3.08308442643698,4.78924365380742,13.2756058618661,0.530740225467913,1.70683742066645,74.927513090048,0.192997365655317,1.13403864536846
49.1959700106305,7.25234453553156,3.68145638764566,4.5511310826985,11.3185571703497,1.38832772226123,1.1092061136538,74.7347162251355,1.19738050054984,1.221019468561
49.4120960103309,7.98052814214396,2.12503959184809,5.36440930061295,9.89639679466255,1.18598243397446,1.63374967645111,73.7991306717926,1.55820517465692,2.64084616597749
49.4022820580505,8.38762840391646,3.50696295872373,3.57649590154134,11.7309790563433,1.34564674635559,0.490868761802617,73.008461823957,1.48632515873255,0.780949621066524
50.6064474745602,10.3231259734654,4.17024001893424,2.63875145516074,10.8616864978979,1.35604494502548,0.654792784472597,74.6456307800866,0.253779824760103,1.16806538388466
50.3017281127208,8.61515223831476,1.67557141269009,1.75673930554938,11.6267892485216,1.03858076137427,1.21725030272206,75.6534957656943,0.794394847980585,2.16838387306909
50.4747482540249,9.73154802913209,2.61278604114362,1.69923373786379,10.8517969525608,0.704159680018443,0.468004867733284,76.7732386319276,0.513566048164992,2.05418102337692
49.3697997101171,7.27143737679782,5.26226244398383,2.30312605252922,10.7415709487548,2.33006733460683,2.16581433705846,74.9615432062907,1.28674903709606,2.14526311038036
50.7245143100716,6.25455969321648,2.84537557852727,4.08052092659645,10.8906116207123,0.219514772955581,0.434808010985262,76.4931848406277,0.733369970155182,0.422531998940443
46.9568651574224,8.8893567851826,2.53390554007118,3.46647056233911,11.2127807970525,1.15280244242056,0.76451870850584,75.083022157636,0.22936038176139,3.00248273029283
51.1277021713672,6.37153100031388,2.64228143824981,3.68950019727232,10.1899142684561,0.843393730979936,0.751832330355081,75.1155321042596,1.21882813653178,1.06670087093018
50.1998463833434,6.65778963610543,3.06568060042009,2.61287857226339,10.1446367697269,1.25701222518802,0.721670301966854,75.3248253133488,0.788365162819368,2.86685184470686
49.5948978137116,8.61077020223833,3.68591988625316,1.24636365707409,10.6152207938606,0.427969882829486,0.389575416356532,74.1294227547391,0.0459350272121561,0.350902686030712
50.4755274992456,7.94422337333136,2.79633273308459,3.12640267177958,10.9713014316371,0.0517007034839976,1.0499367871462,74.9482817871051,0.63111493441816,1.02098358635424
48.7768779160635,8.84701928165966,3.70171959916755,2.5853880279355,10.4826235447306,0.771960844365645,0.431164491897463,75.9084476987922,1.04751335797759,2.24991457096922
49.3672864454117,9.43317474126775,4.20195274727546,2.49604169285067,11.1169845624579,0.907814830703413,0.689364188223223,74.2502742131478,0.756283344862047,0.284757812777204
50.1091716176797,8.9127448826606,3.83618151222012,4.98417322839228,9.698264587398,0.514667710316135,0.0545686381132461,74.678393930112,0.258010207949479,0.247311031782258
48.4374434158639,8.3823299811069,4.24982570129541,3.66969128321855,9.36904154713262,0.731440665026446,0.54267589615222,73.8522292495407,1.25520220506419,0.0614612963931062
49.9597545671852,8.55201861362863,2.69911766481145,2.57159379631268,12.6920106325081,1.11135193369078,1.85674782035705,75.3543521964494,1.55293622555862,0.0525132793387366
49.9636700702813,8.14482665183812,3.37725860693599,0.896553580476681,11.1978771130603,0.0761838904624631,2.18745413986454,75.424799782389,0.676274556543337,0.562840466819601
49.7210744185081,9.70839228572527,4.16428859150136,2.51335852927624,10.4029718666054,1.83967765719806,0.919481462544746,75.6483473512241,0.544104662462187,1.33117917295898
48.7068705506206,8.05238938245209,3.55495788323479,3.79038892010019,10.5200421515096,2.90076027074659,0.981591622693148,73.7801899684831,0.324374919220162,1.01421049792072
51.1668008061453,8.80714383193564,3.71269503384139,3.17282099271425,11.5851185310436,2.17720532873484,0.356355116360555,75.1072350347548,2.56141584630279,1.21198043337229
48.5146259528873,7.05988371980749,3.55086067972009,3.07210736801552,10.5896791857706,0.245582149292432,0.648053084053034,74.0559423083502,0.676315532135793,2.23667504641657
48.5228795896802,8.03924223684727,3.68291685066956,3.84509363912809,10.9921149638767,1.12288726903245,0.804545861101792,74.999615351284,0.241705971300056,3.03757401824044
49.4173596437331,6.00237267181591,3.47532707162818,2.63099001278518,10.5352743739015,0.754197957109595,0.889933728895764,76.3426239200061,2.10791780219725,2.30117599220059
51.5493037909123,8.13872960168305,2.40060900178908,2.45419797478324,10.2986089420632,1.58027322060407,0.064446417706255,74.4964747130657,1.16528176503053,1.75677476379596
50.106882930765,6.51172323386029,3.67399933107248,2.54603386633103,11.4021898135203,1.47810669793567,0.934678773100549,75.7166833209388,0.322326799389435,0.72673039911433
50.2595667287528,7.86712561557169,3.04463327765072,3.5345129274607,10.9414945583501,0.529746774711743,0.254018660845498,74.2503314159163,0.606294044843098,0.398493291993218
49.7840112981127,7.75988312571635,4.93577886180154,2.53065186903568,12.1018126669703,0.413148510743412,0.061615734836447,74.5214717895497,0.676872458861614,0.647953543417383
50.2708474116511,8.97201927759175,2.97040983038712,3.56030114243906,9.67460314232526,0.833744634877637,0.380888623197954,75.4387217505866,1.22150678044862,1.70352390275689
50.6331892474039,7.35776854911526,3.65215139607186,1.5718163806414,10.6646925939506,1.32608134537685,0.233095089366293,74.3208877295421,0.205847590679543,0.894328665996226
50.7074693315146,7.33582155685251,1.52673867590382,1.52893497861798,10.5910110511802,1.57293166385546,1.69457820784237,73.2970351648546,1.61458879448256,0.258648628060172
51.370681468392,6.02698628917502,2.84112123929881,2.92738360830644,9.72513766608633,1.51639197893896,0.809208082437128,76.2651684352133,0.521516042869578,2.68443570809411
49.2219438659224,8.62038170075029,2.67154735111726,3.56038315798803,11.7978587262583,0.267975491966489,1.03249142615322,75.3603572378799,0.808442720443067,1.91139129179596
49.8418864551026,9.08867161825065,4.73170354306709,2.39234708397779,10.6926002509259,0.612605056199986,0.640853585800776,74.4163605594399,0.828986177553814,1.23743027249103
50.4135386632076,7.77392276105236,3.3489140490648,2.22257865508196,9.41444200956853,1.31251977795928,2.09682170962802,73.0059212126694,1.14229702418652,2.21810861032581
50.8250757253286,9.48023793951334,3.64495627465651,0.0393761669088946,10.2078593726058,1.20493269772782,0.759370441160762,76.9022097713993,0.317080057660774,0.338774287234972
49.6669777512233,7.59024394455841,3.80029691204903,3.17432087422096,9.69466643935391,1.52811156576943,0.256281403403253,78.3903708212715,1.1898179218205,1.6608202977898
50.6507739654104,6.99767795801602,2.96888852073534,1.89714502125718,11.8390885126144,1.03585068882504,0.909046645446821,75.2074804073555,0.132293578442915,0.477087623686578
49.4515473170625,8.22914539927375,3.80071514168405,3.20257490618307,13.3429044568621,0.359124446011313,1.47043402984488,75.8498066475112,0.191892102212813,1.68374552185071
49.6585235473315,8.68628453949449,5.00662404051982,4.2272117229534,10.1262841808636,2.26771674994935,0.783677138301561,76.2245603120742,0.031647424873494,0.939178045339926
51.0121437662515,6.50647962735776,4.1169927099568,2.30408095407267,10.7077699918982,0.329853375636609,2.29010697003056,74.2981955664614,1.45261682424173,1.63296071303145
48.1172454981475,6.3643665983173,4.21440005820305,3.49672538155388,11.0797350342907,2.47903836149569,0.441969294821638,74.6488037704435,0.769615260414115,2.33551761505939
50.2215467407232,8.04641988090055,2.6654771742481,2.64745422670237,13.5089594190068,1.25140200508058,1.72117078064864,73.2728789633548,1.04203464635845,1.0072900903169
50.9259399916221,8.48043528712928,3.67904753927681,3.16860463571166,8.47099653632426,1.89031064508552,0.672261319088915,74.2634217677281,1.45432227197535,2.01755863695209
49.6552230182774,5.65551362564372,3.79334643671533,1.64420061472044,10.2860442643037,1.03060222629441,0.267577155433276,75.6224097828861,0.1973300913628,0.188434035147979
50.6248557297296,6.29381250045752,2.84489836990843,3.21782359492811,9.59720524277226,0.635347771900122,1.23492004662686,74.7092840107591,1.18945985279018,0.278395559563985
49.293503706259,8.30776993961502,3.61742054833593,4.10496154444897,10.5723751937631,0.312548068373215,0.500172218587191,74.7857884658169,1.91649060169196,2.51921771138818
50.1712074143634,8.88873445721672,5.47352809039938,4.59671185562111,10.524100782414,0.14148580980864,0.558659700082569,74.8874404484975,0.208225190890058,1.37738797302393
50.0097787569157,7.61906441056952,2.52546676803858,1.61261934514292,10.0701911939751,0.652892163723575,1.42785254511714,73.1363330175044,0.683878906352351,1.05222282043373
49.9714082818339,9.20042237058618,4.05294765120781,3.33368500835722,12.6341557175235,0.982074067985043,1.28167865415457,75.8376299342317,1.35106751939608,0.364037452082375
48.7242127358544,7.38621358237177,2.42617887024773,2.29197582923425,11.057065337065,0.666780787668904,1.97544111232424,73.5565071110646,0.418669777519803,0.799218984410879
49.8374119589293,7.83330418739193,3.85199676928044,3.32272062810372,13.193585374188,0.522028010906583,1.99899046430298,74.7914298375843,0.456214849382839,1.86577940433449
49.1860473319826,9.3497427411458,2.45817522425904,2.62153613754357,11.6236166262184,0.883485516942061,0.54331625591094,74.5614365379412,0.699086903336152,0.898116744284778
49.6403927185566,7.91844263742385,4.09035115168593,2.55196673439849,9.53468784974396,0.175627957402484,1.07230056219311,74.7814061831438,0.359398117298882,1.62418747202065
51.0242439952678,8.02587310208511,2.23156010120125,3.48209949673972,10.0465087849318,0.16406254366049,0.433639213354211,76.4599659447358,3.0848589992268,1.95900537778783
49.4334074179431,7.10012929293538,3.52047766470712,3.54620152673584,11.073038419163,0.755704701656024,0.474800021311716,74.4179400820846,0.0583901390923888,2.67105482886294
49.9672708389296,8.06701060439014,4.84131625877434,3.07907703778607,10.222101058915,1.54627147026801,1.52866273884668,74.2169024042881,0.464243556630038,1.05601673327496
50.1030236218311,7.3557344153008,3.27752591255056,3.26404938204628,11.1542896890776,0.746932368001524,1.46833964769877,73.4803460050561,1.04979186715352,0.948018093819101
49.8105339655876,6.20056048305771,3.39360240579636,3.17846041253329,11.5325726419582,0.616375766572652,0.249174603633478,74.1943019183887,0.373981365226005,0.75323735914227
50.806090490557,7.02950812796079,4.90419031178976,3.07837400155299,11.2211222766511,0.0409186147749165,0.213363545524434,73.8338152926323,0.243567387027114,1.09932759408783
49.9575521761605,7.76135090941081,5.53629655316149,2.89123016010695,10.6653871658292,0.452226136097593,0.376163570997166,75.4079461962483,1.44530566396331,0.428149942104437
50.1548982256635,8.16363174597714,5.98310511270667,3.71561022576483,10.1564610661374,0.386782855701297,0.939543659904915,74.1369957539921,2.0155453232072,0.0259904171959088
49.1097187995171,9.06803589634442,3.10637467556958,3.50989929225534,9.51067931083584,0.349297352352749,0.959075164433773,75.3040420350281,0.370306028950165,0.82009376895246
49.617740923787,8.03853422682204,2.44486340934097,3.59393283857202,11.1408948985983,1.2189517717066,2.02932544155136,74.8535725121521,0.962267345403066,2.01494317274366
49.3529955679752,7.87259327567082,4.1511543424175,3.9069684984941,11.7223356740929,1.68169877264844,2.06981228187286,73.5664378200892,0.30258750149737,0.992748488688582
50.4742782920255,9.10613338969307,3.93559544425684,3.34933733301455,10.7203305902548,0.825964082145297,2.87347291299472,74.2093922142773,1.41645521770216,0.572720712794571
51.1515289232923,10.4150563930586,4.78520823436664,2.64700167130533,11.5536176527245,0.416776375554431,0.144966459761172,75.8851124550577,0.756167394259853,1.11663728358271
49.5393685063037,7.9145622503688,3.6502133676837,1.71052957675474,13.027529683524,1.8637866037459,1.36110248709489,75.9030760859546,2.72086022399448,0.106792429945047
47.7847376151543,9.17798559053758,3.66081935944896,2.31196754619841,12.7338212819577,1.32459168336912,0.592497216290279,77.0055732743006,0.203531247788338,1.33390294249923
49.1544872274859,8.48618286487987,5.01375863443316,1.93004508269921,10.3050945232239,1.44238227458466,2.07431379971599,74.9964196916002,1.05884941443809,1.41142992061573
49.0657241053263,7.92395402162636,3.66199076997497,2.50149141302475,11.3467118413951,0.474229433057182,1.15414393256938,73.5041731860179,0.0490821728069303,0.966963840724008
51.1807547872577,6.07911495004903,4.18223512694434,2.27470542735961,10.0977893622539,0.277127993414343,0.803663965116151,74.2315829729848,0.546708484145002,1.46589819376003
50.1429936839577,7.03244725449697,3.98451754499858,2.60331418412305,11.4898134239016,0.601947097993507,1.19913645176587,75.4084885048402,2.02362120768023,3.57145814586664
51.5647374593981,7.44325606769898,3.45552807960855,1.77610008172575,10.7416368599233,1.10469065623758,1.68295568079775,76.9001363348947,1.31120967677132,0.7947007425318
50.4009041275454,6.88979281625654,2.96518883676972,2.17769788342605,11.0775875780666,1.49991460664112,0.249146384953144,75.1100091234397,0.542458432045787,1.65119328158767
48.4524427792877,6.83875006039358,3.16245215647758,3.15558715707793,9.9409853855908,2.28946914995693,0.803490084715026,76.1403868251285,0.98948352398816,1.27376649103655
50.4949106182584,7.58707451504994,1.55147303187699,3.01360595350262,12.0053779158326,0.190929595862729,0.398203335086669,75.7680813046923,0.466037744672114,2.02467323481835
49.2521461051493,8.9518894344804,4.77845501649895,2.39593031842786,10.7158200335231,0.315564748151482,0.473221840207697,73.8319083778827,0.236715067770706,1.81765944637409
50.0006033593904,7.07981947349848,1.90488917079195,3.81282233205102,10.3540800420449,0.800858665610429,1.65920687266615,74.8288873477351,2.95302611346059,0.790206828771491
49.8983466288752,8.11817511796098,2.90929951669027,1.15887055866693,10.7233786273848,3.72210418529039,0.567396032263996,76.3052615363477,1.46022757421841,1.37816777220851
49.8559418573703,7.79700720464024,3.12966895427025,3.28275860856041,10.8763983799959,0.271384154916296,0.0423563726815551,75.8760961095959,1.53105465184602,0.0545911688761072
49.6686309432661,8.79309979915499,4.70552835668786,4.36983056712062,12.4368640116938,1.84568121778476,2.08811992838316,75.4637961415678,0.127234257233921,1.85692301089932
51.9212081546132,8.038436841476,3.55785070424817,2.39215224175138,9.68927601166625,0.456901790414907,1.95866576877003,75.4771142453769,2.06599089998742,0.538961661115646
51.5098548579768,7.83183700818198,4.44422528937676,3.18758491804085,13.258991203491,0.221456762236122,1.76321454390236,74.5085946997906,0.739200639973405,3.41677335378821
49.1107156019288,7.41581059101441,3.20576815050743,2.24171199667572,10.026687613537,0.0104171222075563,2.26152394534788,73.6806146866558,0.543623234662747,0.651048895688187
50.1986802070476,8.89189866651783,5.17136844844011,2.77798496375991,10.9746433749601,0.488755372282397,0.804030979829896,76.2954257908313,0.699550941702751,0.536012757033985
51.1513646799539,9.13933307604847,3.98699781835688,3.6156034621224,8.74185863525075,2.34178447087543,0.0181163131302251,73.5797805083331,1.30351642636167,1.82537986275924
51.1025255706707,8.0194424834681,4.04729421736808,1.88598551860644,10.1455394696703,1.00184672056344,1.15520406186342,74.0611040802942,1.88377948873809,1.51013254687866
49.1046169539367,11.2717827509415,4.37753098396904,2.24517920225086,11.5317733641287,1.18732912321528,1.65872312582593,75.6289649925198,2.35072100640115,0.410518961485
51.4098008988475,7.99700678782654,2.01776774727105,3.33222334738485,11.305233058579,1.53873579243226,3.01363327147105,73.7378054506104,1.19760065758952,0.00321925779247767
49.2954042029641,10.9238239501318,3.48947598759905,3.21570968972446,11.2105722217525,2.771741512886,1.36498233271119,74.4481295867272,2.24326625457782,1.1444757047107
50.1266425332684,7.86612047793471,3.71442424854363,3.60685918181231,10.3332346964673,1.47561884207953,0.873235703066817,73.8172004932175,1.64642390866165,0.985692586833087
50.1687558037934,6.42929293783321,2.73327075166322,4.05274819689651,8.95642753394217,0.727111352951934,1.25479458286965,75.6206635577289,0.268125088175985,0.79028123726406
48.0800088754462,6.57523341982923,3.5121705199651,3.56985274178152,9.72717537294058,0.333511335466146,0.545401344639617,75.4463130166381,0.8770372382847,1.03455106713385
49.8666925797663,7.1285300569122,2.77865966915163,1.72236739278681,10.570171234676,0.889455113591825,0.957822248485112,75.4218846932737,0.571994211475933,1.19023031569246
47.8996134269801,9.47840798244259,3.71974742967961,2.95378136654396,11.4216371749907,2.14854676989379,1.34150089208624,75.4424647721456,0.214797830599006,1.17472639698184
48.0336614958182,9.70332330212618,1.71517177677812,2.40091257975104,11.6374454813897,1.99073392779261,0.17908574126392,75.5572457463789,1.62096370834882,0.0550170426026815
50.3205154324172,8.39760859296134,3.7844095886735,2.79414250188721,10.4971119508461,0.206276125717592,1.10586149883051,75.6393564919705,0.94128414348235,1.47613327830263
50.341243420634,8.3084952925681,2.86372650647139,3.71736235538914,10.6484474655876,1.09497067770602,1.50755170601785,73.0313384433258,0.85735733162533,2.37857013695924
50.9743347006994,7.46304470736196,4.43933989741191,3.07615544386934,10.6371484774763,1.88161785314391,1.88395701047459,74.8511836386401,0.638131039687205,1.45623640317981
50.3795461982194,7.3233244036321,1.52688950184676,2.95518836020889,10.8578455329557,0.188167305419529,0.957863797385569,75.1124638125519,0.204513230334117,0.135588470374343
49.3262307043859,7.28209689784036,3.54251330930585,2.67988525460222,12.3371448855862,0.565032351337779,1.68174184817912,75.7246762026478,0.364606013753569,0.564354530308095
49.1992729258962,7.12945000509903,3.27909035753754,3.19701850485698,10.0732874719096,1.05025617952445,0.156981356946019,73.8125139239947,0.795295870013499,1.34610361955361
50.8045545067922,7.46007755015167,4.4405236131284,1.62137481144185,10.5952372804476,0.925879221817624,0.689019473848961,74.5003998101841,0.590507630466559,0.352954368681731
51.4510356487577,7.37731023204136,1.91998889118719,2.37845197599288,10.878726292443,0.0743152495881034,1.91432066591943,73.9263570092488,0.962041390099052,1.15764633501528
50.7987937110246,8.52853744956257,2.95126898493503,4.41657603604283,9.46173410681494,1.43081561000659,1.74625997326498,76.0572402127097,0.716416411933542,1.88425082002821
50.2169247893797,8.77081867169404,4.21186151736188,3.4161228432977,9.87897076479705,1.24563552824247,0.357416732294996,76.2790725832093,2.22853045813536,0.170522388375482
49.9310028037176,9.60318075443505,4.1128736225985,1.8382059732352,11.0002619486091,0.411550704078509,1.35954070623834,75.7876767253592,0.860591349478104,0.426439729231717
51.6284169621075,5.55137864637078,3.85633410759892,1.57144334065073,11.2270691277391,0.522380910859003,0.260325741423062,73.777596617423,0.30100361225327,2.50390060900454
47.5083130185777,8.49511968189925,3.78857030726888,1.84066974641071,11.9400902093803,1.33333359556859,0.448968420947956,75.4519521167366,0.641045932501223,0.225855070394595
50.9929091009688,7.68153152171073,1.83145828597238,3.3801568565633,10.3342940435615,2.127519655915,0.506276766239128,76.1504491863809,0.0475468007720439,1.8457315401893
49.832304718047,7.7336093974497,4.35106219717854,3.23315896458261,12.2539006212344,2.08051749338936,0.319259945495996,75.1679409807365,0.771147959759657,0.260682878818775
48.8728988203568,6.35829589006175,3.71577606345008,2.23141769685888,9.93544378268047,1.57263456679534,1.33409873649724,74.433890667104,0.6435327187603,0.645457596926022
50.8366620404007,7.96712194519411,1.68529291470312,2.43131565910107,9.20371692049774,0.216864931347728,2.13732753549595,73.9138817593886,0.614114172661474,0.926443980863522
49.0197213535166,7.22399289450931,3.32654866984789,3.77822806952561,8.85398655444801,0.168653080509451,0.144228937221098,74.3346972044398,0.39131387881947,0.168651424424356
50.3440059882298,8.35575942824793,4.453767761272,2.49292639003398,11.9040502749406,0.112315243414099,0.567341547644271,75.7148483559493,0.699593684739564,0.365251735091091
50.1855345611776,6.88719081580714,4.20378758447782,2.74159072015483,11.1048721113055,0.288302131012497,2.2367573491655,74.5683388996181,2.03905190875156,0.971158447071686
50.1411996129953,11.4459919781998,2.86871504959742,3.15253374715868,10.6695781100515,1.40918562125338,0.270958029473462,75.2276149399401,1.48461700867092,1.67069596873393
48.1479025972206,7.21790113299201,4.40759176820985,2.61767236949111,10.5063866129881,0.956396753535657,2.0040381706071,76.2949457956703,0.224567473618094,0.650546543425109
50.1624200180987,7.71779668866796,3.10303667426635,2.0649735955972,12.3862554554068,1.1563605863048,1.11398378644793,75.5783349404695,1.22592290164749,0.650245760788732
49.5068210371688,6.77123380868844,3.88195896545347,2.38705872484359,12.0011455040592,1.16058762981445,0.286468011111257,76.3646727814735,0.351431647243711,1.75640643854548
49.2962149334626,7.6748270034362,4.42853270114265,1.71899956480132,9.79626028880075,0.677165906265648,0.398538406003926,73.2984201973396,0.701313651718405,0.461190840022408
48.8163792936515,10.1342546054083,3.89057608876817,3.26931261600767,9.40898301718378,0.849938747281039,2.02081681358485,74.7193237202862,0.660361490736558,1.22729192167294
48.8613018179661,7.61310791706866,2.84729745125284,4.13204012251754,11.8852958809299,1.60747434203529,3.04799800701523,75.0650680194922,2.97544976372339,1.49222857006443
49.1543965314691,8.61020385781905,4.31998236681457,3.0442626358691,11.3606118060173,0.116447225812107,0.439782541403543,75.5785892916085,0.785288810587224,1.26783501533168
51.246990408075,7.06022022486409,4.97743008578332,3.61272922619384,10.2890190149103,0.727561151696684,1.63102518166676,73.830793378471,0.500919859012857,1.65325767947138
50.6951650118898,9.53836358801599,2.57080356620737,2.14886497506567,11.1964519655711,2.16178591517648,0.505852161630367,75.8061848554473,1.37997728796762,0.87729133902262
50.274832480308,8.4683515981661,3.31780566681402,2.65969122373643,8.77676889608864,1.31286872832228,0.741807459220448,75.3073900761623,0.989835922958758,0.58632348640788
51.7164852726498,7.28336697230115,4.5036584716744,2.66388784340639,10.1348585270666,0.555444277981978,1.8222367014564,75.2638060136047,1.4966084717214,1.64314895202898
51.6120811973651,8.23043894486202,2.64800811187129,1.36935937490079,11.2350072055261,0.380306847218224,0.813674518441066,75.508484791605,1.84566224110115,0.907058981520528
50.9029607681008,7.61313630868623,1.78062419703682,2.88889294253109,10.727088360976,0.875396078648851,0.251365353860758,74.883641560123,1.52514525183712,1.43028469635999
48.8165580137582,8.50870846650783,3.00530096469523,3.27923725896901,9.51811235588467,1.03083922141425,0.129591125257139,75.9255460984991,0.81276949719403,1.53539884086815
51.4330800239094,7.19060340265534,4.56648977745833,3.4834064555388,11.815266130677,0.379310768699607,1.28613525529887,75.6482297737315,1.99336995138365,0.444721648686748
49.7978733645156,8.46321585968337,2.13815236725654,4.1156540407747,11.963059339202,0.912328687949986,1.7359473318599,74.8497906258323,0.014015863042303,2.77950290977515
49.7573287020825,9.58317836100403,3.25169616939924,1.3273505632225,9.859960161543,0.0694475831356808,1.69524438184847,76.0403770193407,0.187849467918051,1.28642441962882
50.2375401195957,9.26276162796841,4.46193007814863,3.41765145902061,10.614533370877,0.139514013344115,0.96715009883224,75.2925586849462,0.363462777795259,1.12631585845889
50.0629377155423,8.30499251278502,3.54692745427183,3.5170740728326,11.5306139394602,0.497418715582981,0.621931062818382,75.6687513994395,0.765018751433036,2.27226677946852
49.5061199464451,8.33367663481421,4.06691905433502,2.58997419197522,11.6637248427187,2.32288518113168,0.40964102240804,74.4058223583758,1.06515987574597,0.281533778680741
50.6848694750416,8.42150300893867,5.12398016004902,3.40245933274862,10.2712523853651,0.0232294695620039,1.89306948602434,76.5804318369859,1.71782088371148,0.549661376075288
49.5179575095691,8.89837975564265,4.40077121145515,1.3854675252583,9.9214601604319,0.776264405138691,0.788849315056629,74.99601105565,0.304512409555008,3.39745248004976
49.4352048326483,8.38592714686162,4.09119065147262,3.01439467394077,11.1450754068454,0.005398341626911,0.701939134905212,75.8478427688935,0.596278045472469,1.01112918722089
49.7457065924953,8.6060901173083,3.99098640818382,0.329088191391714,8.88398178197033,0.540227849043919,1.2981358088586,74.8998834741073,2.88799787722146,2.63356842140831
49.2403171287431,8.63781152752278,2.34158339636341,3.11205830314547,9.84992241065164,1.3359478978686,0.227014556190432,74.7203700930194,0.831098928114991,0.438506644914523
50.1536820063603,8.22779384371125,4.33919689343988,4.40156345500434,11.5735871270574,0.350628679652747,0.404101143933624,75.78443824528,0.588753109329833,0.809483197957099
49.9027465015861,8.72044942408069,4.04210662187202,4.34198702770824,9.0962015944857,3.43520918962219,1.77758441380777,73.4153833554088,0.942243125283449,1.37842390363683
49.7040994236288,8.05783935672463,3.90362073427232,0.140330620264104,9.59922287321736,0.792562937827215,1.28347362097985,75.478366147794,0.402856047622227,1.3000385452058
50.4637913815629,9.01128638626023,3.55720034377495,3.33502684268414,10.5592149363856,0.760253576078676,0.675496706752527,75.3935663729948,0.178673846833119,0.00563625951083679
48.1751690616169,7.57174862726726,2.22895211689885,2.45027900565302,10.4979264988628,0.633454788989139,1.23795636741088,72.3046706308755,0.388954170190626,1.01925927462537
50.2524419119294,8.19377094223722,3.65359375197673,2.77499194190354,9.04595524231272,2.54364554004006,0.777589624603721,75.3683773285333,0.175417641271167,0.0774206531119819
50.9012482544808,8.03246411185618,4.75495609521765,0.583866544286501,11.3093788418909,1.36392711040361,0.00168919628033015,72.831582252653,0.286815652442701,1.71270332524428
50.8804406898563,6.92584544585627,2.88828704015203,3.18504050117514,9.77854366291624,0.449009356252031,1.81092038385701,75.6598043768927,0.320773631820122,2.08477508986065
52.2317700988298,9.19882598973803,1.69915075252325,2.27327931225712,10.6419410625968,0.466189806610836,1.65104517544585,74.5460862666188,0.185495484600226,1.22498769648741
49.3601651696312,6.83756678659931,5.33802787018593,3.17388948889887,10.603427792999,0.338727760717444,1.17901419088083,74.3050631747651,1.76813264802863,2.23569346230014
49.0198963455088,9.30512922116238,2.93572206321373,2.60878179964338,11.4966287408312,0.0849893053373102,1.90137267282643,74.9931536968273,1.44908662655933,0.241044496808491
50.3260979759895,6.93153352428248,4.64035660065238,1.77456244462772,10.7340185402864,1.91494843097831,0.214792784052655,76.373052044984,0.0400248820569435,1.45476926898263
48.3147376049667,7.01791653441686,4.12405347047281,3.13319633610716,10.6656520144517,0.511018424229097,1.84370701857891,74.3646769227821,1.28591645453874,1.65990263814261
51.2106915719856,8.86088849107471,5.15773610024556,3.39506907131114,12.4547408440022,0.0571986226798255,0.431749799243894,75.5581032939488,0.444583428535954,0.800110171898567
48.9528864093726,7.91825507283207,3.45790941545269,2.85431928743073,11.1718948820203,1.49205947788027,1.02777567836292,75.3411578684219,0.0577605332405078,0.354886043140208
50.4385467757009,6.1548091606964,3.19955547182701,3.36710158743808,11.4235404626101,2.04518001902217,1.41327888962924,73.8204813708584,0.503638004228304,1.16532102124205
49.6621948115875,9.50342038213375,5.2322579791517,2.33598937126402,11.2748986268307,0.0054685159286848,0.0512118693600442,73.258977982666,0.262607275700815,1.43881870071445
47.6205236142562,5.51147256919616,5.65652982339948,4.08480081505999,11.3716346266452,0.255067455957626,0.295409076853395,73.0074142287609,2.40668069083189,1.8833028199487
50.2593448924031,7.30747397867967,3.81851888035125,2.44202771819434,12.135736467038,1.04528418672379,0.184902830354364,75.5512742114679,0.127732465581649,1.05233698390195
48.8969953172223,6.47966065672368,3.66984704552344,2.22034811015405,10.7428958390334,0.695155563464033,3.41608427602238,74.9652579384687,0.81394447023951,0.636379268059025
50.922301059108,7.43203249788604,4.24234949829106,3.84159278248064,11.0428439464224,1.10636647148478,0.726147069097579,76.8505717036106,0.258738242717487,2.43040234118818
47.548508990356,8.08868112913109,2.82746330959047,3.91488218107788,12.7696341328143,2.41419852577143,1.07280042311109,75.573675108263,0.605377581593414,2.04662884711155
49.8689961807751,7.66645922450977,3.99782615238744,3.48065563710108,10.2699616865705,0.639613445879036,0.25924645905905,75.8496958910826,0.556155707275326,1.43528894890768
48.9466029896333,7.42114585008969,2.51038799785929,3.0205066599261,12.0910089795362,0.419297732465757,0.35820935734539,76.3343835853349,0.63363361408987,1.71517840711106
51.1271659013142,7.83620414427077,3.2025203855877,4.3948859846481,10.1929218039277,1.18541446089446,1.97875466885731,74.499280902035,0.755587611628384,1.917174917641
49.2721653607713,8.26916541075801,4.29488353383167,1.7893591060865,12.5101396753202,0.650655470260038,0.261116330462609,75.5100979282285,1.22185825912421,1.66092279846568
50.9353405892082,7.144240417913,2.73704658982464,3.9377699929415,10.1337526202393,1.32776506153279,0.620136302760761,75.8687932702442,0.620711290970649,2.11027709663882
49.5317078961642,5.92514377334925,4.35086062363144,4.51439383448494,9.98562772328475,0.476028848579743,0.976962164141067,76.369351688003,0.710450080541646,0.515012403437675
50.1298210687682,7.07415413571204,4.00217905968609,2.85460957413673,11.8364026244495,1.14352271440111,0.168276254962123,75.7626511463264,1.02110844750449,1.2306168306312
51.4623528411944,6.09564220872582,4.93374253551606,3.3857220039454,11.7649315326129,0.863740707567892,2.55906415617703,75.4211471730373,1.35536563973041,0.704842199116423
49.3178306243569,8.63533873386609,5.66566298935473,3.40970219364264,11.3517108374601,0.713903658303392,0.828459612221173,74.1317759527288,1.18417087909434,1.87196495407874
51.8186183867407,9.87015838792933,2.92462424242946,3.99358200831037,11.0731885293403,0.183784012716316,2.61129297984563,75.7295603609577,2.69961936115445,0.651527551044389
50.9861583682473,6.85453806151872,3.89063883260337,1.94118957337923,11.0418598033419,0.490542575517528,0.248408111120821,75.5002658724183,0.556702987375728,1.51850376588825
51.2846013217668,7.11456455582949,5.05866378109588,3.69570619334897,12.8547607060465,0.286930792162972,1.95711964684949,75.6342502537069,0.446733527518001,0.609315021361021
47.7535994305997,7.12446609931283,3.69904542772655,1.09105293383107,9.36746550478191,1.07199494542291,1.39917741100747,75.4236450455723,0.496585834082436,0.0927872091015058
49.8314833684117,8.78839045634158,2.84618699868032,4.87690354539009,9.81366368294673,0.792342964020464,1.55608062142845,74.79816195529,0.469766230900301,2.21001051044026
48.5333833724843,8.03134468397419,2.50242919458476,2.22866024070455,9.52085987709391,1.39348376252113,1.47643126497687,74.923134101566,1.44847277533767,1.74090001127427
50.7592750359892,8.48894781594394,4.9004443032093,2.48380903451329,11.7607554903763,1.64089924315355,0.671216971560086,75.6873641132815,1.27112705864224,2.72426223915645
51.22277702923,8.7714698786912,6.09949170568404,3.05888517664979,10.5543580646661,1.52846402972786,0.168323878489628,75.1716315069245,0.322461033208797,1.0651539325793
49.3824646108584,8.24783460866914,2.45269971698909,1.54968793979633,10.6699915441032,0.375510823524652,0.793524845470222,74.169891425673,0.181067380566498,2.12500274582817
49.4882260577765,8.44783163813829,3.6105373040221,2.53710515676401,12.5833068183391,0.628156198057056,1.74383542879701,74.7098408801943,0.454736525057425,2.97541905401908
48.3784198070156,6.83743473477853,1.93193085438565,2.86148744046557,10.2209735472155,0.419665030087638,0.165999304028674,73.6808742758235,1.71120837326053,0.718517884961033
50.7909376353346,7.93821171789616,3.56967120631415,2.46003251182191,12.8227946012433,1.86965543651082,0.375874000946702,74.0329680973311,1.09869825452676,0.322951112755215
51.4615219552185,7.38389653543308,3.19282013524768,4.82629406134448,9.39055918635637,0.578523635091928,2.17134693497734,74.8553889298645,0.701483438938742,0.760648432861884
48.3000677842866,6.69517069637237,3.48794671374628,1.01323934904356,12.1178356130485,0.937291651045118,0.527347240851492,73.2018674436251,1.38605822106025,0.785958760014617
48.1874852547543,6.83101565697358,6.39485439080467,2.69461158435809,11.1231210025748,1.19138322286978,1.54779398071686,73.3114575254084,0.698490007090116,1.15168050450932
51.1441410974214,8.93760954771723,2.10131952154033,3.97884728859329,10.4113994800084,0.981819310693371,1.0487681892349,76.1025651994361,0.399513953576531,2.71230497731928
51.3485418572364,6.6994530129641,3.93211340170645,1.96383519553646,10.6271630966129,0.299396644807815,0.505814528556326,74.4233810757886,0.479873818674053,0.673856107494652
50.3715564550733,7.5956719732383,5.33265771671135,2.66104887819401,12.1389746677789,0.873361502856003,0.0678678421737813,73.1483082704485,0.0772536381748912,1.37300465580492
50.2422490323022,8.98256504922528,2.88897745658414,4.74328489677314,12.5038058723769,2.06938766954533,1.3832775103022,74.887136760571,0.546417178667962,0.772315935104469
49.3787414519018,8.32925949315139,2.68065728683981,0.932654402349612,9.12153217894866,1.99919609375684,0.848959432712127,76.3210692672215,2.70506198204569,1.02045070852503
50.3390380705538,8.65234723345439,3.54830946044581,1.99640213484192,14.2210946083571,0.243703106454541,2.02509827746748,75.6622542969346,0.724603671258237,1.31405766350626
49.5478598739683,8.33137935811481,4.80055136995643,1.60159143742195,13.3779426543778,0.710664861858056,0.00178396209158649,75.4413831983536,0.0945303600901955,2.32821469603699
52.0432332125259,7.85112466282696,3.15687515959501,3.42952138428992,10.2746781653444,0.754089144934241,1.11448769637948,76.1837459122798,0.116759449743733,1.12131837749078
49.5506623149243,5.80028242204045,2.47420872922166,1.93387147703942,10.7356180947931,0.0277533259687436,1.64782692647826,74.2284985588991,1.91239542683245,1.71284232003111
46.8626154720046,7.39116148510348,3.57054854179256,3.26780560296681,10.1364526444633,2.70824039746518,0.00862161843412845,75.729689191352,0.369484922890278,1.77886002978353
50.4999622090761,6.62169202993254,1.48218073188926,2.15419361779343,10.7069989114098,2.19800968551095,0.720340526822556,74.4129143842211,0.317913096224282,1.91477327085563
48.7428584103178,7.62191571413176,2.0245448790129,2.64747444034152,11.5398594382458,0.470745274716866,2.3190418138518,75.0007641863625,1.18713361432271,0.425605447815617
50.8227614281599,10.0541070731169,4.58646279809096,3.65621487937664,10.9033628149306,0.00753485469722648,0.349585947688805,77.2144653193401,0.6585905359484,2.62688121419468
48.4539039186476,8.13822540326389,3.95881557444238,2.93700375362853,10.9920069982043,0.666623297168402,2.14955532739698,75.9694343957093,2.05517581574201,0.619043260705987
49.7412192410117,7.28085372224665,1.32600357003603,0.859294546033649,12.2788076026964,2.8260518537637,0.497139649932446,75.7680077137172,1.07576241547425,0.894215832350248
50.3904073771241,8.88869244065548,4.11761625722293,2.26411253253878,8.59613152141915,0.814629724838474,1.52551123611624,73.8916720881818,0.674206609530354,2.40405026771417
49.8027297969202,8.49137292847469,1.19520464755108,3.51359509767663,10.3085569525982,0.106051090632883,0.846799211870998,74.2137640800053,0.854577809057738,2.29408390614558
48.0530505205281,7.91964993089422,3.05303128815489,4.66014831963883,10.9444172712629,1.77806733795125,0.13677153935145,77.2841164802616,0.186692856766932,0.0899918724112381
48.5723618265829,7.77236874947529,3.79949067695872,1.68517385502495,10.0168993626823,0.399585832858914,0.680008938889655,73.9066992360267,0.713228771994335,0.126928999582537
49.1495819577424,7.85451441676952,2.07152541327542,2.57137896391047,11.860966240287,1.42656419760645,0.676643663594508,75.2144793752851,0.310024802984337,0.358079059370614
51.6244690929779,7.9285799744247,4.76749748403291,2.71841012014512,10.354494357878,2.1408703022386,0.855164762454082,75.8925710596371,1.47051603677834,1.18184719261983
49.8733618386013,8.61953024464891,4.71450578994531,2.06743351263783,10.3708198462272,0.489829840378335,0.877446817034678,76.0187579723423,0.951100385703334,1.16484086791847
51.275602027478,8.12765667624688,2.82514406895723,1.41736717694424,11.9890118005299,2.15128094388337,1.13685602223155,76.0891120109192,0.122616697195916,1.36411468735506
50.1794961767158,7.37262335430202,4.62102190988245,4.63879660034406,11.6342940730615,1.34155143140925,0.139514434023289,74.8368710101148,0.150809322244601,1.55215771421856
69.6621379435057,13.9315759412347,5.27264707224727,4.01100039529738,15.5500025210642,0.718036702976975,1.38444783087156,84.3007718938559,0.757230632363688,1.50582612062638
69.8528678507816,11.383525347908,5.04145212257781,5.30799277841515,16.0144417092895,1.27918115223339,0.602472175941235,85.9964515296664,0.692697806184881,3.12759346616907
69.3263645662749,11.4374325209001,4.99511814759333,1.79738503966878,14.6833338731758,2.80225048050644,2.59749354722426,84.3072546464317,0.917207306329496,0.853050451415611
69.4313722236155,11.0100368750172,4.0237807713937,3.78744875885065,12.5077355970397,1.50187426694738,2.36281342990307,84.8965169531613,1.4591760307438,3.48101859708601
70.4708564917442,14.7312275964143,5.14405008424754,3.2308858449915,14.1030453593189,2.63234970040474,0.0487375348086443,85.6038660643187,0.614617533776471,2.9161912124584
71.3013367189007,11.2783337831645,5.4566192186952,3.12047527863848,13.9445249247622,0.75313044662005,2.17841082692889,84.3919550166405,1.21905538066375,2.33513101710475
70.0367091285509,13.3335049208039,5.03774993441228,2.8056184562984,14.5627892223103,0.627131758572412,2.06146847671117,85.08486612052,2.94537993067925,2.57467532847443
69.4051051803295,10.7799919431843,4.62902635457941,3.30645727621049,14.8090838480727,2.04748961195064,0.152592970235477,86.5779901987475,0.401972087514829,2.20361966188663
69.3347117045139,13.4017762958735,5.56514853046429,4.43689399181489,16.1944219720464,1.40539967006237,2.36889017974812,84.5363462562944,0.415992328923662,1.55295880797841
70.7161710207441,12.3322233765918,5.1216226428943,2.67792890038065,13.7769803367108,1.70103747498743,2.46575790352885,83.841472994103,1.43873752775598,1.65647407244458
69.5362758550958,11.1815260255682,5.83289463599959,3.18975341882502,14.5889906623421,0.764738708437581,1.4261831083165,85.7236856409779,0.585492454011498,1.39616420352919
68.4525597063649,12.3078171887601,3.97619006140148,3.92116032139351,14.4611832560335,0.852369674674079,1.69212436227725,84.2154593388167,0.163833231605356,3.23867251847222
70.0439291238352,13.13365063402,6.94717122293365,3.95265640736906,16.6290716406028,1.15010268044952,0.212615096271131,84.7315999744797,0.819538342350907,2.59949205330632
70.9102281133813,12.932778906369,3.95584591814686,5.24838156505926,13.70841530408,0.94355436493214,2.66411813793255,85.507799265824,0.693311869491304,1.89126624240373
70.4614054095173,12.2241013100948,4.50866507060814,3.19993846446001,13.65427159059,1.69144564883068,0.2063368085038,85.4613310039016,0.172849496967123,0.861143035247109
71.7096900483419,11.5821899995792,5.75069330348779,3.32346728247267,16.2395562511871,0.532051817709168,0.439441380670069,86.179449585564,0.992367468010023,2.31985533855835
72.4683776898627,10.3496686642544,5.38969761385951,1.71797622726677,15.2341473607128,0.0201854369889791,1.31157077528902,84.3206036665858,0.882013838236583,0.993451865970803
70.6249653962656,11.020612094484,3.51359382414346,4.81201547479091,14.6175075470507,2.3795855372078,0.903141817684016,84.6813884300337,1.89802839581992,1.14838795717002
69.8210775889421,10.8921746252525,4.36897811665854,4.23084034330682,14.4786322560858,0.1621437948078,2.48308408170103,84.3419807061355,1.20021883920504,4.03878604469939
71.2698876105827,12.6109104986409,5.72712461202541,4.49233373914685,12.6151044855635,1.18834427296732,0.0651332943587478,84.8373840197244,1.73641129245042,0.604017776415625
70.7466128015426,11.5722009915015,7.14944999847516,2.50049994597498,15.4712291732557,0.960809850014035,0.262243011911301,86.9893491197331,0.669674412565467,1.11700500259751
72.1201146560425,12.4930824482359,6.71291745793914,5.02370789097861,15.0580070486921,0.256298076359743,1.06326519229568,84.938948058903,1.4159187009857,1.41919387009977
70.346639842832,12.7702049091638,6.9541579949905,2.80649082317606,16.30391731155,3.32138011444996,1.36358707830839,84.9721900160817,0.352685215582301,1.40424431323486
69.8355317836945,12.8859164852841,6.14165526601341,5.00826341076935,14.7239043414812,0.991472416250799,3.72890073765466,85.5115258933011,0.446363093311361,0.874474618007159
70.8420200474058,13.8377015129799,5.48586452722185,3.4609182659702,16.2090495074194,1.71644111260158,0.500026680885578,83.7832466167265,0.674680941691612,1.81227451120665
70.221226598435,11.5976407340423,4.72189009185377,4.07790657412833,15.4524557851208,1.44314318233459,1.91674868817054,85.9536010270802,0.510263617196291,0.961957956848904
70.4050227446084,11.6802427155544,5.67362771162092,3.6479448529194,15.9410500158801,0.519707180797243,1.68957927495852,84.9416359548098,0.605584484725092,3.34246054657364
71.3454264077044,11.3112827929707,4.3862798427362,2.65752574700051,13.4040258525679,1.75936046537701,1.90273386310226,84.2950538279215,0.309338775434623,2.12351292528639
68.7297278027864,13.3210802701654,2.99684413590855,3.33919641546676,16.1917127323216,0.1216920662398,0.469046160942715,85.3743158218653,0.801645543378446,2.85814779015363
69.4028015550313,11.5761714901463,6.21228101334184,2.97017520773824,15.9829877388186,1.61289039205803,1.16389320912791,84.8168326828418,0.695682588507896,0.594572076607276
69.2820844345193,11.9432560644806,4.48383005930232,2.47921703562477,16.5135518627133,0.305614250065475,0.304209705538609,84.8483852301721,1.39831659849639,1.98554290259922
69.0855140730232,11.3942807930097,5.72682160255982,3.35803387552143,15.1442384032378,0.868440795883208,0.953146566594426,84.8851253612833,0.282446125897466,2.54557568086513
70.0573570002309,11.7434844812796,3.27469697169179,2.61282710828818,14.1151632842356,1.43026502524478,0.102215452563371,86.5472052142196,0.651989058722456,2.09811208901767
69.5246111430632,12.301264289055,1.53250985946949,3.48121055354783,15.058025314567,0.573915168700267,0.243982765135212,84.4470901350683,0.940982293802829,2.01759662917923
70.6839324605814,11.0613767127776,4.88663377738632,3.683730179476,15.9547433351395,0.755274650883672,2.43771480212514,85.9542596772455,1.53487572566629,0.965719879930242
71.2880566626718,12.9428104508869,3.55282805459751,4.21766890573941,16.0815684818519,1.47295305349282,0.0922631514474125,85.1644201074787,0.242825497683509,1.3712828703705
69.3178005429461,10.8278393507761,4.63075526380898,2.65001076831353,16.529657901059,1.6202238261379,1.69797581052605,84.722274589171,2.13051861226007,1.59509859273021
70.4130208945589,12.8518673785333,5.33956133931383,4.17408994182628,15.1336360988229,2.41788812497892,1.40592517751456,84.3555803807761,0.641809436066231,1.1976287837402
70.3155513838886,11.3171160351657,4.46383098142518,3.50465431422434,16.7785980712976,3.72471876434655,0.0052836520534375,84.6328939902627,2.45985974779731,2.76380715615616
69.0667587373202,11.0901348387898,5.03022568498035,3.13984822426327,14.4115866687158,0.78726157016092,1.33817197411553,84.7240866761036,0.934886687130995,3.75961293587004
70.2560158378731,13.1551990092986,4.27505692446991,4.61784189633082,12.5205629876231,2.22946118013757,1.35637347423411,86.0906215035097,0.41033512579017,3.31518008174594
69.2149842495207,11.9872587601611,3.90276048110254,3.74722361105738,15.428813525819,1.59265911455617,0.352529419026848,84.2186270788639,1.61206499539579,2.42284022877334
68.9363928207044,12.2145275646534,4.7631027411489,2.71144945328684,15.1645227908783,0.969943859869089,1.52512065468912,86.6433237337644,1.12994931400404,1.88169230974515
68.1680689352893,13.4141206092319,6.01289298630273,2.23212077172274,13.8959674798428,0.847162155754732,0.794560492150153,84.829214773949,0.0444800265852994,2.57600572830814
71.7137282922693,12.7722126834556,3.89844117048615,3.84136810749161,15.3378863403895,0.0966015901442767,0.560570060589397,84.3463580898931,1.30225002427593,1.21138579260931
69.8735476132292,11.9181519050723,5.87508686066438,2.74198779868289,13.9639032151667,1.89103394220237,0.0853215266570925,84.2920904694611,1.23087370778001,2.26491711249537
69.6663162230656,11.049185386846,4.45663871426564,5.30807011198893,14.3645690468818,1.93704135567893,0.625938956704485,85.1881054863567,0.972917673711702,2.1664661980211
71.4321544909593,12.2641289019977,3.674807424572,4.04479271746894,16.5992647734231,0.398046411936429,0.284851555653358,86.7480347972226,0.243536419074913,0.345023214352555
72.1326311434083,11.6252185409326,5.6349370032784,0.763325539964031,12.1418772536166,0.301251221995087,0.776010523934083,84.7757391608452,0.549773399426638,3.89663701960685
69.2776412928806,12.8301676068496,5.73020303831712,2.47745032165131,15.5198380913736,0.930288352396575,0.667246631961752,84.9042844518167,1.47886280890799,0.668438565161362
68.7847408612974,10.8762969867512,6.16652154284273,2.25421531833232,14.7431443619909,2.01706337928647,0.554710052946231,85.2050724048791,1.72468748523873,0.62587763955897
69.9219127381235,11.3122036565286,5.59273936349349,2.48335808477529,14.5778430709321,2.64067850954298,1.91370060543598,85.0634116980727,0.897891244345568,1.99965752785285
68.5473915875354,14.8556321958406,4.95705535443704,1.85196052485637,15.33061355564,0.343468458788141,0.180892217625851,84.2583355693937,0.206874855635072,2.10741229468764
69.3790052895393,13.3378808144849,6.52101671163448,4.02112678548736,14.7172998224325,0.77981816970648,0.667675196998469,85.9882911991313,1.35381288763144,1.99199456876968
69.8977674717396,10.9339073540373,4.56263695105869,3.87694752996064,14.6660653297338,2.61323257961571,1.66384797595767,83.769475767435,0.749893353102687,2.14056461384813
69.4755054379726,11.4913485236291,4.91478943701149,3.92530401082008,13.8126279871426,0.497038753300376,2.12097499885475,84.0199196381348,1.73737163177908,0.815072662018661
71.6845929901552,11.8886899411286,4.66969864609853,4.6234220425164,16.7992239152869,0.110278036594904,0.695761245105701,84.5845686671202,1.00142605000689,2.59249710415685
70.233603929024,11.2526094447014,5.74557048979421,3.46464802434649,16.1053797419403,1.2487976831747,0.865253674736725,84.7215590595002,0.144160153516132,3.38068758134306
70.1228760921835,12.8795519689738,4.62488102128292,4.93850642301198,13.9314186867606,3.27772781695755,1.899134416359,86.0540993475431,1.1326564413378,1.16127141644941
71.6720403452405,12.2498056409612,5.65179294501051,2.37203839485559,14.8863789005093,0.147836690135255,1.11983556086663,84.3769410481162,0.752934983029229,2.30587423629278
71.5104975092105,13.588803223906,3.56525578668468,2.81459246990755,15.8593894920063,0.426914348790574,1.13182695430544,84.8218081777424,3.34869116959292,1.72909968235282
69.6830708791586,11.8919640619163,4.22084236621057,2.72207347676994,14.6366140961653,0.796112488765012,0.539961709643918,84.6676142947216,0.251797058411363,1.93921409544913
70.0120391744753,12.8910973770334,5.29340189889087,3.12210538283508,15.2448672654869,0.959077996032468,0.899819253938636,86.6038838307813,1.04721071062748,2.97570845486026
69.038596577459,12.3433568288384,5.1939040357493,2.59608237736134,15.3170809366156,0.511150141197211,0.807240716880795,86.4488214607871,1.12797425500649,2.27776820944035
69.3130428894191,10.5856323214438,4.30089829720222,4.1431477517884,16.83056369553,1.37836010486622,1.37601213118196,83.9416003499636,2.80505144512363,3.93184106588039
68.5537856592258,10.6000956069773,6.39154886537592,3.37189122385907,14.4150081332297,0.243910189530579,0.654678749370705,85.4365143383455,1.3258154312823,1.66770939352516
70.6537883804316,12.0800346103888,5.81905863440206,4.6109469393458,15.9669742747733,0.765348527917494,0.492811162081513,83.7027985261176,0.0860929012058503,3.48194329316471
69.7723130049642,10.2269758544299,5.08619441961295,1.97395937371929,14.6065787496754,1.57595769555754,0.725020326438057,84.1709265697265,0.861131714601403,1.54434443587807
70.5628399986346,11.0672240666235,5.29512600915985,1.968609131635,14.9235153901104,1.03191003687722,0.340780098925111,84.4183887576286,0.110477164451562,1.76867759833751
69.7884575898989,12.6789249425124,4.73248564695337,2.82083313640848,15.1502084697592,1.58980875623802,2.34810614854915,84.1526981910681,1.11944851395274,1.67288237278531
68.5373178684641,12.6871143841703,6.21731707848943,2.62662686136133,15.5121628565917,0.490644093989178,0.259803973249687,85.2285932919801,0.489458802751888,2.28790202997911
68.9392023775052,11.5422294224374,5.37059370468417,1.97901577409201,15.306990675094,0.0697667159229631,2.0126046821893,84.6868143335555,0.31141928834144,2.46653422680717
70.74609172905,12.0507731632587,2.99927905786596,3.89248108702072,14.7185778171124,0.745198069225552,0.789554210369079,85.3062021281226,1.74134489632312,2.14516108680163
69.2351052425382,10.8272929343407,5.0317639392574,4.16987908150264,15.1872901311406,0.67446266611955,1.22055705772414,86.2296375572009,1.06620878824698,2.5993253341159
68.5764247609049,11.8927801917304,4.9504191368057,4.81841504464163,15.4531345218167,1.09054912173665,0.255123900950068,86.1711029247127,0.229611691965588,1.21806765760107
68.380396167505,12.8998146748615,3.98278572477389,4.01202270836095,15.6180498333861,1.82152866526476,1.95598167474767,82.9287113549036,0.343742138524671,1.76112148381269
69.4058476656142,13.2684790776654,4.63083288961391,3.93139096901476,13.8583826055469,0.768740478114998,0.492919775746804,84.7455882896982,1.67226546534951,2.65213534724297
70.3450231380959,10.7401061390915,6.71596712618677,4.80415523517353,14.9791269205324,0.740396576887563,0.932514461575596,85.4763965401021,0.404203254479982,3.03807857111819
69.6532036341867,11.6458839864951,7.5353470759734,3.11086410939763,17.0015933570942,0.652082698618826,0.427972220510836,86.1648359123802,1.19940330269578,2.33834110276503
69.4691194689111,11.8507860534456,6.08965841440405,3.6276412740488,14.6317816398548,0.400091607565572,0.881047105815392,84.4294845558156,0.33436541172637,2.70938982551582
69.9333353938335,12.1580816314315,4.55548845127799,3.78934844589101,15.2520012348942,0.634664243039246,1.82372136134139,85.12782792864,1.31665379603098,2.84006115846455
70.0794890652084,10.7360028529122,5.99246484728988,5.87274263187425,16.195726287018,0.500792029515794,0.594761981454289,86.6320586298891,1.85694026298972,2.60930899506868
70.9409902363268,12.1614040447615,5.70082536037976,3.93006635444484,13.9800793931262,1.14270308488149,1.75699841887596,85.198993869676,0.162623803498363,1.77628233252239
70.0647066762841,12.5147286870544,6.75761505825842,2.71451232191218,13.8807715281715,1.75177868827052,1.52895479542162,86.8759030678082,1.05682968764637,1.83565608169541
69.869494131089,13.5974600771294,4.35031381335676,3.96712798358287,16.3701875221276,1.15973115060805,2.00944426976428,82.7832448650609,1.60555688955753,2.6219938323862
69.6301269501392,10.8528163276802,5.88695194446795,2.3539770299383,15.8283032696334,0.264207710928193,2.13268462976444,87.0338778020607,0.92384533359146,1.54461617637946
68.9928988218186,12.5645626753527,7.61914186876191,2.3848728641085,14.0951108561722,0.512059367854369,1.80041045730859,82.6250138583904,0.914399515561469,1.86801624277236
69.8742966475168,11.6843006622997,2.89825592808661,4.71066768839645,16.6777247388289,0.328303198430212,1.19047653536978,86.1330827096109,1.02563337904531,1.90819299179578
68.6464574814835,10.2990344733816,5.87783061301344,2.32712605753123,16.2079547485183,0.363135761972896,0.86228818579616,86.063223160877,1.81633413359474,0.413190993209088
71.4655287150847,13.9671369595236,6.32203281409314,1.93343320055797,16.9495283281769,2.1014053155918,0.937638812385161,84.6200927174448,0.353562424466382,2.33418889800694
70.203787276187,10.9880904413632,5.48879489972513,3.02976960602725,13.9903832252142,1.27954174704255,1.16331458808587,84.6689994059232,1.99937560676313,2.5700068425762
68.079990185635,11.3112023968838,5.57421454260429,2.86731370533916,16.2417104010879,0.057402357649547,0.100476186439797,85.3555480819179,0.360676911927524,1.93889663296187
68.7260466479355,11.6951969825822,4.2455367314011,3.81325036520319,15.2981616161181,1.87779141646181,0.20570234956489,85.1698885990355,1.03496455951146,3.79406719994437
70.7020363386647,12.3006626815627,4.26450116207552,3.26016222313216,13.2873833536281,0.491285037799094,0.301968180887946,85.2392385938248,2.80591227135873,1.82421763083076
67.7146342113415,12.1286127065203,3.97486903434022,6.14645121200562,14.3546064032309,2.57740605287812,0.275821202380335,86.3140065615769,1.41643825570391,2.57879923678429
70.6857160058894,10.483257214941,3.28073763621728,4.83340158586542,15.9387407406004,0.649517981399651,0.518470217837344,85.2292749767914,1.36347490544586,2.53259812823823
70.3020284700857,11.2673559665754,5.43284058240008,1.50507158680636,15.9671694441735,2.33238382539799,0.744497431366975,82.9357446289693,1.23121695664055,2.7846790578502
69.2830590139399,12.6367785836966,5.11080715637366,3.81936739847126,13.7254444581127,0.116783623811165,0.00520131394874912,85.4162741895224,0.391288344812893,2.4177120868164
69.4208460606761,11.0933966648769,4.97051291724266,3.08868219497358,15.2126818245993,0.869569718037872,1.43432499818708,84.6772693972322,1.6086778109008,1.80871941953585
68.6997733782168,12.2158684192097,5.15706661798432,4.27551490917774,13.3359477600379,0.38960436238276,2.81752322047439,85.8429135292775,2.03596770416362,2.5633532491605
68.8165429101956,12.1034500832806,4.5861818745474,2.48384814533545,16.0852981289728,1.24087195605468,0.0164734020870856,84.1250614514847,0.96168905216946,2.2535223408132
69.6241979002876,12.9336286238793,6.77002061352102,2.98001674894028,15.6924302648451,0.0703346652702855,1.82206117151421,84.7494297862108,0.543026361054062,2.24352214016804
68.5328418314811,12.6218574407492,5.35737133732123,3.57058831366333,16.9470740086808,0.324792366931248,0.182352325214409,83.4621162782529,0.122596593260511,2.71959024991512
69.7046592824764,12.3565819654504,4.97926157410489,3.90964363223883,14.9380007144164,0.0497001139058723,1.29971564623905,83.5164661877827,1.12583163425691,2.77273298023511
69.4368536490402,13.0241410463762,3.94029465831606,1.84518327378726,15.6997545787129,2.66588815502968,0.663152520877434,83.2552618730073,1.74414358896845,1.99147713572377
70.1532600291118,12.3277534197981,4.01809371733121,3.10737597228517,14.5111012312992,1.14016091130529,1.40137480510287,85.0242356783729,0.442570519460552,1.61093084501825
70.5039011858979,11.1767657471395,4.25038591452489,1.45986636235492,14.2174200315273,1.9285767102378,1.04896237409649,82.2583861198482,0.850850808285983,3.32823335412769
70.2584769085785,11.6578961740761,5.46987616875749,4.04066545461425,16.1807004960466,0.137738512125848,1.03767721479805,86.2545086927394,0.254808299526944,2.05301255226222
70.6146974882082,11.3185526307357,5.91628700205461,2.83467881131483,16.1233164796629,0.78863961364768,0.650690603584464,84.3493788024469,1.00699047340335,1.62373484203433
70.1600942742018,11.2464505105197,4.43404575248264,4.88052005512718,15.5306872852672,0.807917427371937,2.18733458917175,85.014669756212,1.77045205316643,1.0537616531218
69.359533508474,13.2050224936187,4.15934465030158,4.68185827608229,15.6566625275581,0.624326155477163,0.468678795545317,86.1981015491188,0.323964898389453,2.26998948330947
69.7660612953705,13.0042907816274,4.26950822384758,2.7182896808638,15.5169418401794,0.761311407808265,0.411939329952269,85.3012190566837,0.405294138003904,2.3871505873245
71.3588803427429,12.3560347263994,3.91587367792808,3.85217811137143,15.6091469265303,1.19584638253329,1.03895292448986,85.421688779119,2.09209519404243,0.861947398828697
71.5968756775289,12.0058087499561,5.1096292550283,4.67022276829348,15.3893417970376,0.107589982241943,0.964234131281736,84.3633897971658,0.264814897070758,0.651645510465427
70.4578601188214,11.988516002859,6.22445816022471,3.96257968582199,13.8805906128019,1.67028396379998,1.41890597416733,83.7057416072924,0.946560604620816,2.18419711953861
68.9572766670203,11.4865937679403,2.39359262897444,2.3897223633079,13.1987899904597,2.6952032108663,0.565406295603579,85.6415732519823,0.0193647512070465,1.18110034466899
70.3299878771052,12.4883647313935,4.92096370176171,1.52547806357253,13.8818479502849,0.839550910844472,0.216688089400252,84.7969942203456,0.0527219224653501,3.34861529998307
71.2193912030132,10.640783866696,6.31101143367217,3.74520181551418,16.4465489558355,1.41988743677103,1.16033207701055,84.999961515973,0.950356614408586,0.892800595926993
68.8992478717699,10.8347431859122,4.21151523241995,2.78107603810414,14.0802170864533,1.1104733312044,0.396342743300895,84.1754053582053,0.284218127337258,0.451096885496887
71.114989483435,12.6641011022221,4.89214549316826,4.87284391721474,15.8001130971566,0.86316033623585,1.11472439017135,84.4432905995657,0.811193125197352,1.9301520598896
68.4624363360559,11.1683362419168,5.79452444038955,2.67938158943985,15.9982217590961,1.34790605785448,1.8123873950144,82.7085724972372,0.416019949085556,2.46800509042152
69.7966863933135,12.7704137985926,5.36547804800687,4.15045764968615,15.3838807876632,0.842655772610072,0.635592995161923,83.3476302231909,1.19654658198345,2.15688114574974
71.341505980905,12.0946142881902,5.33025593898986,4.43631735652698,15.5238029725769,0.0305653888496497,0.411708476290552,83.4287492983602,0.743420096649297,1.87914036271521
70.0351879419126,12.2270424159776,2.71317265340349,4.29613686251104,15.8504944245413,0.811089847781354,0.450853060861848,84.8196948753986,1.60097515418795,2.37880082532674
70.6813452631491,11.7849862039111,4.58890746471988,1.81193251582185,16.7829795423746,2.11696744889734,1.28592366806281,83.9336003354773,1.30753008168036,1.23161435605629
69.8834084191843,11.5175301662714,4.8114831166549,2.02695861727657,15.1980468763455,1.46993320685466,0.472948504213178,85.389090532297,2.10048061976527,2.22699193344281
69.2136919188528,13.6960989718486,6.06045652313553,3.00720065486566,14.8911782129725,1.29537989122263,0.042351247454087,85.0352335986749,0.272141079549945,1.1663127332277
71.3177883441176,11.6115214009879,5.31869462389525,4.54222750323098,14.5768773154441,0.786156546814714,0.693217637916484,84.5015454845542,1.02260845096596,1.19560514527402
70.3505632463434,14.4566988334751,5.75794671939275,4.74234024306672,16.13815589213,1.45290590610952,0.533077091870254,83.3945682855303,0.273192571887215,2.10671546859187
69.5114361986105,12.2477445083749,5.85464342791449,5.35785707040233,15.3026790594118,1.12956006594939,0.762197871605509,84.3290675966466,0.34339574737805,2.41146490851508
68.7413288622279,12.0419511022535,3.55052499293467,2.57065808011156,16.2879800751667,0.831305302308306,0.88609396739403,85.8927258999853,0.45387207492976,1.13087843495575
70.3129715889214,12.5744455333787,5.54179518039111,2.84679306322786,13.8488000044914,0.597671841237766,0.632086216134632,85.476799443153,1.67547944244412,0.4490224475205
69.6052895586547,12.7317204654596,5.50776876525031,3.47558831746521,14.7442189663899,0.494544305391882,1.02927089117215,84.6881325626967,0.848259984408978,0.973650022324386
70.7226933930806,10.4059057860197,3.71016063149287,4.74679435387727,14.9491643756571,0.500291353079703,0.477043736414745,82.7556411323714,1.21468771556138,0.000202987855545622
70.9998976201713,11.8732053579654,2.91270595871874,1.58622057938664,15.7053471039709,2.16750815363852,0.504080163224835,84.5137992680583,0.0836456664385608,2.12901718533309
71.852233473603,12.1942485625965,5.24418250060432,2.27716853499977,15.8540222867915,0.211288140061989,1.07580604991679,82.0757088678162,0.447940902960143,2.58476877026307
70.0065404683839,10.7125727606521,5.45700259706259,5.24907440578319,14.9846376896297,0.411347699508095,0.987964744297139,86.7738426816086,2.06091767161603,3.80192914517347
70.1602211202931,10.8789637367908,4.30822172804034,4.28397272742319,15.4267423281341,2.13530940701422,0.248714821462342,85.0337124389773,0.706958230099857,1.10527161861279
69.6042515708988,11.4290944240436,6.02462607803102,1.36441835241795,14.0426608924191,1.71325024533889,1.82167750131776,86.2610659522987,0.933310370005277,1.52746218720844
69.2904993331694,12.5379807720319,3.63202738547317,4.57311191410745,17.2328002789572,0.55743164320972,0.845363099951493,84.8260391089124,0.794509270110642,1.8914911991801
67.6366367824169,11.5222297808077,6.93685825415602,3.88590133606222,14.9413794520462,1.11983338623565,0.45077043910088,87.0755491764517,1.2525788149475,2.23758303470624
68.7956080978873,11.087500871684,5.61534670659847,2.80101666028801,15.1018198768913,1.73701019094641,1.06866352421454,84.1013581640026,2.07491837971606,1.20165168561929
70.6371697988155,10.5074349246798,6.49020579147593,3.49431213507922,14.8468387458673,0.526652126044421,1.65278953923479,85.8379903215016,0.662026386189998,2.92933217966348
71.6466563370153,10.2255028986431,5.81626909489866,4.13590565706979,14.2068945654882,0.194086317034575,1.40205496478277,84.9890563680111,1.82091119465961,1.62031083986429
68.6123105208944,12.7142664681547,5.34506568921283,3.85256357084883,16.0689231496029,0.360750335054109,0.404044638364785,85.7271299081858,1.74738248877123,2.98517057448864
70.74666645708,12.7967836141231,5.39255473376494,4.29566955123946,13.3836157408607,0.219484484263823,0.381069023130722,83.6747687338673,1.23011562636646,0.37078169277236
69.5680596706992,10.7118589388896,6.28592362421824,5.03695217375178,14.8811522178221,0.518888833177105,1.66293397133127,87.2381632268386,1.0228481977639,1.83776533467039
70.7911883893791,10.9529802823811,6.11504094238332,3.8901125468892,15.3248408039914,0.112252649038125,0.24514527242289,85.3024362738772,0.780887564900774,2.34577473092221
71.7434676331076,12.0730981708786,5.25192585865046,2.01936568147859,13.7310080438198,1.9831385336737,0.113552149711878,84.5032870243619,0.727099437362762,1.50780907562464
69.0405129841004,14.0360661475593,7.05156536164808,3.56157949307527,16.2685086021633,0.145300273523578,1.94541061392117,83.8137749904368,0.142374609276842,1.52131323017872
67.9192020398934,13.7603031186228,3.94677085271893,1.12424996819665,14.7178201719436,0.576135266439358,0.272838960631278,83.4746583645778,0.0230760679047061,1.36226573988993
69.7023610819281,11.643464570717,3.69664342029998,3.25733287683284,15.8596154519329,1.4244381857563,0.54421545847839,83.1836629041934,1.6956475467052,2.10342070684128
70.6909199856885,11.2631796669538,7.4589646194879,2.70093444330505,13.3823642121634,1.34565789035097,1.27307549890047,83.2824600750981,0.413343224651407,3.26229835926168
70.9501490876197,13.8488822861114,4.20658624675058,2.57451362672794,14.9214168784624,1.0490096977888,2.13516981321616,85.0397120497258,1.7814808095237,0.975700888633445
70.487902117361,13.4903186824762,6.59134943810044,2.88473312542641,15.2677352549954,2.36172387729718,0.184144075044672,86.1215564693729,0.213061204928617,1.90099654095092
69.8670316984095,10.3527111856399,5.82151819775645,7.34776770582989,13.8493092298516,1.07794068019411,1.54318312642996,85.3539156609501,0.413481183699127,1.51743313536466
73.0675008158888,10.8252304268996,4.57072510246323,2.50030128501584,16.1194743624334,1.89969591954667,0.771354938913707,83.0679050277214,2.04656213577428,3.41320322147466
70.9592805529441,12.7280574294292,5.01429604852324,2.58831346483274,15.4725277443497,0.0372922471766887,2.22108869022007,85.0857532249551,0.50150987399446,3.9277281824019
69.6162990526909,11.8382250531241,4.59756059857348,3.11891990383542,15.105383805458,0.45176995954616,1.76059891960287,86.5000679494198,1.81728073293652,2.50073312783908
70.1756523780292,9.4300462586911,5.09864568566856,3.11600253341022,15.3783037665699,0.631066077682353,0.753588394156123,86.0146879281321,0.632003479708067,2.06631087511267
70.8056960632251,12.1207410297127,4.50410954842048,6.89789410326659,15.1460895518298,1.55213505703323,0.0452597583618776,86.8439093294269,0.957918034047249,3.36624980298819
70.4565428853332,13.6001774870676,3.92579473785858,3.47392883063044,15.8702862431767,0.321089622951006,0.498289429747821,85.4195824622604,0.284299945829544,1.53838486836184
69.97502904609,12.0248641914366,5.68772905198068,3.35016037555828,15.3821383323515,0.420822087151764,0.20994800667889,81.7106241514424,2.55405205583343,1.94317961852965
70.1911312519144,12.8920584780644,4.70605490680619,3.03165029862513,16.7386113195846,1.52516487933356,0.357744643376893,85.6423830671142,1.90768999356293,3.05022857914546
70.4791336211481,11.1418682834708,4.81388806404584,4.62579662627949,14.7834474376693,1.99420449561273,0.407566060006616,85.2130936395332,1.16028484440506,2.10571373539749
69.409821579129,11.8981895844303,4.65108351516372,3.2879804129471,16.0743171660673,0.00527866234301533,0.656551674559354,83.2817112360092,0.0930892773185785,1.52458715336195
69.7463158772277,12.9484573431001,5.3467423824126,3.97001888705693,15.340983639856,2.31211395332358,0.264257903904549,84.8685477653345,1.5835007897263,2.18498635184542
70.7956852523874,11.8535159981888,4.02015959997484,3.60887346516009,17.361787266476,0.767391218472047,2.77806561213558,84.3281205286724,1.32169685671096,1.55236617449301
69.5780556456847,11.9352632455133,5.33147856134175,1.9385747789897,15.2276192348577,0.707550425313733,1.89974633988314,84.5565351057571,0.846746058121547,3.86991842288677
70.6337349121188,12.1830096800017,4.48129635673696,2.68873671291148,15.32834286333,1.57325305433309,1.30827950634927,85.4712707680913,1.78797120323758,1.61677639290731
68.8860714351458,10.9893636228338,4.77319513450999,3.50114889952699,14.8473977455919,1.77616356829605,0.241507644247035,84.4081361134003,1.45700590513062,2.94076258235568
70.9095498921582,11.1784931424677,4.50634665689811,4.70310842125094,13.1131220105935,0.141653502859738,2.81685395284189,84.3480841126804,0.412429742666311,2.00114037939802
71.269026084185,11.5620896297242,5.05865447742303,3.8116930571071,13.2261344882446,1.76457977190253,0.521325163380545,83.543236147248,2.9119814587379,3.33035103673469
69.5445082214534,11.0205442205731,5.44020658774554,3.63059842725672,15.0639633196503,0.0489633993005906,0.763136280303665,85.1722846004398,1.55284847350136,2.93072434731139
68.4159069144737,13.1424742721329,4.13726315967618,2.69483653587478,15.2921926590069,1.73856841126935,1.13022537849204,85.5509655159773,0.0860701579265205,1.3512430724449
70.3042445441025,11.1220913588009,4.42901010396208,4.42608765431636,14.5097364369532,0.369584464941782,1.89456625573888,85.5717220405896,1.5311408038243,2.28205759547214
70.2447790153821,11.8839607086113,4.87095508036406,4.44701699312821,15.8156816325506,0.113091451396332,0.745228193300776,86.1891793477304,1.00929842935922,1.85418357187051
68.4449902688765,13.3538662906272,3.40253468125235,3.17820203101357,16.5618259528436,1.95901879902439,0.215526299490959,82.6346661849534,0.425054405554288,2.50278285815329
70.5974726200883,11.5687617149855,4.87973234686321,4.27242327050274,16.9131362218841,1.37027806218692,0.792271334511461,85.0332240411791,2.66214933439141,1.9536390893836
67.9662704390484,11.2743782288935,6.6520914854921,3.25838949744072,13.0204492314206,0.317974856480204,1.87727289261698,83.6657023191072,0.168407218241642,2.47033465325842
69.2339055716698,12.2165023387071,4.63798913941066,3.71277097538914,16.0098478012106,1.77022959142532,0.881660671944584,85.608785792744,0.624289691345933,1.88302089591948
71.6486407437454,12.0293935654501,4.96079726032662,4.32559476463809,16.1466466493549,0.632573641380748,1.10340026345347,85.0800248847271,1.32339500554995,2.95564240260189
70.7818612553373,12.2003061966605,3.89933722728401,4.06304947653057,15.8929013774959,1.46842903856661,1.85979348073025,83.931271977512,0.952631950240035,2.31316694322794
70.1070352715275,11.0586153769191,4.66705164016692,2.74763230801349,16.3278568825767,1.35714581914125,0.116927645815254,84.6224463358048,0.826745773671931,0.684134573145113
67.1609690693389,11.3166194846235,5.51746625272661,3.8781999328032,15.0526027530476,0.0699599417779257,0.550717922185793,86.4028806752433,2.11321051827006,1.97927032056244
70.0840476020809,12.6015409683851,5.78597928767706,2.97487551320808,14.9120472938817,0.785174961014041,1.49030908093952,84.4585580535871,0.547108626128253,1.66333709526663
68.9315082742431,9.35859663037044,5.1587969325639,3.30944868211179,16.2193278616868,0.876552725638587,0.595131349726965,83.2750787522781,0.455680974773553,3.11643673864278
70.041520233119,13.2188532201748,4.7658163670093,2.59788130415417,14.5233828662245,0.465855300825733,1.99726096557234,86.089194837534,0.0964726521777541,0.848330663139263
70.1272036044993,12.2791999801734,3.82379304412965,3.47593981732987,16.0928262076199,1.0943340021324,0.277868183549898,86.1697636050839,0.415731085625984,0.0449949677018764
70.4553621462773,10.4872113762946,4.98666148570449,4.37239666699548,14.3983140703064,0.39233253037135,1.06872572369192,84.3928432698986,0.0253149754516084,2.46767532964735
69.6960571457502,10.0996800978382,5.30962573180034,3.18753828713756,14.6128219304297,1.3902765657268,0.977304050453375,86.6541228552288,1.26461704676392,2.94196206412267
69.847367389453,11.0649647397443,4.62137200271445,4.22071744873105,14.5005847473371,1.86610473490901,0.2057037300001,84.8339194336092,1.19545786344372,2.4529103561167
69.5125594574583,13.0785147524198,5.94711714495657,3.39717119904061,16.082787586876,2.04515302024812,1.01636127581201,83.7259810086081,1.39153174818635,3.35278265051485
70.1256585588499,12.3741284748362,5.2304093863665,4.05902202950858,15.1401117133356,1.61376966574941,0.607760638568332,84.6939591422462,0.13615741607846,2.901955687705
69.3484819781806,11.7380226315893,4.04648261032836,1.94580162134326,15.7381417312526,0.698321174226019,1.69394450669448,85.2543404251781,1.03622380171021,1.06968986841922
70.6050325541383,12.2290251309336,4.63491914382865,4.20992262958603,17.5760438531962,0.554248816639811,0.545244566769636,85.5624711025017,0.284328027431976,2.93052499434682
69.0442919474885,13.2565645972388,4.3683083544839,2.84840424754846,14.2058920985667,0.319239363165586,2.09769183878719,85.3851385267307,0.30461323521889,1.41122335916104
68.6901031113517,11.8862714100405,3.73254168426443,3.06191894472764,16.5271896472968,1.83876621636292,0.547171133477841,86.2361791545248,1.20411874056237,3.1050875580454
69.913627208154,11.80018304299,3.86716411694151,3.75930414087694,15.82375964791,0.296529505160636,0.0582189936842007,85.23093200473,1.01811490507166,2.99288190763234
69.5430289724656,11.6541416587595,4.64880149822962,3.99153713716737,15.2154155914311,1.10351368836874,0.262949242669734,85.5167751579492,0.0163593308620036,1.9502119598543
70.4495815759407,11.7958519151977,4.25675007173324,3.00476837596371,14.0187790097226,1.82823300523863,1.87991563923797,86.0255791375194,0.131893832404773,3.06793715834658
68.4713563861094,10.0285242516853,5.14872020423906,2.46812464137475,18.0454650865605,1.2590904622407,0.738575671624383,84.8336864211499,1.1433130211432,1.73210247780913
70.2613041140651,11.8463098911732,3.09051665949084,2.8061737521263,13.5414252846021,1.08675733805154,0.937965177633148,84.2084329205596,0.399070001677223,3.01100559908234
70.9789989317975,14.2976334784283,3.63469302085244,2.23324587136395,14.4353084562377,0.480154560255169,0.203830315139879,84.7178477203745,0.104287225146179,0.306434550190357
69.1064343603937,11.8660592449461,6.37168518589256,4.62320174331884,16.3259195722694,0.265980267858505,0.0314868017736573,83.6666340943002,1.9831119600583,0.948607720861685
70.776499229731,12.6560930143235,4.64178025208748,3.88086999050826,13.6461307244381,0.623262174160575,0.63925140134155,85.0496970129853,0.760304203231936,2.14755742455189
70.8270988959191,11.6332136630806,5.25830252396263,3.4878098235407,15.6402012325225,0.0437421673019168,0.858780685832667,85.5037975318251,0.156211140901857,1.48934033027177
70.5900257587798,13.4951068453608,5.79970742244504,2.46438680073029,13.6334275224315,1.03942430537272,0.430974607540045,83.9528721652289,0.577891362219022,0.66795823659219
68.9015821866497,12.7007093201852,4.92801785167068,4.35968673958451,15.6531511621404,0.931524552937424,0.0523252429206407,84.1305294957984,1.3173104123426,1.16476937562241
69.6866723595651,11.9202584903277,6.2293183188215,3.68999264782211,17.3767121688916,0.56347866243908,1.52904930105268,83.8915812991576,0.0462047884185309,3.61395858579347
70.3243465070007,11.6503222488788,5.817466919571,1.77412441072458,15.3983127294077,1.47993607343671,1.46111860991813,84.9595540417452,0.696881581246045,0.791221109927618
68.5610539357659,11.5448889173758,7.04529432339423,3.11233430998294,15.6812076719622,2.35462253339102,2.44881936081943,86.4165747755072,1.79012428295469,2.16693804116007
69.1536365192027,11.1958686283417,5.898615110514,3.18119876367735,15.926532426018,0.955509542864872,0.188746409880949,84.3673061285488,0.380484412086997,1.50610135477627
70.4840039374161,12.5458818737988,6.93038249378531,3.17569740774739,14.4041019710975,1.44103016447705,0.208124520220206,84.3714418058108,1.63114925471145,2.01831600175915
71.0736874960142,12.2384120578113,5.03211893182028,3.53005318505621,14.2395816554477,0.126100582341017,0.0152057486375063,84.9746738393656,0.546095043689991,1.82263505230308
70.3270738696827,13.0865127066477,3.84187992776735,3.89232161906705,14.6687150562538,0.799997172891209,0.347364722629158,84.024523664287,1.1629072985395,1.86408576185824
69.5031420301058,11.4263851619763,6.07419520091432,4.69563141952012,15.5566890951814,0.930973032451776,2.78413193716878,86.0149722602066,0.927249969745338,1.8774918448302
69.3651961816914,10.4809825372541,4.69401673290736,3.38642328345372,14.1277814067401,1.35841165434105,1.70954289457859,84.6980926933419,1.79037838497796,0.176993589424938
71.9252795410169,10.0388837336309,5.48228858583148,2.86994114427965,15.1242520040315,1.28459347559219,0.611804345058408,86.1310543674245,0.0736515985592524,2.00055958462512
69.6598953071598,9.58063306380892,6.74348458341121,2.31250086717776,15.999591208319,1.07395259031235,0.0406660313911594,85.6394515781254,0.344866005923216,2.12835196484847
70.692017584594,12.7559676957263,5.79918225485302,3.83564726344419,14.6519291170382,1.29149195829369,0.560365836869307,85.7949587847163,1.52610990072109,2.41233668758463
68.8707590952143,11.9893917590942,3.5015593256559,3.07246562703553,15.1431875732871,0.0134751064765031,0.65205498933953,83.5208625445033,0.145388959210641,3.36723917292648
68.9942491500591,12.6967519039702,6.50970573441613,4.1114987685491,15.3747389953822,1.09093208579615,1.81481148496636,83.3193192811237,0.520221518025167,2.03676014019885
69.5995176776904,12.8863068532271,5.73717821998093,2.62959845255022,13.5888904892822,0.727588162239058,2.08079269441467,85.0589754749152,0.225764854661655,2.27077189599187
70.3580300704609,11.3808221091993,4.8972382000903,3.20494920117171,15.0341987530406,1.81002635342056,0.241541070098282,84.6416959804674,0.427006365799035,0.57234369022533
70.8645365046159,13.632443367844,4.32878801976743,2.24215509354372,13.9950762601427,1.58404721726373,1.02509645964207,84.6607501457459,0.948816511156278,2.09957468092567
70.0084586422097,14.0655260735444,4.96223899208356,4.05453420111566,14.9458252010096,0.850480016391827,0.888004010316767,84.8978020869967,1.40875304376592,0.444548121642341
70.471191590202,12.1576618808134,3.70536794601381,3.29558849034658,15.7061512676785,2.58793300204711,1.69152058117914,86.6005841393127,1.17399410433919,3.9984893050234
69.901344863793,11.7630410337117,2.76012293527462,6.29522292316182,15.8269690219096,0.351765475594217,0.0742871657700764,84.5381969646085,1.44263066386692,1.6429774311522
70.3436375051342,12.6063514516986,4.2195357432356,3.06236689086363,14.3105646722063,2.17235101713631,1.24484401907197,84.3823764597583,2.14553917409677,2.35216089002635
68.5603870555691,12.8990385343148,4.96488674105782,2.68724823966302,13.996147491644,1.60114011954359,0.194963863286208,86.6273390350955,1.58746582476658,2.44133579842996
70.0559567804769,13.3317993785384,3.77324843545198,5.46302900357277,16.9772076031167,3.08965021245322,0.816892882113848,85.2236554767734,2.04799889338711,0.692507018245276
69.7934701911148,12.7280323548793,2.7640067355719,5.42846178554658,13.2815407618401,2.16903037115332,0.792575419317936,85.2424202079174,0.249746507245789,2.46688085739967
69.8160967517526,11.8761295190794,5.58761901673511,5.03418047597992,14.0901321584472,1.66146499967092,0.272768638660582,83.7049672990033,1.76046817067689,0.927100055034183
69.3783889924288,12.3572677915621,4.21950014661105,3.81994399913145,14.8751583420003,1.4827570400997,1.17961270542241,85.7492416517245,0.750113226912413,2.4585056674932
71.7279717839639,11.5997765524765,5.04610509111133,4.23576755631404,15.1272804119647,1.43398583571663,4.07590829896888,86.1686553865313,1.21349124249014,1.38119490911732
69.1602267441399,11.0761000040004,2.59138917800586,4.42687255910542,14.5709007401305,1.76351079020752,0.820357300743671,85.7142934269359,2.25794005899899,1.32006260847539
69.7194115300355,10.5224475065765,5.79628819720307,4.62724267380332,13.8466544937403,1.66332415090514,0.38378059628449,83.850432610496,2.65741997137662,2.41420618209742
69.1627054809311,10.5761245128424,4.08376541371694,2.8345303799066,15.1060869050592,2.10037462254049,0.284813172267342,86.450374751491,0.890955961767677,2.36642728574692
69.7251652474233,11.6031172917368,6.20369150153219,2.70906311079552,13.9156770770956,0.759608581857759,0.439498528613468,84.7022167253033,1.36451131462061,1.75109333550457
70.4723446959628,12.5395254174897,5.06600058457619,4.58766682206879,14.7020734043074,2.6700780657183,0.968806737963375,86.8366111442394,0.478618996000178,1.26367057547728
67.7743120981544,12.9899252789577,5.21233159309894,2.32669621636715,15.62255025626,0.874349269335774,0.0717520814816233,85.4647404299479,0.933760017550479,2.19400575543486
69.8164082598173,12.1304659566156,5.29725589618713,3.88889338792263,16.2301895270286,0.405794101775371,2.32163774372306,85.4162792504242,0.587659144457613,1.95124621811991
69.7058503197372,11.7600671237639,4.89366535230467,2.76548411249442,16.3010949574248,2.17519729484828,1.40238435345414,87.0076740173244,0.892900802591756,2.95950047987295
68.8560020203876,10.2058013329383,5.6505620361472,5.54772366983463,16.1100310500714,0.522513310586241,1.72341263915504,86.2083343316143,0.46754898743957,1.36791606409253
69.8371962322807,11.753693786263,6.91376317655418,4.47461242006934,14.9245538091399,0.938325699888375,2.18365760106013,85.4606900154139,0.202389842175159,1.87693252598263
70.2677637448823,11.125638572015,5.309818643926,4.02767963418625,13.4440145612637,0.0516101086497672,0.289346166790364,84.2139364400689,0.622215369115311,4.2707832168022
70.2568013976373,10.6760570820483,4.87124963227789,3.69619818220357,13.6381356639228,2.20756902051937,0.136922309126624,85.9016340408718,1.54124419303791,0.71608357437015
69.4964232755368,10.9061392611811,4.78784802424902,2.69056369250472,15.8852824133608,1.56522316507435,1.12852806007152,85.7687155819508,1.6059799101164,2.31725142236026
72.3136823981718,11.5809301765462,3.80685060090736,3.02181644373744,12.9135905821975,0.217293394236442,0.320105971697881,84.4868420175009,0.440862060247496,2.41065051423109
69.671522603152,11.6395618718417,5.17536867627726,3.59827193093274,15.9416705117008,1.96610268437664,1.31116057243425,84.7808393461003,2.28109469214617,1.55110950011165
68.3993082576885,13.1538041991761,3.59078336623481,3.72276355202882,15.2200671792401,1.11792690991231,0.730239191279432,84.7248565490286,0.615323009132523,1.29032393697126
69.4491077497772,14.2112579757273,3.90713026164837,3.82638808648427,17.1141399393256,1.59780022152056,1.50594008474679,83.3562284929306,1.57711879383197,0.542795938959455
70.9598409035839,12.4821910636332,6.41437989460868,0.898731373805134,15.1893467422117,1.81163747995054,0.80707158045143,85.6782662504892,0.0714035582542168,0.582403549995969
69.2475367958856,11.8870449467595,3.4653052887864,3.85384367755264,13.0563792377741,0.392865103159456,1.50275233530433,83.5113905089688,1.20576613042928,1.73597930947928
69.9323045151314,13.7687892279545,7.13113878154731,4.08554758928667,16.0243604312733,1.16738520068663,1.04553238616542,85.3454580049784,1.26015257636003,3.2527868090458
69.6018680501329,12.5755246434026,5.70172079219505,4.60246269157661,16.2943847293062,1.62692025177042,0.78166763612198,83.4534525044623,0.889679285846421,2.05370768409863
69.3145539353023,12.2431618048684,6.76498441952636,5.06442852049462,14.7897660943337,0.548777167163862,1.27049987376907,85.9564136291269,1.69095134492324,3.54571970712446
71.3192296971997,13.2158813154127,5.45268940808167,4.37708138748664,14.9050082753885,1.74633547571125,0.00514342643363697,85.8223787506678,0.466598033763617,1.39776371123541
68.1464853796491,10.4187530646807,4.81201125609904,4.51462392366859,15.6039416359004,1.91884847499035,2.30069989990355,86.8724581749644,1.40607830967004,2.57860260023131
69.9791549288535,12.3983354000936,6.6895905176338,3.07789308048124,15.4554423128127,1.49454583048191,1.01812744165915,83.8141711141987,0.263264754811317,2.12439860583586
69.828982431895,11.9977469533915,5.02023722345918,2.95329153676965,15.1856503712933,1.14685679744729,0.809758599723847,85.9548997969885,1.35926864129989,2.36265009092223
71.4335515675838,12.9202432009652,4.57919057917775,2.63500550872763,15.2552541815015,1.64858677191358,2.36194118142925,84.7845751422114,1.27410461064231,2.20540153790892
69.9407478606501,11.1779848775619,4.41997480766889,5.13388660497806,17.1831250423056,0.0279483446865525,1.11059148825654,85.215958394156,1.11511380432561,2.77772757362066
71.0345154517094,11.4374678612278,4.45438263477717,1.45433163005053,16.2986061656419,0.225560599343413,0.52383429790981,84.5858356665217,0.622794423145189,1.99226816855968
70.2364486866564,13.050229265647,5.44905204673096,3.7567324451288,17.2475888467885,0.0125345144501113,1.52499970857631,85.4150462688502,0.720618840406489,2.96850234912296
69.1637755247271,12.3498475548783,5.39475083701955,3.53998186877328,14.795717538826,1.25189276540158,0.450215427602171,83.8886551763131,1.81905112735143,2.49018491743223
70.3799700911654,11.2211943051446,5.06441867846806,3.94388500782792,14.7883206960726,0.962780604470845,0.80167062410266,84.0978688877228,0.538535544954212,1.99046267966634
68.8953996978625,11.1569428687267,3.1745298194505,4.34079639109878,14.8897319138005,1.29391704455832,1.08313247132567,85.8206069535676,1.10796769116612,1.88719001246223
68.812800233708,11.2311851056205,3.88300350970184,2.13877761680594,15.9212837813842,1.29090157411132,2.12129601548532,82.1138508750151,0.87328335419751,0.723328788805964
71.2138225888507,12.3217116522073,2.73514737866748,4.2991102395814,16.9835047020546,2.06127591931519,0.389911214066662,84.7272269354355,1.34449878758358,1.35139940098085
70.2113791469457,12.7603010348779,3.77986311499587,3.90189091938989,15.6226926436505,2.64197897662288,0.109380503501412,84.5559694934853,1.51615283903272,1.73669243702037
68.4154289897531,10.71923345703,6.84889391089167,3.43544891198786,14.882055300058,0.409134664886636,1.15552726764787,85.7465111101552,0.733703013957891,2.93563430906924
69.3879269067708,12.620576863211,6.52197810199733,3.04806492307669,15.5082526333852,1.3347574536964,1.91319335478242,85.430621324669,0.0834954732485389,2.79131901904648
70.6083946306051,12.3980921563392,4.27484236622645,3.89165171417086,14.8641760798077,0.291907198916905,0.947656116917149,83.6457421539926,1.51867062999604,1.19372498722348
70.2784585267004,12.2305232797293,6.24769642363971,2.74577201458661,15.0094080076858,2.31077825366179,0.00216650106859806,86.4828803594409,1.5669918070516,1.52367727670879
69.5554607733387,12.2027692743271,4.86291411372924,3.89984948590536,14.2306279746244,1.59935775088031,0.723211549962626,86.0557282438841,1.96886469517867,3.73713939902695
69.0533207378333,11.3674552207713,4.81960028058897,3.5087367154716,15.3425795052613,2.09161191262195,0.210228233327623,86.4377351509721,0.736214512891788,0.587482905303784
69.7322207318268,9.9339760818559,6.0532763543993,1.84371274334146,14.7801007818078,0.336295655625614,0.208502756468127,84.0271001869886,0.633536995485771,2.17935206317673
70.9068453807627,11.3365893911435,4.87073891351504,5.2335678294406,14.1837100306681,0.982300827731487,1.70340650921739,86.9046176926935,0.252575873815067,2.27765595957459
69.4331841283254,10.5557148904027,6.20868496155421,5.59133483327576,15.2116297015642,2.51284463522789,0.539032891600471,86.2056219963168,1.4482843667087,1.4982967765923
70.9607845521764,12.0661416117731,5.29330625678731,4.56394006224042,15.681306540201,0.0345652420803526,1.38779506419916,86.1567976037793,1.79226331534088,0.62750954092079
70.6533104215658,10.2474329016288,4.01729087309551,3.08657815678636,15.041976820896,0.0951897664021119,1.0714455847256,83.7898268162377,1.59353881537237,1.60648254887387
69.7399783786787,12.2360798438154,5.40642107719075,2.91095506357166,14.9467981727102,0.75660006200374,0.248581488383347,84.9319707682519,0.423391547465057,4.68852433056932
68.179217576208,14.3386808033041,4.96332184239661,4.58976676358325,14.9644870358974,0.231727398470926,0.331552622572777,85.1882786190443,0.572883198276623,1.89023322247695
69.1745656196378,13.1771563055495,4.48403254881002,4.4404314590432,16.1881257415883,1.73322798541768,1.93069225005373,83.6314920304364,0.90496337447464,1.77687903379484
70.6528807968424,12.9949758491613,4.79331985632968,4.59669737188166,15.9250622515277,0.477868313409075,1.53933696616851,84.7985295377021,1.52620877503193,2.17936692828778
71.816122624174,11.7907372879167,5.00953260696301,3.23253829195665,15.173662044848,0.691349325523598,1.3394979823441,85.7775012473493,0.40418088565794,0.8311840597922
70.831244859968,11.3328266755266,5.62776271923588,4.65052514849622,14.2915253000764,0.448865430329031,0.478835877158424,85.3149032384112,1.3968631231798,2.75119652719989
69.0130890433625,10.574890233792,5.07119796751373,5.28414809991051,15.25193351226,1.25394899969498,0.747298447076347,85.2412647764063,0.847119563177412,2.71939610298284
70.23597164863,12.6145646108295,5.20882939582975,3.66683006159648,13.9316034036508,1.57424607352696,0.314248051105283,86.4468059348377,0.702674283949529,1.65185482459555
69.6089273702759,12.7727738550692,3.72531921835244,3.6856524917748,16.2971446254729,0.383684286808295,0.838919996169245,84.2453755467008,1.88897849816186,2.0593338459344
69.4371558334678,12.8402430550221,4.8123543602209,3.53544836822188,15.5698361028249,2.34958453509574,1.20457534406425,85.7930903777044,1.08978062605894,1.49496152191578
68.903058002145,11.3520007301788,4.89310558315083,2.32119329777547,16.6879267689279,0.0287068326673315,0.854811193874937,86.0676292403501,0.00235345417685373,2.68989173142737
69.2335441266065,11.6311982141746,4.63973558825847,2.34170949344559,16.2912767444417,1.3557635941828,1.01465021150993,83.6928793283259,0.611292028561474,0.341221226677699
70.841213688204,10.5103822529005,4.59667793102045,2.9158609955565,15.6591721999706,1.07365547883902,1.6046488464872,83.0093121550447,0.666831735605579,1.77774900176626
71.8806937044627,11.977540101662,5.01037648463632,3.96317201078284,14.7349904369019,0.0255797669622149,1.08645700462838,85.9605748050772,0.302130728733973,2.62342165516567
70.6432035140158,11.0727617187891,5.00228251652674,3.76279106818674,15.0825270124057,0.347810699818682,0.472730821353153,84.7492840868665,0.417166767699226,3.6873364383445
68.8250413182405,10.6134795746709,5.47546671098993,4.71839519631881,14.0089476329693,1.8489998579575,0.461521133281534,87.3952013252532,0.451709826466871,1.09149849849188
69.2929354880151,10.8408292435919,6.43914342866758,2.60916510681784,15.000438191342,0.834105188055751,0.498564139901511,85.3186343635522,1.26009345931862,0.881377903640142
72.108868875027,11.8765690027513,4.78068100629039,3.39074018737135,16.363263081601,0.73754732037997,0.989950552175206,84.9724649665894,1.59965443631069,1.89178898993467
69.5376128979516,12.2187801705218,4.73434635241519,3.02649293971978,15.367895893067,1.82861683124708,0.155436016833875,83.2690819613626,1.15210946247601,1.94248076447142
69.2128017032394,12.8719488362411,7.11095253670689,3.6995024523028,15.361522012874,1.28070129163689,0.821324203608895,84.190602554218,2.34588497893553,2.75804225191541
69.5411042268956,10.039801912844,4.59098621256465,4.12738556155358,14.7657553351928,0.663780546331677,0.378834172846458,83.6213001343627,1.22048401429882,1.88561189298631
72.3922430246707,13.5458623957636,4.44553569613995,5.19196254471833,16.524752381568,1.09056124286966,0.281675296949997,87.8487440332963,0.922623762157625,1.42598171657044
70.3558429535704,11.0971095404963,5.51153677387753,5.16343831012612,15.7267629616544,0.431936969543013,2.61414609935703,83.720369719695,1.44044536936145,3.88993924526386
69.7106900406027,12.3349721875508,4.86196755023835,5.35296489815739,14.3496521556158,1.16090020420288,1.57405547715912,85.6213930952275,0.464288435979111,1.67084696000854
71.0889623086738,12.9840262811484,5.48089235416108,4.12259512591895,15.4884781020059,3.09067505966995,0.779324975448139,86.3414942424409,1.33230608771443,2.88087784318136
68.6049279841977,11.1317583444195,5.77343442462608,5.30336753128943,16.3075901250464,0.67644926085203,0.562351092445387,84.6761882778887,2.60517207805254,2.74441633765927
69.8821928477755,11.0467077812006,7.79615221495129,2.39413104100171,14.939559716108,0.341771826662652,0.931156276311986,85.1443834708671,0.391911387126287,1.56025729241219
70.7013253334661,12.2173596133909,6.22967981091528,3.6481825593599,15.2402260588108,2.27485903096621,0.492533543234656,83.9181472160692,1.63446706476585,3.66243635837573
68.8791651469288,10.8025205861384,5.94277554856771,4.94975399002309,14.8527428378128,1.73447984970894,1.8952089417745,84.9940226579265,0.624837182346865,0.844201353251068
69.51460608484,11.5920349592098,5.30677423478767,3.20613733335092,16.4857179915121,2.31825778478758,3.05879155614992,84.6389943159108,0.147893378760637,1.06226126121975
70.422571271336,11.0444900628066,4.6021473793311,3.97603732004551,15.3187416448332,1.49240302132126,0.220984394069801,84.2466554617966,1.7336902950402,3.16712179904481
68.6096779453497,12.2710080195512,5.05030788883831,4.26242000773448,17.8295117931616,1.30967070667535,1.64473311351499,85.596977086487,1.05916378426784,0.442541760558011
67.9769213368818,12.7129346166291,3.96886395465684,3.28866497221698,13.2227542017538,1.58885592803233,1.91829159511152,84.167260629314,0.28318963149847,2.63735719888417
69.7092319239773,13.0618042514331,5.81269471385325,4.75192097145159,15.1540762224775,0.0441084644538494,1.20615207593724,83.4549753242817,2.36159185432767,2.19744951546659
72.0358343690938,11.6838048420278,5.63140232572016,4.04369471024772,16.0905161516354,1.16912430119146,1.2703489956015,85.8229902373512,1.25658185826634,2.73947332076271
69.2037874957861,11.9119759042532,6.28522671969551,2.7103259024331,14.9422681650589,1.34031189182992,2.02618045720956,85.2019979050935,0.537144634023777,2.78143589232019
68.6176682525503,11.9203150078316,3.99906701299738,4.67856196494562,17.2668446797805,2.76660152850446,0.920933745538538,83.3771517134321,0.39157489236679,1.33444908101439
69.8773893016161,11.9498051244166,4.73854710431808,2.26728594386259,15.1888673912753,1.7571320903154,1.17826432925518,84.2961771223695,0.469165364887079,1.31557769059701
71.232764158612,11.7909657466245,4.02613577283748,4.44281199541893,14.1657092967228,2.5366827702832,1.24724857538375,85.8512460998956,0.721222119189233,2.81429561357964
69.0588414785434,11.2380231001273,4.78940060284028,2.69782945435348,14.7602786689864,0.958683305441558,0.487765725789265,84.0024876982307,2.46173634509438,2.88838402633375
70.617050072157,12.1896145624201,5.21211055310633,4.10907551108641,14.9739735261271,0.0587138138580928,0.18782825329261,85.7748947949329,1.47549704612431,0.886328266513429
69.7177281748393,11.3998727652558,5.83035587682413,3.94205401327299,15.3064342597005,0.0858446861436444,0.560481726486898,84.6725254026528,1.63720074533958,0.768108305684467
68.0326952309003,11.9657787604315,5.29960942166517,4.67505009049336,15.3614252582008,0.388992686259671,1.32211210045675,83.5820429591765,0.16034070044251,0.925340179010684
69.9397504728401,11.9121133362356,4.38023254759592,3.91743765692818,16.6887659083237,0.896239819392315,0.616404960949336,85.4708003621995,1.54217168093732,1.98522093971057
70.3421105815279,10.7290858133406,4.91066357319068,4.34856068619881,14.513973516428,0.52284620339158,1.68710697715738,82.5110963860941,0.152591180861786,1.97893963611343
69.7799404294419,13.1580235389142,4.03866035671304,2.78777869210575,14.7376466000064,0.419150427549132,0.177192711488387,84.3531601484483,1.46170815769835,4.32759188427814
70.1267213847841,12.1907956411045,5.40718105887331,3.40851167558344,15.1891044702948,2.31717620939511,0.686491428360899,84.914015799086,0.37807539726761,2.53757861776964
69.1325126062515,11.641112730709,5.57058654231798,4.55786711870467,14.0469469663457,0.726194274606194,0.498068232038587,85.250921910489,0.0104517477212428,1.84906623734033
69.3044280599905,12.5119027030105,3.74778828001192,2.65925555619113,15.4081317735235,1.05895716488783,0.22653469627077,85.2570036797555,0.628227809129906,1.47205980050057
69.8635060728391,10.9409277708431,5.76506833850674,2.47990094313702,15.4823116158259,0.472031902088786,1.11087362192345,85.1145748622952,0.397604371919908,1.46494352629921
71.3221360154953,13.8814461162178,5.93493317777767,3.33877790798852,13.9991905555785,1.55725942432923,0.178439295669172,86.3849602587494,0.237115377083624,1.38012874690525
68.6502708306259,12.5035345367579,5.65189379371313,3.37838035045059,13.9525923886649,1.6729363781529,0.0987366576059354,86.7146308157218,0.559650730127423,0.905852845415527
69.2137827858949,11.7115754249295,5.87812246298377,3.50227876465128,15.1307089987516,0.0601997426737683,1.15769096041271,86.8319449213154,1.11433164933058,2.17476441098437
69.9564534383992,13.1320007304553,4.0573673865088,5.81791782237971,14.5200829503032,0.7300397825164,1.2958450577915,83.6886871359433,0.523749749205325,1.18918610643503
68.7646768929574,12.1677024166099,4.10711692766754,1.99659188409425,15.9212092084816,0.684046065756919,1.94500500709272,84.1935386992069,1.83242097768883,0.830555758133219
68.6614102942741,11.4123111555225,6.32572439283186,2.58204292566522,14.6356746685569,0.152177281425416,1.86539199491243,83.7413181547856,0.639866664601238,2.99156349984674
69.7114571979462,10.5978580577671,5.72826958928547,2.67659117342796,15.1213789996593,1.0177628363976,0.144426625148053,84.581554328891,1.15487533609341,2.14919692833461
69.5024121822533,11.9592432264343,4.69464646175628,4.94663710311653,15.6421909260573,0.535333576806399,1.70559590218436,85.3053405812212,1.51666682205478,2.55463107042333
70.5543807240277,12.6208092239249,5.5984402122307,4.75017739255138,14.4293955955392,0.250299035974419,0.524738470607088,85.1870617967692,1.11026514878182,1.41030929751641
69.6107795591188,12.3265064479438,6.81189244087244,2.56653837786576,16.1210972215749,0.117578684923568,0.960043407644027,84.7688075908359,0.470962865294838,3.40956455320645
68.5253983774241,10.6031121103393,5.18812035963357,2.4319031098467,15.5053613568984,0.958176355308605,1.18726197290655,84.8446985733165,0.0946301122497331,1.70255632257986
72.4569010720829,12.4193400991526,4.59632581140574,3.16912477739934,17.4556902754959,0.97883273012598,1.20470432337,84.5819162595768,0.80961092548223,2.58735481304955
69.5125288572268,11.4456317664016,4.41863577442397,1.50597597446416,14.8831723110809,0.255859869702889,0.273428673776949,84.1393503913514,0.943658703065881,2.01367327671864
72.3907081955354,12.0092323500748,3.84825952530186,3.99257229875544,13.2287034841955,2.49992099632912,0.72618523300759,84.2663529320949,1.29862022519137,2.47909451687652
69.0649645042937,13.2472207951735,5.20533149598043,3.4223369493634,16.3719320724371,0.260983751806735,1.07403305731802,84.1709487086938,0.28187392886983,1.5585461474719
70.5391621287625,12.3345389479566,5.51026782669332,1.78310202890159,15.2098050429219,0.710684302236526,0.699870058898335,84.4927889220456,0.914294727823243,3.24400780549596
69.3539109776591,12.5283658933317,5.17206778433662,3.26208587479887,16.8054142922513,0.172722158225481,1.6978052207426,83.6054590057735,1.11537938575599,1.48236626556946
71.0666475173602,11.1691285088279,5.35261772465349,3.45492325373676,14.2336059011514,1.75603071068309,1.89648738242962,86.2328758681232,1.38960679651976,4.85993663383947
69.3749609423199,12.2236124817344,4.84874221613453,4.33651710881774,17.8389645018009,2.01576331613128,1.07736127666391,86.9511169904929,1.55100317530383,1.8382712649365
69.9838197404366,10.5458740345018,5.4706365393279,3.44534183111379,16.6163289144567,1.56120436280051,0.435175491040402,83.6911156431564,2.43821878632785,2.12612649380575
70.5411466258194,12.8581509325684,4.17199646398011,2.78710245802659,14.9969302430879,0.319776266721281,0.684676834823975,86.2555209348778,1.83508549762175,1.37985639724794
69.665569713946,11.2390988894883,4.7781619526518,2.85875724575358,16.3157851151416,1.00342670044957,0.703526483185059,85.113244143952,0.666259631954038,2.73302862500708
69.2851598754814,10.7895089576939,4.96064033521324,4.85189190348714,15.1215584199929,2.73669092425245,0.353677496747839,85.0267545458181,0.204221018049235,2.18887948009516
69.7955253647289,11.1405369968336,6.32234516679912,3.19677472369573,17.1873205620685,1.03926604719482,0.693258417536396,85.0584569654179,0.808349483346783,2.63533132523831
68.141823844103,12.6504583446024,2.94059323311413,3.79830652078778,14.6041762534706,1.3388406871844,1.15312376485331,85.4571536504502,0.964411956681045,2.71317070929514
69.796228757724,12.1853477928068,7.27322552129472,3.90600612687932,15.3700496459018,0.916667036346139,1.59571099126796,85.1027136553644,0.590533213308634,1.23111225855078
69.4780775022789,9.95618958116585,4.29957933684556,3.94406691974899,14.167973990793,0.656896032240386,0.281518122805805,84.1390831343339,0.0371049807103628,2.82586637697311
70.0219895902355,9.82388860487439,6.07925984220573,1.99824013303519,15.1093453610757,0.684640883881053,1.90109146783194,85.1380999332424,3.68373953891157,0.810112622198494
68.3843891912584,11.6037515304668,4.73478777744502,4.18720052640949,14.295685263412,1.78142065971524,0.430231914129353,85.8745396270621,1.5374981718323,2.15336302847063
70.6211395449749,11.1124932040298,4.71334775467829,4.68763919384774,16.9381978784562,1.26203508091916,0.700756787998852,84.7640904603939,1.99053798682574,2.91262216735709
69.9366125786005,12.0416609163448,4.86991408315881,5.55528511410174,14.877086368393,0.170142718208846,1.51348978780538,83.7755793446427,0.193424833520022,0.408535574890058
68.9252085421774,11.4524490048499,2.56248932236582,2.18250826072588,14.6022539213122,0.528690167383709,1.3569793811751,83.3486973138544,0.2923672767048,1.55860039140727
71.2755724628401,11.5662404713151,7.87665790201919,2.35731221417163,16.3249241029234,1.59240433433972,0.917951165076868,85.6227056351297,0.751377842143049,1.5970390472523
69.8600698489258,12.2866161649093,5.25786882219952,3.94078749723585,13.4686719009044,0.00579159208288882,1.29119909789118,84.9360786956707,0.962437281539337,0.062302718162861
68.2791831821888,12.654957323035,5.67008315498445,2.99347265589967,16.2550838439675,0.601107744171447,2.23010331389261,84.4067568869134,0.549751023235438,1.79743512380167
71.5494297385514,11.5902878946306,4.40555622139949,4.7511625108288,14.488749229134,1.68832044454659,0.469888773731371,85.2256033635226,2.91181944593844,3.40758868957049
69.4218083259748,12.4633855820886,4.27748319057804,1.98738609844665,15.3910683194994,0.0163903140696513,1.81000141216471,84.3040069974971,0.281836669006199,0.592605931004759
70.1933275160852,10.1792590311769,6.35372676264559,3.87193040477742,13.8621484498769,0.424203493836434,0.249142678392966,84.917631412425,0.610704375169905,0.900548295832511
71.621713893342,11.2608365756145,5.79007196902725,3.88663280046535,15.8204089782325,2.83266550607338,2.18481651121209,85.2858760830754,0.34118578917588,1.60692450694264
70.6503102677966,12.2803554301946,6.11822295318091,4.3844977993103,16.1678632889498,0.37724019236481,0.634402503854149,82.9611070255067,0.830341910610583,1.94053695561257
70.0609689206701,11.6244442095052,4.68463710634002,4.40294542100293,15.5475484774852,2.69234298282381,0.567195656605618,84.0156794718859,0.183850951122933,2.10492540725723
70.2639625227638,12.6329324490232,3.66482382248943,3.61203203267892,14.535395331062,0.433802185045667,1.42023840032589,83.6783632224238,0.438449321608624,2.1889952180983
69.4818115591113,10.8489732966308,4.3924616199552,1.84488762736789,15.7918858365307,1.32716221095733,1.40728452339555,83.7626901430783,0.495805251389211,1.72179754845226
70.8948702146448,12.7890338879078,6.6635426569481,3.83013570792876,14.9703126547,1.42318375982184,2.24106491661778,86.5525020717048,0.303302610637793,4.35919691735473
70.2091668025317,12.7822098934866,3.43023777096904,3.87842194954467,15.3832669688825,0.277170250200206,1.26998291716766,86.1836040503004,0.262489179774381,1.55236546114982
69.3738554217875,12.1791261896481,6.76913808237755,1.65234988031653,14.7651872899606,0.162861307478314,1.8078264999656,85.7643355234213,1.10976408477535,0.664643300211145
69.4645892948192,11.9318489571511,4.50948146531968,4.62400655516941,17.6354124367628,2.76640407660091,1.48401180152994,84.6292166557372,1.68887996710566,0.435218513985786
70.5327143656368,12.8908728699471,3.4326870502906,3.60839205896915,13.4380116645031,0.876323910974688,0.320025685177868,86.1845286131042,1.46898350154032,1.80052044289286
69.052793527327,11.7772425209723,3.86274741217666,2.38360157614391,15.8320208473856,1.96054884200624,2.06728853859005,83.7788561186065,0.594826747706357,1.46031628343273
70.7147203857277,12.2896667920243,5.34980959236678,3.77321984540636,17.1116551285743,0.739513266288156,0.16822851072663,83.0040259530045,0.691040539653884,3.04956872035465
70.8376157657442,10.8724848747679,4.71334335420726,4.45623289329757,14.354459594758,1.83308721049449,1.82136477352952,81.972954281236,0.157545673204134,1.812808568418
69.0266667446975,11.3114876317064,2.4088788887988,4.08365218466398,13.4933160916332,0.597067377027929,0.0951669958359118,85.2273135443811,0.895147004062264,2.07920205967962
71.2030082603864,12.3860965280331,4.6319034265015,3.09465693769074,13.9805480877437,0.724007171964221,1.77893863525033,85.0364706090666,1.59870458383686,0.382347001023801
69.6486900001927,11.4049864914362,6.57093734002844,5.86056236707844,15.312423812463,0.362769973556385,0.688003749042463,84.209908533356,0.371891257622327,1.76006201668441
71.4592163766091,11.6777988004663,4.65744567496291,3.31343387758018,16.6170701071551,0.827345281671815,0.835095270873237,85.48915850008,1.59924629947413,1.72811307639701
70.4291128487674,13.0839999986069,6.55008979733247,3.83245788492312,15.8797582673493,1.09175799280807,2.7314386274796,85.0423672998563,0.0496967823556096,0.59696349097651
68.5213733580347,12.1706354367531,4.31659060999973,3.9774809799231,15.365223728797,0.833251524325649,0.0397828573818698,84.697441448173,1.0302026107284,1.0870483499715
70.7163583363176,12.5049573843699,5.74007423862999,4.44598855838587,14.1883800220628,0.0983813269954253,1.84745059333788,86.2742216233878,0.788441939508748,1.12680844531072
69.1926727174711,13.0140722420667,4.65243108765246,4.34645211729567,14.4472549414725,1.35181241217633,0.120842821197847,86.4399487710622,0.771146054168896,2.82719317784278
69.5452934214583,11.7419156473004,5.90775199413711,3.48074502799461,15.2680491778536,0.77806785388704,0.824934325174674,86.0424253677099,1.91070146790882,2.5580268825142
70.3804218215118,11.6835509744504,3.1511017170966,3.36791257978548,15.2679912830699,1.00426935197141,0.67663628092464,85.5965906808655,0.521753512678035,2.6944249499751
71.0445774653201,13.0414710412647,5.20363405422316,2.42016886874109,15.0445889638288,0.60108661069352,2.74140225980242,83.9985346478734,0.982763467695401,3.40582153073401
69.5222991888708,10.3031708854693,6.35685169078362,3.9163845516608,13.3539924198123,2.11824475185159,2.07219462839002,84.7516734836026,2.23136643986826,1.67860540949416
70.1263394214275,12.376149180554,4.15553561065218,4.21357703479764,15.4516905448009,0.901980885597046,0.875376901038177,84.9555944267105,0.221920819330948,3.18305691015126
68.4447413899816,12.105297364443,6.6570126031443,3.07904356039657,14.966442652253,0.820666338824749,0.934274228321053,85.1495857834549,0.380503349151853,1.7342653263984
67.8831184381175,13.5834894385221,4.59540605937418,4.35310228840386,13.6159629870777,1.59011247269733,0.881714883783497,86.1179133820387,0.0155044171562626,3.15617986844195
68.1204290882414,11.8216924541706,4.43798758529449,3.5623769123232,13.4620102318855,3.19623097778563,0.578315338134731,83.5805294875593,0.395564403263049,0.746953975904946
69.1941510642983,12.2023322171133,3.89058211275974,4.02434866725987,15.3645248568784,1.44465183257037,0.884070882046898,83.6443809353158,0.797233803889115,1.3957970391563
71.0239320545816,10.7241439093108,5.56863895757435,2.75791585217021,14.2985496153309,2.05962044556114,0.612853671752486,84.9399540399954,0.933169281179697,2.91341596076617
69.062441999175,11.6547220624576,3.89345735482678,4.571473268653,13.368853771769,0.0742797693004629,0.594721964561787,83.5290924079398,0.238895616121451,3.65745634787285
69.0284540052089,10.8975807259958,3.5870627791129,2.20963154714776,15.1030359837637,0.973748024859451,0.0735145931672563,86.1167059638451,1.42232505630315,1.96112241616549
69.7086426513417,12.5954357026529,4.74674196159699,5.59818317022897,15.6923634545553,0.406783954941176,0.092317444171541,84.8318533902455,1.04579358311539,1.66870854781592
68.9050852271532,12.0821182602212,3.25717833124466,3.32146087200985,16.229039056783,1.79469832352181,0.74733896877889,82.307198750773,0.679140945526024,2.62606684082181
70.5910653627214,11.6641362169049,4.1128043739498,2.095320902607,14.2073064415741,1.04419626296666,2.58378200048199,84.7615209091854,1.25961773064876,1.87935641539815
70.2011795591591,12.260736286354,6.94979547041335,2.45553173177843,15.1652485049962,1.54198669220622,0.448992930159991,85.2114111325149,0.698996425398776,2.0136256983845
70.6922984144512,13.3623630896484,5.04712202302372,1.49932771142157,16.3298167837837,3.58177484987751,1.9273350100928,84.2287494019069,0.516220668166327,2.25221348444686
69.0668870003178,11.3379281311694,5.85695788807293,3.29576539667431,13.7110687137772,0.242080794629433,0.553610888116971,83.7341903432079,0.326525523315546,3.0895061399478
69.9083235707297,12.5242553754491,3.37805582997732,3.68913877819609,16.3420899939491,1.45326865500874,1.10951741199784,85.013026188747,0.198863278169122,0.934434099833791
70.0093746525544,12.0321332997736,2.82386045534122,2.85622546380013,17.023191510187,0.128914511042717,2.97387836696255,86.223885485643,1.72619804153917,1.55874519116997
70.4111938511491,10.9392745186874,5.95956445740242,3.33097589877788,14.4621270511624,0.16920929483032,1.09494166494867,84.5205377776439,0.625803207837453,2.60031964641198
70.1191099552723,10.393434537358,5.09800739489028,2.19771635357721,15.0647140075021,2.00692029336161,0.151601382071478,86.1103089886686,1.11856709709696,0.143757900278014
69.2676596222975,13.2585324442332,6.62163486309893,4.51718709060793,11.35467983054,0.816771631220442,0.906529622084318,86.4012035519049,0.554804723066538,3.29544315368299
70.7331469809458,13.543662986455,6.04355571570756,3.33391627423698,13.2171149930944,1.25299361684501,0.286911807697976,83.7359373725491,0.284305432351103,1.35140029898684
70.3644447160881,13.2264931595357,2.77800575317721,3.78540174053364,16.501895606924,0.183666027883228,1.79786727142182,85.8656131523375,1.18119481687921,0.95563752691024
69.8814171209707,11.0182529677488,6.20288886088496,5.62217419111576,12.2894357099953,0.769913507538994,0.334593905222212,84.8920194350548,0.19685342332708,2.16757633723825
69.5735464503083,11.6365012331257,3.98182501120587,4.47602105146384,15.2979401735832,0.087757040660953,1.61535654497134,85.2457619032557,1.44955094913447,4.23377741359153
70.7845549729885,13.9397382112248,4.91253621658589,2.31275037378566,14.1220395140873,1.49344568682674,0.559596345168512,86.7551962566613,3.01707061116309,1.32771806703516
71.7460742929334,12.7531333442688,5.26047584011884,4.62471974763691,14.9667873369145,0.0152728235205269,0.602451323613519,85.9804950748102,0.943170309743907,0.505383680954926
71.4697778124469,12.6597153811261,4.31742364951136,1.83096111863099,14.5814107737665,0.58071598374163,1.09609645076539,84.5175428751246,1.27474749028504,1.86683990153575
69.5365207603472,13.8333856392755,4.2329858627305,6.36932753114914,15.0089570335532,0.46865214307499,0.210235530027805,83.4991682650677,1.03721365242776,3.17023378386562
69.8911814129813,10.8722602427285,5.01174921534991,4.97510824892149,15.0509646658069,1.05520118679339,0.807415353598662,85.3631139099995,1.85095003389709,1.72288971210084
69.5267272678532,11.5205316787539,5.26981624530979,1.94044617990608,15.6346476014659,0.49705519853858,0.303234312787865,85.5275726615037,0.649182449059934,2.59973564466997
70.1755347795617,11.4700395737713,3.402747978639,2.65928660971493,14.9050870759052,0.395133253397561,0.0127362651848386,86.2135744126534,0.356586822541286,3.15660906509776
69.666654574253,11.5835885328795,6.77208750669294,5.0521299362168,16.3008200301947,1.18009914866019,0.889640627048418,86.4293983334596,0.673919833816498,0.286163160243246
71.6666892464581,10.9107020280453,6.34694791410306,2.33985008745833,14.1458660201545,1.66291050122699,0.292804444059954,85.2154588527957,0.540265454809142,2.60007397534457
69.6533915846034,12.0930274584041,4.66931675983892,5.89946449134899,15.1501898683255,2.57049800540912,1.76854277916061,85.167552997983,0.550867706377564,1.48292774587177
69.5578606178875,11.7966274833352,3.30762722939117,4.82560851810035,13.0983383501228,0.552805163295787,0.202125476587372,85.4407239406717,1.15379726475207,1.94040753913238
69.8842000343376,11.0705364464585,6.0248092804366,4.33596081540166,15.6892137008193,2.32507694536972,0.625851649984598,86.0834462629558,0.128367508329681,4.24501021264297
69.812419698945,13.8531048551447,7.01791891031711,3.04758825268395,15.3476047448058,0.124091173031143,0.103621292380002,85.167405046591,2.24517537794029,2.25226832886268
70.6853335075169,12.0611866912142,3.88248099809927,5.1722051022509,15.9938153892273,0.713194523133739,1.34755801089693,84.6109474034661,2.84416363039108,2.81077890048739
70.5346295592268,9.5977549993969,5.1623855957748,3.6816660224182,13.8064324222274,0.311064874167395,1.17479184893181,83.945818268886,1.43520534630362,1.01034224670419
68.4206563098096,11.6770966210928,3.54348428024099,4.58230069478159,14.6567836309878,2.42855868136876,0.355063636095144,85.0136392328018,1.02032723364213,2.43017772493788
69.3401119764215,9.43711638554505,4.50010081915399,2.92566056794521,13.9908031238572,1.03964252633843,1.16934798429767,84.9847229983668,1.34961493406033,1.87643189179135
69.5683011934154,11.7574651395166,5.62848350965644,4.31300347817754,15.1209829363188,0.857286765038516,0.959958657524181,85.0004187241752,0.0598163843150213,1.76807066229597
70.9436801709059,12.3768439978237,3.55042608019948,2.52759498802368,14.3767061564183,1.33683994339331,1.22582808401338,84.6058370283966,0.728002504049283,2.55794765699529
69.9794458782099,11.4461401532434,3.90336177783316,2.96399594104847,14.8986395719633,3.75613088783249,1.29095602567022,84.4089975155642,1.27750985257417,0.49570463027866
70.4995896934068,11.9663514549114,4.64702150242252,3.3197063799088,16.3162713383203,0.243525974702591,1.8494802263222,85.9259726906967,2.2599327828159,3.39052776902899
69.9215968001904,12.3332041201747,4.45741665605077,4.70255654821247,17.0446825917342,1.34783308782264,0.0197974331803512,84.8565296404318,0.734384603027272,4.28263600626823
69.5606483233816,11.6153162095159,5.01793187356961,3.68263452090634,13.2686919580394,0.997079934127109,0.0616185293001791,86.5585374038404,0.103421268235952,1.55879941922009
70.6645905587121,13.3782769730618,4.8831617049646,3.04707469514683,13.8425009158438,1.07098212263026,0.479150683501915,84.2170556825379,1.36494245854899,2.51880457383892
72.3332680516824,13.8792588803381,3.03642781095225,2.45496674315139,16.3752866324779,2.01503425388666,1.65754767517848,83.1560527265311,1.41976382135181,4.053861151768
70.0070303225918,12.8131752882955,3.72025198885486,2.76273058821703,15.2766433230584,1.10285431550106,0.340418906955272,84.8400274266183,1.50384367241533,1.11794090270044
66.5979761956441,12.9659590153809,5.14685836448858,3.81421212788626,14.2105763667959,0.821210625255074,0.00225721070354212,85.911943974044,1.74379108489799,2.04712647941058
69.0421139136472,14.3370446222421,5.46803673025957,3.85833654743804,15.8954465304024,1.21562345136318,0.753845766187574,84.846519927927,0.888753601819581,4.30863463622963
69.773506808718,11.8671166447294,6.44942319012099,3.21499103770211,14.0363681548212,0.186253443630825,0.60902425130492,83.4211383089169,0.343263842642371,1.07473953062893
68.4433733913059,12.1741883727012,5.58697520263035,2.82762815227072,15.0553564200866,2.77501507016515,0.164664126932907,84.4173295986321,0.733218261122488,2.95547882152379
70.3169304441269,10.4455694423935,4.97568871540888,1.42830710194842,15.5693785578043,2.7597519888007,2.76644490090347,84.9609613946704,1.16213695861846,2.47350101025341
69.4158522174753,11.936899510211,5.60587089573032,3.87810977182053,15.9911887688149,0.103474826014561,0.0594917938827665,86.3043064867744,1.75080463938605,1.6368705430619
70.6969576660841,11.4621714597484,3.90161328744783,3.12745417377927,15.8772052983887,0.988279245793044,1.94140004741598,86.1233024379736,1.10566722669891,2.36185367848142
70.944522906045,11.8590545935157,2.71484437492178,3.45451353984742,15.7471862038613,2.85169632479286,1.40003053897878,85.8111161227817,1.30269583901447,1.66780790810607
68.1853893178269,12.1258832010744,4.75594276754969,3.36239395696189,15.6094957533589,1.39234501492434,2.61636425818632,85.4713821176825,0.761088256522705,2.76038465906466
70.5636014027493,11.8667903887309,4.7060513649547,1.45433302224788,16.171320390801,0.506569424863753,0.909872279131023,84.1863996389852,1.79122398897229,1.49043051478506
70.9728069889635,11.7153736297494,4.17865730257593,3.41186516446528,14.8484788922431,0.089135525389835,0.80902806668843,85.8111522115513,0.00968661305008001,0.242847678832498
69.3195164157812,9.51863350024676,2.75542469591068,5.30325813155164,14.1088092419244,0.129537326732041,0.183811642989645,86.2184010856262,1.54432357148698,2.81319771780612
69.0734663528678,13.2177148424057,3.63411180529688,5.34942278547432,15.6120619245975,1.03143079604804,0.401807000284549,85.742200100646,0.326305639842878,3.13232732088381
68.0640390652616,12.6305017157795,6.4922422055699,1.99793642720377,15.5733579634077,0.624658625699811,0.498356955140106,86.1765431220518,1.43703582552432,2.11153896347961
70.9635419026939,10.1993755385896,3.88458675192836,3.53051673124131,16.1895456512473,2.27479500350296,0.206871239178836,85.3041072999828,0.337623989119962,1.16987336103645
72.0836854531479,12.0326423002521,4.97764544181372,1.42070765404799,14.1967368086613,2.76164249953022,0.284006708426854,86.0185514450334,0.858120818631158,1.51740998727802
69.8835621860466,13.4341088808895,4.65902700007955,2.90820840329348,15.5513942191141,1.80958132422218,1.17283578264486,86.4035685777628,0.0519732883770225,0.682815686506921
71.1066945992031,13.7803090047963,6.6864853826376,5.23765802746496,14.7513551502749,0.878775544866023,0.352830000299733,84.0317163985344,0.0491553625451503,0.612623985258174
71.2277428318739,14.4649811846428,5.14407111894516,4.33220237384238,15.8549691382947,2.01766911663723,2.61378800539887,86.5191319207164,0.414164455618355,3.13239345345274
70.1012937521031,11.4449936443174,7.0272307601764,3.15677021548324,16.3397998710975,0.152387525816427,0.59100212181217,85.7648682995558,2.31476121837628,0.0585145268620444
70.0401718519648,12.9521522571418,6.04504549464797,3.10471071094399,16.0461939718332,0.250301499000692,0.988237618848249,85.7053717603426,0.772215159503044,2.55869349908078
72.0521479892284,13.4151711863154,3.45245955938105,3.41813466371018,14.1784951592215,0.924421099154645,0.729328277291494,85.073547769928,0.822438460532846,1.61582497194251
69.5527544627994,11.231794802869,5.10830658235039,2.31687809590495,14.3299587256704,0.714492548661693,1.00101115036719,84.0449874740177,2.19184109049033,0.674344444808009
68.8183873197118,12.5831948039309,5.45810948769955,3.60025460888998,14.5880326955244,0.124680256098094,0.349654928917683,83.7499101950891,0.312305094077111,1.76749249042127
71.2387232813612,12.3045650306301,4.36845058991608,2.6587844441263,15.6399685238307,1.27121374778168,1.75237218542238,85.3026970416175,1.11772525459026,1.81094870066241
69.4017663093248,13.2805195504949,4.614220537841,2.14539108530752,14.4880344489942,0.275056600958723,0.461060264539271,84.8556643634268,0.123090852254389,3.2023016768504
68.5242903030926,12.2562261383689,5.02763141204576,2.67574739008286,15.4102882471492,2.03423841676414,0.341256532393272,86.0650297720739,1.44835557536983,4.39883323295012
69.6638351598082,11.7535775652014,3.07212568257271,4.5454890507708,16.3099856561256,0.548700532698278,1.72474251554194,84.9836794642308,0.746981208371737,3.82290899159925
69.1579590343987,12.4860422115683,2.86017324198346,2.44693356700454,15.7433338182218,0.539069951122997,1.99278655796072,84.6289134977667,0.54417393429647,3.6269914642286
69.005759035419,10.9343858082593,4.28121532107065,2.54253277616948,16.4482917605018,0.836096784964862,0.381092174899891,86.5113711153913,1.72771797949832,3.61588635938788
72.2709438960983,12.6633810244506,5.43631166730502,1.17550108311101,15.288268755664,2.26192184066441,0.673361119248487,84.7346572667043,1.93843952252584,2.92873539670628
70.0101879603666,11.6364833987621,6.12880122213549,4.04200382583397,15.4638628708467,1.51107487220231,0.0898386449835847,84.3255398888766,0.513528727888971,1.54548358266526
70.558212375941,12.4550796667414,2.57459915171423,3.58727396694086,14.2169499590678,1.26421306636324,0.929867723949724,85.6715592775152,1.78974363661862,2.17117292461364
67.8911128728939,12.2302983947133,4.78366853795239,3.1130981942101,15.8309070221783,1.92507875746981,2.54349207373836,86.5032201639246,2.24524887359789,0.46940474089482
70.103266169844,12.2813763310538,4.08732269630006,4.40721798141665,13.4632205754662,0.184264944476738,1.67623710164628,84.0231263850672,0.0225417044790992,1.22216732414696
68.1998522210806,11.2762034071885,4.40542263390339,3.5204672291282,13.8445424309489,2.04673193627733,1.445640766251,84.7267830445706,1.31817715041289,1.12696548520659
70.4735021445163,11.8912833703106,5.9909431214383,4.07510841994576,15.5640154618403,0.908753980144535,1.26662305500678,84.6546664197119,1.09664284190624,0.909828697615636
70.7250346605946,11.564278783135,7.01439167588808,3.07947048676829,14.2800513312823,0.543503875503947,0.588392553717013,85.0327947685765,0.153846024144425,3.41265589165171
69.5731345737509,12.5986001333041,4.66981754409864,2.86526667014396,15.5723600551176,0.311842122905818,0.865977881514227,85.3311783392115,2.23106073240292,2.50004796260919
69.4632269452012,14.0161094406252,5.04855345183354,4.6027828462166,13.9034244976157,0.534349697795033,1.54903043526185,85.7300686247158,0.942936198870449,2.26450705473118
71.3238603317003,12.5634767316223,3.25025481011343,4.33346745613827,15.2265878617994,2.41963782370557,0.94488526106311,86.0470649348917,0.94355431554872,1.98867337201759
68.9086468690018,10.7838166746213,7.75417077742337,4.41379395426998,13.5083656121141,1.09743908517994,0.281216829035143,84.270357829719,1.49798424977255,2.98593529165651
70.309381106948,10.8304296192347,4.96856972698187,3.91644202440562,15.6741135249053,0.553086639545243,2.11128160759596,84.9860396607725,0.764733633044892,2.8846377685984
70.4921739730088,12.025749072683,5.71069388942133,3.37776351895599,13.4408343733433,0.0648888325765434,1.64561357947712,85.7876060436608,0.631776873316931,1.09513813642084
70.7390406391097,13.0015700605256,5.46140442312658,2.63129264941679,15.4668058737816,1.16959244333457,2.00996051140149,84.4055225169897,1.07487462889339,0.00382435143443249
69.8820738458814,13.4174683252684,3.74063964672281,5.47856794433333,15.2104176163711,0.918188890557954,1.54742802141187,85.4563188290766,1.73283957772548,0.821525562947064
70.1586410336335,10.8922942437964,5.16384802277021,3.65433703472103,16.1323896601902,1.95559186416827,0.0378674449224263,86.744184094125,0.209398778237112,1.50512888097116
69.0249604091629,12.1041733140265,3.68361745826372,3.15603300059667,17.5720647105482,1.8910494819398,0.54504554916062,83.6574893191334,0.834239931509358,1.996757068134
70.9404993877235,12.1301896397289,5.09948540773819,5.2704099411341,13.4066981444942,1.6126700603796,1.11044562155148,85.7242091668135,1.26625401105785,3.50340582686359
69.4103611163081,11.8895278478203,5.30924900976527,5.18640417523098,14.8385135370647,2.69564472276236,0.598791853587098,84.927773207261,4.31572072587951,2.63476933487504
68.975216044551,10.7599912262153,4.02987253946513,2.83388609005427,14.5385899542956,0.181686745723583,0.97795578375836,83.9988166238059,2.18986783807543,2.68544466860747
69.6328836104489,12.6252703065131,3.62503879857206,3.49740600687634,14.5188702200968,0.407466224531058,0.912229381584818,85.2633128880696,1.77058663432074,2.81047829957046
69.2425270960581,10.0870063866148,5.0605687990827,3.21399972123411,13.9106303293196,1.86459739300518,0.95435442317656,84.9505326363433,0.617227412864375,1.86957423298959
71.0793288677248,12.6885326054654,5.10021427558754,4.45664501849533,15.6843670931293,0.316936137623187,0.18171275860885,83.9762368448598,0.791082073762916,0.925916833140895
69.3550758269673,10.4206391727335,5.10655280715774,3.18694744761506,15.4234432770504,0.349240510113202,0.776753484006375,85.0198757838998,1.41816221790265,1.1024567452941
