"Job_ID","Pipeline_ID","Scan_Type","Severity","Vulnerability_Count","Arrival_Time_Min","Service_Time_Min","Risk_Score","Developer_Experience","Code_Change_Size","Severity_Score","Vulnerability_Normalized","Risk_Normalized","Waiting_Factor","GatekeeperX_Priority_Score","Priority_Class","Security_Decision","Queue_Position","Service_Start_Time","Completion_Time","Actual_Waiting_Time","Turnaround_Time","Dynamic_Priority","Simulation_Queue_Position","Simulation_Status"
1,"PL-0049","SAST","High",8,0.11,5.61,84.03,"Junior","Medium",75,50,84.03,0.00438446146855544,64.76,"P2 - High","WAIT / PRIORITIZE",256,0.11,5.72,0,5.61,64.76,1,"Completed"
2,"PL-0153","SCA","Medium",3,0.34,2.17,48.76,"Senior","Large",50,18.75,48.76,0.0135519718118986,38.44,"P4 - Low","PASS WITH MONITORING",714,5.72,7.89,5.38,7.55,41.13,2,"Completed"
3,"PL-0074","SAST","Medium",2,2.28,2.71,53.39,"Intermediate","Small",50,12.5,53.39,0.0908779286209673,38.36,"P4 - Low","PASS WITH MONITORING",717,7.89,10.6,5.61,8.32,41.16,3,"Completed"
4,"PL-0228","SAST","Low",1,3.99,3.78,27.6,"Junior","Large",25,6.25,27.6,0.159036375086693,19.42,"P4 - Low","PASS",977,10.6,14.38,6.61,10.39,22.73,4,"Completed"
5,"PL-0146","IaC","Low",4,13.04,4.17,18.74,"Junior","Small",25,25,18.74,0.519757977726936,20.99,"P4 - Low","PASS",946,125.76,129.93,112.72,116.89,77.35,28,"Completed"
6,"PL-0122","SCA","Medium",4,13.48,3.13,36.54,"Junior","Small",50,25,36.54,0.537295823601157,36.69,"P4 - Low","PASS",738,14.38,17.51,0.9,4.03,37.14,5,"Completed"
7,"PL-0049","SCA","Medium",5,14.71,3.04,41.73,"Senior","Medium",50,31.25,41.73,0.586322074567732,39.24,"P4 - Low","PASS WITH MONITORING",695,47.83,50.87,33.12,36.16,55.8,12,"Completed"
8,"PL-0128","DAST","High",5,16.42,7.19,74.06,"Junior","Medium",75,31.25,74.06,0.654480521033457,58.58,"P3 - Medium","WAIT / PRIORITIZE",334,17.51,24.7,1.09,8.28,59.12,6,"Completed"
9,"PL-0024","SAST","Medium",2,18.02,5.11,61.09,"Intermediate","Medium",50,12.5,61.09,0.718254506030627,40.34,"P3 - Medium","PASS WITH MONITORING",673,50.87,55.98,32.85,37.96,56.76,13,"Completed"
10,"PL-0089","SAST","Medium",2,18.97,3.68,43.38,"Junior","Small",50,12.5,43.38,0.756120309622697,35.92,"P4 - Low","PASS WITH MONITORING",742,61.95,65.63,42.98,46.66,57.41,15,"Completed"
11,"PL-0165","IaC","Critical",15,19.12,6.28,100,"Intermediate","Large",100,93.75,100,0.762099120716182,88.83,"P1 - Critical","BLOCK",24,24.7,30.98,5.58,11.86,91.62,7,"Completed"
12,"PL-0110","SAST","Low",4,21.78,3.66,30.12,"Intermediate","Small",25,25,30.12,0.868123370773977,23.87,"P4 - Low","PASS",880,129.93,133.59,108.15,111.81,77.94,29,"Completed"
13,"PL-0020","DAST","Critical",4,21.8,5.77,100,"Junior","Small",100,25,100,0.868920545586442,75.09,"P2 - High","BLOCK",118,30.98,36.75,9.18,14.95,79.68,8,"Completed"
14,"PL-0297","Container","Medium",4,21.82,5.97,55.21,"Intermediate","Small",50,25,55.21,0.869717720398906,41.39,"P3 - Medium","PASS WITH MONITORING",650,55.98,61.95,34.16,40.13,58.47,14,"Completed"
15,"PL-0089","SCA","High",9,26.88,4.3,70.46,"Junior","Large",75,56.25,70.46,1.07140294795246,62.72,"P2 - High","WAIT / PRIORITIZE",285,43.53,47.83,16.65,20.95,71.04,11,"Completed"
16,"PL-0283","SCA","Low",3,29.85,3.29,17.34,"Senior","Medium",25,18.75,17.34,1.18978340760345,19.45,"P4 - Low","PASS",974,162.91,166.2,133.06,136.35,85.98,37,"Completed"
17,"PL-0109","IaC","Critical",4,32.59,2.83,98.05,"Intermediate","Large",100,25,98.05,1.29899635691111,74.64,"P2 - High","BLOCK",119,40.7,43.53,8.11,10.94,78.69,10,"Completed"
18,"PL-0005","SCA","Critical",7,32.98,3.95,87.91,"Intermediate","Small",100,43.75,87.91,1.31454126575417,75.86,"P2 - High","BLOCK",116,36.75,40.7,3.77,7.72,77.75,9,"Completed"
19,"PL-0212","IaC","Medium",5,33.76,3.38,51.05,"Junior","Medium",50,31.25,51.05,1.34563108344029,41.65,"P3 - Medium","PASS WITH MONITORING",644,70.97,74.35,37.21,40.59,60.25,17,"Completed"
20,"PL-0259","DAST","Medium",4,35.62,5.44,45.65,"Senior","Medium",50,25,45.65,1.4197683409995,39.05,"P4 - Low","PASS WITH MONITORING",702,95.71,101.15,60.09,65.53,69.1,22,"Completed"
21,"PL-0298","Container","Low",2,36.09,6.4,29.78,"Intermediate","Medium",25,12.5,29.78,1.43850194909242,21.34,"P4 - Low","PASS",939,176.5,182.9,140.41,146.81,91.54,40,"Completed"
22,"PL-0024","SCA","Medium",6,47.36,2.73,50.73,"Intermediate","Medium",50,37.5,50.73,1.88770995591623,42.87,"P3 - Medium","PASS WITH MONITORING",614,107.98,110.71,60.62,63.35,73.18,24,"Completed"
23,"PL-0158","SAST","Medium",3,49.9,3.52,41.63,"Junior","Medium",50,18.75,41.63,1.98895115709924,36.86,"P4 - Low","PASS WITH MONITORING",736,140.41,143.93,90.51,94.03,82.11,31,"Completed"
24,"PL-0299","DAST","Low",3,50.16,4.32,18.84,"Senior","Large",25,18.75,18.84,1.99931442966128,19.91,"P4 - Low","PASS",966,211.23,215.55,161.07,165.39,100,47,"Completed"
25,"PL-0136","SCA","Medium",2,52.91,2.37,46.41,"Intermediate","Large",50,12.5,46.41,2.10892596637517,36.81,"P4 - Low","PASS WITH MONITORING",737,143.93,146.3,91.02,93.39,82.32,32,"Completed"
26,"PL-0292","SAST","Medium",6,53.82,3.87,56.27,"Junior","Small",50,37.5,56.27,2.14519742034231,44.28,"P3 - Medium","PASS WITH MONITORING",567,110.71,114.58,56.89,60.76,72.72,25,"Completed"
27,"PL-0146","Container","Medium",4,54.16,6.16,62.98,"Junior","Medium",50,25,62.98,2.15874939215421,43.46,"P3 - Medium","PASS WITH MONITORING",601,119.6,125.76,65.44,71.6,76.18,27,"Completed"
28,"PL-0109","SAST","Medium",1,54.4,3.3,45.33,"Senior","Large",50,6.25,45.33,2.16831548990378,35.3,"P4 - Low","PASS WITH MONITORING",747,150.29,153.59,95.89,99.19,83.24,34,"Completed"
29,"PL-0197","SAST","High",6,64.81,5.34,68.43,"Junior","Small",75,37.5,68.43,2.58324497979162,58.62,"P3 - Medium","PASS WITH MONITORING",333,65.63,70.97,0.82,6.16,59.03,16,"Completed"
30,"PL-0004","Container","Medium",4,66.27,6.82,73.29,"Junior","Large",50,25,73.29,2.64143874110154,46.09,"P3 - Medium","WAIT / PRIORITIZE",515,133.59,140.41,67.32,74.14,79.75,30,"Completed"
31,"PL-0226","SAST","Medium",5,68.88,3.99,54.67,"Junior","Small",50,31.25,54.67,2.74547005412817,42.69,"P3 - Medium","PASS WITH MONITORING",618,146.3,150.29,77.42,81.41,81.4,33,"Completed"
32,"PL-0215","SCA","Medium",3,70.31,3.24,48.89,"Intermediate","Medium",50,18.75,48.89,2.80246805321939,38.75,"P4 - Low","PASS WITH MONITORING",707,173.26,176.5,102.95,106.19,90.22,39,"Completed"
33,"PL-0245","SAST","High",7,71.61,4.15,97.14,"Intermediate","Small",75,43.75,97.14,2.85428441602959,67.07,"P2 - High","WAIT / PRIORITIZE",207,79.2,83.35,7.59,11.74,70.86,19,"Completed"
34,"PL-0114","DAST","Low",1,72.93,6.48,24.38,"Senior","Small",25,6.25,24.38,2.90689795365226,18.89,"P4 - Low","PASS",983,238.36,244.84,165.43,171.91,100,54,"Completed"
35,"PL-0262","SAST","High",10,73.54,4.85,86.54,"Junior","Medium",75,62.5,86.54,2.93121178543243,68.18,"P2 - High","WAIT / PRIORITIZE",193,74.35,79.2,0.81,5.66,68.59,18,"Completed"
36,"PL-0130","SAST","Medium",3,74.07,3.11,48.11,"Junior","Medium",50,18.75,48.11,2.95233691796274,38.57,"P4 - Low","PASS WITH MONITORING",710,182.9,186.01,108.83,111.94,92.99,41,"Completed"
37,"PL-0003","IaC","Critical",13,82.02,5.02,100,"Intermediate","Small",100,81.25,100,3.26921390591743,86.58,"P1 - Critical","BLOCK",46,83.35,88.37,1.33,6.35,87.25,20,"Completed"
38,"PL-0258","DAST","High",10,84.54,7.34,93.04,"Junior","Small",75,62.5,93.04,3.36965793228797,69.85,"P2 - High","WAIT / PRIORITIZE",161,88.37,95.71,3.83,11.17,71.76,21,"Completed"
39,"PL-0186","DAST","Low",1,84.58,4.38,26.38,"Intermediate","Small",25,6.25,26.38,3.3712522819129,19.43,"P4 - Low","PASS",976,249.76,254.14,165.18,169.56,100,56,"Completed"
40,"PL-0138","SAST","Low",2,86.9,4.24,27.25,"Junior","Large",25,12.5,27.25,3.4637245601588,20.91,"P4 - Low","PASS",949,254.14,258.38,167.24,171.48,100,57,"Completed"
41,"PL-0040","SAST","Low",4,88.47,4.92,23.45,"Senior","Small",25,25,23.45,3.52630278293727,22.47,"P4 - Low","PASS",917,244.84,249.76,156.37,161.29,100,55,"Completed"
42,"PL-0005","SAST","Medium",4,90.32,3.78,43.41,"Senior","Large",50,25,43.41,3.60004145309025,38.71,"P4 - Low","PASS WITH MONITORING",708,215.55,219.33,125.23,129.01,100,48,"Completed"
43,"PL-0033","SCA","Low",2,91.02,2.92,14.47,"Junior","Small",25,12.5,14.47,3.62794257152651,17.73,"P4 - Low","PASS",994,258.38,261.3,167.36,170.28,100,58,"Completed"
44,"PL-0103","SCA","Medium",6,93.15,2.7,58.61,"Senior","Medium",50,37.5,58.61,3.71284168905399,45.02,"P3 - Medium","PASS WITH MONITORING",545,198.8,201.5,105.65,108.35,97.84,44,"Completed"
45,"PL-0228","SAST","Medium",5,96.41,3.75,52.48,"Senior","Small",50,31.25,52.48,3.84278118348573,42.25,"P3 - Medium","PASS WITH MONITORING",630,219.33,223.08,122.92,126.67,100,49,"Completed"
46,"PL-0109","Container","Low",1,96.41,5.8,7.75,"Intermediate","Medium",25,6.25,7.75,3.84278118348573,14.82,"P4 - Low","PASS",1000,270.37,276.17,173.96,179.76,100,61,"Completed"
47,"PL-0157","DAST","Critical",9,97.81,6.83,100,"Junior","Medium",100,56.25,100,3.89858342035825,81.64,"P1 - Critical","BLOCK",88,101.15,107.98,3.34,10.17,83.31,23,"Completed"
48,"PL-0076","SAST","Medium",4,98.81,3.99,55.85,"Junior","Small",50,25,55.85,3.93844216098148,41.86,"P3 - Medium","PASS WITH MONITORING",637,223.08,227.07,124.27,128.26,100,50,"Completed"
49,"PL-0265","SCA","Medium",4,101.13,2.1,48.15,"Senior","Medium",50,25,48.15,4.03091443922738,39.94,"P4 - Low","PASS WITH MONITORING",680,227.07,229.17,125.94,128.04,100,51,"Completed"
50,"PL-0035","SAST","Medium",7,105.42,5.17,67.81,"Senior","Small",50,43.75,67.81,4.20190843650104,48.62,"P3 - Medium","PASS WITH MONITORING",453,206.06,211.23,100.64,105.81,98.94,46,"Completed"
51,"PL-0221","IaC","High",5,105.64,3.98,79.18,"Intermediate","Large",75,31.25,79.18,4.21067735943815,60.22,"P2 - High","WAIT / PRIORITIZE",318,153.59,157.57,47.95,51.93,84.19,35,"Completed"
52,"PL-0016","SAST","Medium",3,108.03,3.84,38.91,"Junior","Small",50,18.75,38.91,4.30593974952767,36.41,"P4 - Low","PASS",740,261.3,265.14,153.27,157.11,100,59,"Completed"
53,"PL-0220","DAST","Medium",3,111.9,5.23,52.57,"Junior","Medium",50,18.75,52.57,4.46019307573958,39.84,"P4 - Low","PASS WITH MONITORING",682,265.14,270.37,153.24,158.47,100,60,"Completed"
54,"PL-0248","DAST","Low",1,111.93,4.44,17.87,"Senior","Large",25,6.25,17.87,4.46138883795828,17.41,"P4 - Low","PASS",995,281.86,286.3,169.93,174.37,100,63,"Completed"
55,"PL-0118","SAST","Medium",7,112.46,2.95,62.59,"Intermediate","Large",50,43.75,62.59,4.48251397048859,47.35,"P3 - Medium","PASS WITH MONITORING",481,229.17,232.12,116.71,119.66,100,52,"Completed"
56,"PL-0130","DAST","Medium",3,114.05,5.69,39.12,"Senior","Small",50,18.75,39.12,4.54588936807953,36.48,"P4 - Low","PASS",739,276.17,281.86,162.12,167.81,100,62,"Completed"
57,"PL-0082","SAST","Critical",16,114.55,5.02,100,"Junior","Small",100,100,100,4.56581873839114,90.46,"P1 - Critical","BLOCK",16,114.58,119.6,0.03,5.05,90.47,26,"Completed"
58,"PL-0110","SAST","Medium",2,114.63,3.78,54.56,"Junior","Small",50,12.5,54.56,4.569007437641,39.1,"P4 - Low","PASS WITH MONITORING",698,286.3,290.08,171.67,175.45,100,64,"Completed"
59,"PL-0296","SAST","Low",3,114.72,3.7,24.27,"Intermediate","Small",25,18.75,24.27,4.57259472429709,21.52,"P4 - Low","PASS",934,290.08,293.78,175.36,179.06,100,65,"Completed"
60,"PL-0149","DAST","High",6,117.08,7.06,82.23,"Junior","Medium",75,37.5,82.23,4.66666135216792,62.27,"P2 - High","WAIT / PRIORITIZE",289,166.2,173.26,49.12,56.18,86.83,38,"Completed"
61,"PL-0057","SCA","Medium",6,119.43,3.67,47.99,"Senior","Medium",50,37.5,47.99,4.76032939263251,42.47,"P3 - Medium","PASS WITH MONITORING",623,293.78,297.45,174.35,178.02,100,66,"Completed"
62,"PL-0100","SCA","Low",2,124.61,3.49,21.27,"Intermediate","Medium",25,12.5,21.27,4.96679766906085,19.56,"P4 - Low","PASS",971,297.45,300.94,172.84,176.33,100,67,"Completed"
63,"PL-0298","Container","Low",2,127.62,3.4,22.19,"Intermediate","Small",25,12.5,22.19,5.08677247833677,19.81,"P4 - Low","PASS",968,300.94,304.34,173.32,176.72,100,68,"Completed"
64,"PL-0091","SAST","Medium",6,130.61,4.6,61.36,"Junior","Small",50,37.5,61.36,5.20595011280024,45.86,"P3 - Medium","PASS WITH MONITORING",520,304.34,308.94,173.73,178.33,100,69,"Completed"
65,"PL-0269","SAST","Medium",2,130.67,4.18,49.82,"Senior","Small",50,12.5,49.82,5.20834163723763,37.98,"P4 - Low","PASS WITH MONITORING",722,308.94,313.12,178.27,182.45,100,70,"Completed"
66,"PL-0181","Container","Low",5,132.64,5.94,31.57,"Senior","Medium",25,31.25,31.57,5.2868633562654,25.92,"P4 - Low","PASS",832,313.12,319.06,180.48,186.42,100,71,"Completed"
67,"PL-0054","DAST","Low",2,134.29,5.86,18.01,"Intermediate","Small",25,12.5,18.01,5.35263027829373,18.79,"P4 - Low","PASS",986,319.06,324.92,184.77,190.63,100,72,"Completed"
68,"PL-0288","SCA","Low",4,134.51,1.98,21.52,"Junior","Medium",25,25,21.52,5.36139920123084,22.17,"P4 - Low","PASS",922,324.92,326.9,190.41,192.39,100,73,"Completed"
69,"PL-0208","DAST","High",6,138.67,6.24,72.82,"Intermediate","Medium",75,37.5,72.82,5.52721156222348,60.01,"P2 - High","WAIT / PRIORITIZE",321,232.12,238.36,93.45,99.69,100,53,"Completed"
70,"PL-0246","DAST","Medium",2,142.47,3.92,54.14,"Senior","Small",50,12.5,54.14,5.67867477659176,39.1,"P4 - Low","PASS WITH MONITORING",699,326.9,330.82,184.43,188.35,100,74,"Completed"
71,"PL-0060","DAST","Medium",4,143.88,5.57,51.51,"Intermediate","Large",50,25,51.51,5.73487560087051,40.95,"P3 - Medium","PASS WITH MONITORING",657,330.82,336.39,186.94,192.51,100,75,"Completed"
72,"PL-0285","SCA","High",11,145.68,4.56,87.93,"Intermediate","Large",75,68.75,87.93,5.80662133399233,70.06,"P2 - High","WAIT / PRIORITIZE",158,201.5,206.06,55.82,60.38,97.97,45,"Completed"
73,"PL-0108","SAST","Critical",8,147.65,5.34,100,"Junior","Small",100,50,100,5.8851430530201,80.59,"P1 - Critical","BLOCK",98,157.57,162.91,9.92,15.26,85.55,36,"Completed"
74,"PL-0126","IaC","Medium",4,148.14,4.09,44.75,"Intermediate","Medium",50,25,44.75,5.90467383592548,39.28,"P4 - Low","PASS WITH MONITORING",693,336.39,340.48,188.25,192.34,100,76,"Completed"
75,"PL-0112","SCA","High",10,148.34,3.76,88.53,"Junior","Large",75,62.5,88.53,5.91264558405013,68.97,"P2 - High","WAIT / PRIORITIZE",181,340.48,344.24,192.14,195.9,100,77,"Completed"
76,"PL-0072","SCA","Low",1,149,3.22,25.4,"Intermediate","Large",25,6.25,25.4,5.93895235286146,19.44,"P4 - Low","PASS",975,344.24,347.46,195.24,198.46,100,78,"Completed"
77,"PL-0285","DAST","High",10,150.37,7.96,88.34,"Junior","Medium",75,62.5,88.34,5.99355882751529,68.93,"P2 - High","WAIT / PRIORITIZE",182,347.46,355.42,197.09,205.05,100,79,"Completed"
78,"PL-0001","Container","Medium",8,150.4,5.46,58.65,"Intermediate","Small",50,50,58.65,5.99475458973398,47.76,"P3 - Medium","PASS WITH MONITORING",473,355.42,360.88,205.02,210.48,100,80,"Completed"
79,"PL-0141","Container","Medium",6,156.97,5.54,58.4,"Junior","Large",50,37.5,58.4,6.25662651562861,45.23,"P3 - Medium","PASS WITH MONITORING",540,360.88,366.42,203.91,209.45,100,81,"Completed"
80,"PL-0206","Container","Critical",9,161.29,6.32,100,"Intermediate","Small",100,56.25,100,6.42881627512097,81.89,"P1 - Critical","BLOCK",87,186.01,192.33,24.72,31.04,94.25,42,"Completed"
81,"PL-0299","SAST","Critical",6,164.68,4.02,97.63,"Junior","Medium",100,37.5,97.63,6.56393740583372,77.56,"P2 - High","BLOCK",109,366.42,370.44,201.74,205.76,100,82,"Completed"
82,"PL-0042","Container","Critical",13,173.29,6.47,100,"Senior","Medium",100,81.25,100,6.90712116259975,86.94,"P1 - Critical","BLOCK",44,192.33,198.8,19.04,25.51,96.46,43,"Completed"
83,"PL-0042","SCA","Medium",4,173.6,4.19,40.18,"Senior","Small",50,25,40.18,6.91947737219295,38.24,"P4 - Low","PASS WITH MONITORING",719,370.44,374.63,196.84,201.03,100,83,"Completed"
84,"PL-0248","Container","Medium",4,177.54,6.29,41.35,"Junior","Medium",50,25,41.35,7.07652081024848,38.55,"P4 - Low","PASS WITH MONITORING",712,374.63,380.92,197.09,203.38,100,84,"Completed"
85,"PL-0251","DAST","Low",4,178.07,5.74,32.02,"Junior","Large",25,25,32.02,7.09764594277879,24.96,"P4 - Low","PASS",857,380.92,386.66,202.85,208.59,100,85,"Completed"
86,"PL-0157","SCA","Medium",2,182.35,4.08,47.29,"Intermediate","Large",50,12.5,47.29,7.26824135264622,37.55,"P4 - Low","PASS WITH MONITORING",727,386.66,390.74,204.31,208.39,100,86,"Completed"
87,"PL-0025","SAST","Low",3,187.07,2.75,21.62,"Senior","Medium",25,18.75,21.62,7.45637460838787,21.15,"P4 - Low","PASS",945,390.74,393.49,203.67,206.42,100,87,"Completed"
88,"PL-0191","SCA","Medium",1,187.16,2.06,51.29,"Senior","Large",50,6.25,51.29,7.45996189504396,37.32,"P4 - Low","PASS WITH MONITORING",728,393.49,395.55,206.33,208.39,100,88,"Completed"
89,"PL-0032","Container","Critical",6,187.2,5.77,95.88,"Senior","Small",100,37.5,95.88,7.46155624466889,77.22,"P2 - High","BLOCK",110,395.55,401.32,208.35,214.12,100,89,"Completed"
90,"PL-0238","IaC","High",9,189.75,4.39,93.46,"Intermediate","Small",75,56.25,93.46,7.56319603325813,69.12,"P2 - High","WAIT / PRIORITIZE",176,401.32,405.71,211.57,215.96,100,90,"Completed"
91,"PL-0014","SAST","Low",1,191.96,3.78,27.5,"Junior","Medium",25,6.25,27.5,7.65128385003547,20.14,"P4 - Low","PASS",963,405.71,409.49,213.75,217.53,100,91,"Completed"
92,"PL-0111","DAST","Medium",2,196.01,5.49,40.32,"Intermediate","Small",50,12.5,40.32,7.81271174955956,35.86,"P4 - Low","PASS WITH MONITORING",743,409.49,414.98,213.48,218.97,100,92,"Completed"
93,"PL-0262","SAST","Low",1,198.72,2.43,24.93,"Junior","Medium",25,6.25,24.93,7.92072893664852,19.52,"P4 - Low","PASS",973,414.98,417.41,216.26,218.69,100,93,"Completed"
94,"PL-0299","SAST","High",8,199.75,5.01,74.24,"Junior","Large",75,50,74.24,7.96178343949045,63.11,"P2 - High","WAIT / PRIORITIZE",282,417.41,422.42,217.66,222.67,100,94,"Completed"
95,"PL-0208","DAST","High",8,202.02,6.49,86.81,"Senior","Medium",75,50,86.81,8.05226278070518,66.26,"P2 - High","WAIT / PRIORITIZE",228,422.42,428.91,220.4,226.89,100,95,"Completed"
96,"PL-0246","IaC","Medium",4,204.3,4.76,50.06,"Junior","Small",50,25,50.06,8.14314070932615,40.83,"P3 - Medium","PASS WITH MONITORING",661,428.91,433.67,224.61,229.37,100,96,"Completed"
97,"PL-0242","SAST","High",5,205.4,5.39,72.49,"Junior","Medium",75,31.25,72.49,8.1869853240117,58.94,"P3 - Medium","WAIT / PRIORITIZE",329,433.67,439.06,228.27,233.66,100,97,"Completed"
98,"PL-0287","Container","High",7,208.83,5.61,80.16,"Senior","Small",75,43.75,80.16,8.32370080434939,63.37,"P2 - High","WAIT / PRIORITIZE",279,439.06,444.67,230.23,235.84,100,98,"Completed"
99,"PL-0224","SAST","Medium",6,212.63,5.46,52.66,"Senior","Small",50,37.5,52.66,8.47516401871766,44.01,"P3 - Medium","PASS WITH MONITORING",583,444.67,450.13,232.04,237.5,100,99,"Completed"
100,"PL-0262","SAST","High",9,214.8,6.04,81.69,"Junior","Small",75,56.25,81.69,8.56165748587008,66.28,"P2 - High","WAIT / PRIORITIZE",226,450.13,456.17,235.33,241.37,100,100,"Completed"
101,"PL-0214","SAST","High",9,215.75,3.29,95.84,"Senior","Large",75,56.25,95.84,8.59952328946214,69.82,"P2 - High","WAIT / PRIORITIZE",162,456.17,459.46,240.42,243.71,100,101,"Completed"
102,"PL-0294","Container","Medium",3,216.49,5.91,39.83,"Intermediate","Small",50,18.75,39.83,8.62901875752334,37.07,"P4 - Low","PASS",732,459.46,465.37,242.97,248.88,100,102,"Completed"
103,"PL-0095","SAST","Low",3,218.61,2.71,29.08,"Junior","Medium",25,18.75,29.08,8.71351928764459,23.14,"P4 - Low","PASS",897,465.37,468.08,246.76,249.47,100,103,"Completed"
104,"PL-0006","SCA","High",5,218.94,3.82,76.56,"Intermediate","Small",75,31.25,76.56,8.72667267205025,60.01,"P2 - High","WAIT / PRIORITIZE",322,468.08,471.9,249.14,252.96,100,104,"Completed"
105,"PL-0252","Container","Medium",3,219.18,4.85,47.65,"Intermediate","Medium",50,18.75,47.65,8.73623876979983,39.04,"P4 - Low","PASS WITH MONITORING",703,471.9,476.75,252.72,257.57,100,105,"Completed"
106,"PL-0271","Container","High",5,219.74,5.4,80.98,"Junior","Small",75,31.25,80.98,8.75855966454884,61.12,"P2 - High","WAIT / PRIORITIZE",311,476.75,482.15,257.01,262.41,100,106,"Completed"
107,"PL-0034","SAST","Low",1,222.86,4.36,16.02,"Junior","Large",25,6.25,16.02,8.88291893529332,17.39,"P4 - Low","PASS",996,482.15,486.51,259.29,263.65,100,107,"Completed"
108,"PL-0188","SAST","High",9,230.29,4.74,92.66,"Intermediate","Medium",75,56.25,92.66,9.17906937812393,69.08,"P2 - High","WAIT / PRIORITIZE",178,486.51,491.25,256.22,260.96,100,108,"Completed"
109,"PL-0254","DAST","Medium",2,231.38,4.56,49.83,"Intermediate","Small",50,12.5,49.83,9.22251540540325,38.38,"P4 - Low","PASS WITH MONITORING",716,491.25,495.81,259.87,264.43,100,109,"Completed"
110,"PL-0268","SAST","High",5,232.6,5.27,74.41,"Junior","Small",75,31.25,74.41,9.27114306896359,59.53,"P3 - Medium","WAIT / PRIORITIZE",324,495.81,501.08,263.21,268.48,100,110,"Completed"
111,"PL-0128","Container","High",6,233.99,4.71,96.41,"Junior","Small",75,37.5,96.41,9.32654671842988,66.29,"P2 - High","WAIT / PRIORITIZE",225,501.08,505.79,267.09,271.8,100,111,"Completed"
112,"PL-0041","IaC","High",5,234.21,5.12,72.25,"Junior","Medium",75,31.25,72.25,9.33531564136699,59,"P3 - Medium","WAIT / PRIORITIZE",328,505.79,510.91,271.58,276.7,100,112,"Completed"
113,"PL-0193","SAST","High",5,237.21,4.79,74.83,"Intermediate","Small",75,31.25,74.83,9.45489186323669,59.65,"P3 - Medium","WAIT / PRIORITIZE",323,510.91,515.7,273.7,278.49,100,113,"Completed"
114,"PL-0066","DAST","High",8,239.59,6.97,80.01,"Senior","Large",75,50,80.01,9.54975566591998,64.71,"P2 - High","WAIT / PRIORITIZE",258,515.7,522.67,276.11,283.08,100,114,"Completed"
115,"PL-0152","SCA","Medium",6,240.05,1.59,38.25,"Senior","Small",50,37.5,38.25,9.56809068660667,40.52,"P3 - Medium","PASS",669,522.67,524.26,282.62,284.21,100,115,"Completed"
116,"PL-0098","SAST","Medium",5,242.69,2.94,59.37,"Junior","Small",50,31.25,59.37,9.673317761852,44.56,"P3 - Medium","PASS WITH MONITORING",558,524.26,527.2,281.57,284.51,100,116,"Completed"
117,"PL-0025","Container","Medium",4,243.6,3.96,44.42,"Intermediate","Medium",50,25,44.42,9.70958921581914,39.58,"P4 - Low","PASS WITH MONITORING",687,527.2,531.16,283.6,287.56,100,117,"Completed"
118,"PL-0107","SAST","Low",3,246.54,2.37,24.2,"Intermediate","Medium",25,18.75,24.2,9.82677391325144,22.03,"P4 - Low","PASS",923,531.16,533.53,284.62,286.99,100,118,"Completed"
119,"PL-0014","SAST","High",1,249.97,2.33,74.47,"Senior","Medium",75,6.25,74.47,9.96348939358912,54.61,"P3 - Medium","WAIT / PRIORITIZE",356,533.53,535.86,283.56,285.89,100,119,"Completed"
120,"PL-0162","IaC","High",6,251.22,4.35,79.18,"Intermediate","Small",75,37.5,79.18,10.0133128193682,62.05,"P2 - High","WAIT / PRIORITIZE",296,535.86,540.21,284.64,288.99,100,120,"Completed"
121,"PL-0124","SAST","Medium",6,252.69,4.37,59.45,"Senior","Large",50,37.5,59.45,10.0719051680843,45.87,"P3 - Medium","PASS WITH MONITORING",519,540.21,544.58,287.52,291.89,100,121,"Completed"
122,"PL-0194","IaC","High",8,254.34,3.69,87.06,"Junior","Small",75,50,87.06,10.1376720901126,66.53,"P2 - High","WAIT / PRIORITIZE",219,544.58,548.27,290.24,293.93,100,122,"Completed"
123,"PL-0095","IaC","Medium",8,255.59,5.25,61.19,"Senior","Small",50,50,61.19,10.1874955158917,48.82,"P3 - Medium","PASS WITH MONITORING",444,548.27,553.52,292.68,297.93,100,123,"Completed"
124,"PL-0032","SAST","Low",2,256.18,3.17,17.88,"Junior","Medium",25,12.5,17.88,10.2110121728594,19.24,"P4 - Low","PASS",979,553.52,556.69,297.34,300.51,100,124,"Completed"
125,"PL-0185","SCA","Low",1,259.39,2.61,25.35,"Junior","Medium",25,6.25,25.35,10.33895873026,19.87,"P4 - Low","PASS",967,556.69,559.3,297.3,299.91,100,125,"Completed"
126,"PL-0284","SAST","Low",1,262.49,3.22,8.8,"Senior","Medium",25,6.25,8.8,10.462520826192,15.75,"P4 - Low","PASS",999,559.3,562.52,296.81,300.03,100,126,"Completed"
127,"PL-0118","DAST","Critical",9,262.62,5.66,96.8,"Intermediate","Small",100,56.25,96.8,10.467702462473,81.5,"P1 - Critical","BLOCK",89,562.52,568.18,299.9,305.56,100,127,"Completed"
128,"PL-0037","IaC","Medium",8,270.58,6,58.82,"Junior","Medium",50,50,58.82,10.7849780378339,48.28,"P3 - Medium","PASS WITH MONITORING",463,568.18,574.18,297.6,303.6,100,128,"Completed"
129,"PL-0138","Container","Low",1,272.48,6.26,20.98,"Junior","Small",25,6.25,20.98,10.8607096450181,18.83,"P4 - Low","PASS",985,574.18,580.44,301.7,307.96,100,129,"Completed"
130,"PL-0261","Container","Medium",1,273.33,3.58,42.23,"Junior","Small",50,6.25,42.23,10.8945895745478,35.4,"P4 - Low","PASS WITH MONITORING",746,580.44,584.02,307.11,310.69,100,130,"Completed"
131,"PL-0035","DAST","Medium",2,274.39,5.54,57.23,"Intermediate","Medium",50,12.5,57.23,10.9368398396084,40.4,"P3 - Medium","PASS WITH MONITORING",672,584.02,589.56,309.63,315.17,100,131,"Completed"
132,"PL-0078","Container","Medium",6,282.38,4.13,49.39,"Intermediate","Medium",50,37.5,49.39,11.255311177188,43.47,"P3 - Medium","PASS WITH MONITORING",600,589.56,593.69,307.18,311.31,100,132,"Completed"
133,"PL-0014","SAST","High",5,283.66,4.58,81.91,"Junior","Small",75,31.25,81.91,11.3063303651858,61.61,"P2 - High","WAIT / PRIORITIZE",300,593.69,598.27,310.03,314.61,100,133,"Completed"
134,"PL-0156","Container","Medium",5,286.22,5.65,51.8,"Junior","Small",50,31.25,51.8,11.4083687411813,42.84,"P3 - Medium","PASS WITH MONITORING",616,598.27,603.92,312.05,317.7,100,134,"Completed"
135,"PL-0097","SCA","High",5,287.33,3.14,83.9,"Intermediate","Medium",75,31.25,83.9,11.452611943273,62.12,"P2 - High","WAIT / PRIORITIZE",292,603.92,607.06,316.59,319.73,100,135,"Completed"
136,"PL-0229","IaC","Medium",4,287.38,2.37,45.42,"Intermediate","Medium",50,25,45.42,11.4546048803042,40,"P3 - Medium","PASS WITH MONITORING",678,607.06,609.43,319.68,322.05,100,136,"Completed"
137,"PL-0182","SCA","High",5,290.56,2.98,79.01,"Junior","Small",75,31.25,79.01,11.5813556754861,60.91,"P2 - High","WAIT / PRIORITIZE",314,609.43,612.41,318.87,321.85,100,137,"Completed"
138,"PL-0127","SCA","High",4,291.92,4.36,71.32,"Intermediate","Small",75,25,71.32,11.6355635627337,57.74,"P3 - Medium","WAIT / PRIORITIZE",339,612.41,616.77,320.49,324.85,100,138,"Completed"
139,"PL-0287","SAST","High",7,295.79,3.05,81.2,"Junior","Small",75,43.75,81.2,11.7898168889456,63.98,"P2 - High","WAIT / PRIORITIZE",268,616.77,619.82,320.98,324.03,100,139,"Completed"
140,"PL-0043","IaC","High",5,296.47,3.12,68.15,"Senior","Small",75,31.25,68.15,11.8169208325694,58.22,"P3 - Medium","PASS WITH MONITORING",335,619.82,622.94,323.35,326.47,100,140,"Completed"
141,"PL-0180","SCA","Medium",1,298.54,3.02,49.03,"Senior","Medium",50,6.25,49.03,11.8994284256595,37.2,"P4 - Low","PASS WITH MONITORING",730,622.94,625.96,324.4,327.42,100,141,"Completed"
142,"PL-0027","SCA","Low",5,300.19,4.44,30.91,"Senior","Medium",25,31.25,30.91,11.9651953476878,26.42,"P4 - Low","PASS",823,625.96,630.4,325.77,330.21,100,142,"Completed"
143,"PL-0030","SCA","Low",3,304.42,2.74,13.25,"Junior","Medium",25,18.75,13.25,12.1337978205241,19.53,"P4 - Low","PASS",972,630.4,633.14,325.98,328.72,100,143,"Completed"
144,"PL-0180","Container","High",6,304.75,3.11,65.76,"Intermediate","Small",75,37.5,65.76,12.1469512049297,58.9,"P3 - Medium","PASS WITH MONITORING",330,633.14,636.25,328.39,331.5,100,144,"Completed"
145,"PL-0212","Container","Medium",2,305.15,7.19,47.77,"Junior","Small",50,12.5,47.77,12.162894701179,38.16,"P4 - Low","PASS WITH MONITORING",720,636.25,643.44,331.1,338.29,100,145,"Completed"
146,"PL-0075","SAST","Low",1,307.12,2.8,21.61,"Intermediate","Small",25,6.25,21.61,12.2414164202068,19.13,"P4 - Low","PASS",981,643.44,646.24,336.32,339.12,100,146,"Completed"
147,"PL-0201","SCA","Medium",3,307.73,4.42,41.81,"Senior","Small",50,18.75,41.81,12.265730251987,37.93,"P4 - Low","PASS WITH MONITORING",723,646.24,650.66,338.51,342.93,100,147,"Completed"
148,"PL-0062","Container","Medium",2,308.52,4.29,37.37,"Intermediate","Small",50,12.5,37.37,12.2972186570793,35.57,"P4 - Low","PASS",745,650.66,654.95,342.14,346.43,100,148,"Completed"
149,"PL-0269","DAST","High",7,311.08,6.7,86.57,"Junior","Medium",75,43.75,86.57,12.3992570330748,65.38,"P2 - High","WAIT / PRIORITIZE",244,654.95,661.65,343.87,350.57,100,149,"Completed"
150,"PL-0124","IaC","Medium",3,312.14,3.08,46.36,"Senior","Small",50,18.75,46.36,12.4415072981354,39.08,"P4 - Low","PASS WITH MONITORING",701,661.65,664.73,349.51,352.59,100,150,"Completed"
151,"PL-0063","DAST","High",8,313.26,6.65,77.96,"Intermediate","Large",75,50,77.96,12.4861490876334,64.49,"P2 - High","WAIT / PRIORITIZE",261,664.73,671.38,351.47,358.12,100,151,"Completed"
152,"PL-0049","SCA","Low",2,314.84,2.96,29.9,"Intermediate","Medium",25,12.5,29.9,12.5491258978181,22.48,"P4 - Low","PASS",916,671.38,674.34,356.54,359.5,100,152,"Completed"
153,"PL-0061","SAST","Medium",1,318.28,2.48,56.92,"Junior","Small",50,6.25,56.92,12.686239965562,39.25,"P4 - Low","PASS WITH MONITORING",694,674.34,676.82,356.06,358.54,100,153,"Completed"
154,"PL-0116","IaC","Low",1,319.31,3.24,18.75,"Intermediate","Medium",25,6.25,18.75,12.727294468404,18.46,"P4 - Low","PASS",989,676.82,680.06,357.51,360.75,100,154,"Completed"
155,"PL-0257","SAST","Medium",2,322.48,3.77,51.35,"Intermediate","Small",50,12.5,51.35,12.8536466761796,39.12,"P4 - Low","PASS WITH MONITORING",696,680.06,683.83,357.58,361.35,100,155,"Completed"
156,"PL-0028","IaC","Medium",6,328,4.77,53.92,"Senior","Medium",50,37.5,53.92,13.0736669244199,44.79,"P3 - Medium","PASS WITH MONITORING",551,683.83,688.6,355.83,360.6,100,156,"Completed"
157,"PL-0002","SAST","Medium",3,328.62,3.34,43.99,"Intermediate","Small",50,18.75,43.99,13.0983793436063,38.56,"P4 - Low","PASS WITH MONITORING",711,688.6,691.94,359.98,363.32,100,157,"Completed"
158,"PL-0159","DAST","Low",2,339.07,7.32,21.23,"Intermediate","Large",25,12.5,21.23,13.514903183119,20.41,"P4 - Low","PASS",961,691.94,699.26,352.87,360.19,100,158,"Completed"
159,"PL-0136","SCA","Low",1,339.98,3.47,23.46,"Senior","Medium",25,6.25,23.46,13.5511746370862,19.72,"P4 - Low","PASS",970,699.26,702.73,359.28,362.75,100,159,"Completed"
160,"PL-0127","SCA","Medium",7,342.78,3.06,68.8,"Intermediate","Small",50,43.75,68.8,13.6627791108312,49.82,"P3 - Medium","PASS WITH MONITORING",421,702.73,705.79,359.95,363.01,100,160,"Completed"
161,"PL-0208","IaC","Low",2,343.17,2.63,13.36,"Intermediate","Medium",25,12.5,13.36,13.6783240196743,18.46,"P4 - Low","PASS",990,705.79,708.42,362.62,365.25,100,161,"Completed"
162,"PL-0259","Container","High",8,345.01,6.77,80.13,"Junior","Large",75,50,80.13,13.751664102421,65.16,"P2 - High","WAIT / PRIORITIZE",247,708.42,715.19,363.41,370.18,100,162,"Completed"
163,"PL-0229","Container","Medium",3,346.57,5.34,47.72,"Junior","Small",50,18.75,47.72,13.8138437377933,39.56,"P4 - Low","PASS WITH MONITORING",689,715.19,720.53,368.62,373.96,100,163,"Completed"
164,"PL-0269","SCA","Medium",7,352.54,2.7,52.71,"Senior","Small",50,43.75,52.71,14.051800419314,45.83,"P3 - Medium","PASS WITH MONITORING",522,720.53,723.23,367.99,370.69,100,164,"Completed"
165,"PL-0012","SAST","Medium",9,354.66,3.37,55.39,"Junior","Small",50,56.25,55.39,14.1363009494352,49.01,"P3 - Medium","PASS WITH MONITORING",435,723.23,726.6,368.57,371.94,100,165,"Completed"
166,"PL-0193","IaC","High",3,358.19,4.29,68.08,"Intermediate","Small",75,18.75,68.08,14.2770023038352,55.95,"P3 - Medium","PASS WITH MONITORING",347,726.6,730.89,368.41,372.7,100,166,"Completed"
167,"PL-0158","Container","Medium",1,359.05,4.98,25.67,"Intermediate","Medium",50,6.25,25.67,14.3112808207712,31.6,"P4 - Low","PASS",754,730.89,735.87,371.84,376.82,100,167,"Completed"
168,"PL-0051","SAST","Low",3,359.76,4.81,21.8,"Intermediate","Small",25,18.75,21.8,14.3395805266137,21.88,"P4 - Low","PASS",927,735.87,740.68,376.11,380.92,100,168,"Completed"
169,"PL-0165","SCA","High",5,369.03,2.64,78.57,"Intermediate","Medium",75,31.25,78.57,14.709071052191,61.11,"P2 - High","WAIT / PRIORITIZE",312,740.68,743.32,371.65,374.29,100,169,"Completed"
170,"PL-0047","Container","Medium",3,372.65,6.15,45.51,"Junior","Small",50,18.75,45.51,14.8533596932471,39.11,"P4 - Low","PASS WITH MONITORING",697,743.32,749.47,370.67,376.82,100,170,"Completed"
171,"PL-0198","Container","Low",1,374.12,4.4,21.35,"Intermediate","Medium",25,6.25,21.35,14.9119520419633,19.33,"P4 - Low","PASS",978,749.47,753.87,375.35,379.75,100,171,"Completed"
172,"PL-0010","Container","Medium",4,374.31,4.68,49.28,"Intermediate","Medium",50,25,49.28,14.9195252026817,41.31,"P3 - Medium","PASS WITH MONITORING",652,753.87,758.55,379.56,384.24,100,172,"Completed"
173,"PL-0255","Container","Medium",2,375.72,4.13,52.37,"Intermediate","Small",50,12.5,52.37,14.9757260269605,39.59,"P4 - Low","PASS WITH MONITORING",686,758.55,762.68,382.83,386.96,100,173,"Completed"
174,"PL-0201","Container","Critical",6,377.35,5.81,100,"Junior","Large",100,37.5,100,15.0406957741763,79,"P2 - High","BLOCK",102,762.68,768.49,385.33,391.14,100,174,"Completed"
175,"PL-0233","SAST","Critical",12,378.22,4.39,100,"Junior","Small",100,75,100,15.0753728785185,86.51,"P1 - Critical","BLOCK",47,768.49,772.88,390.27,394.66,100,175,"Completed"
176,"PL-0003","SAST","Medium",4,381.32,4.99,52.8,"Intermediate","Small",50,25,52.8,15.1989349744505,42.22,"P3 - Medium","PASS WITH MONITORING",632,772.88,777.87,391.56,396.55,100,176,"Completed"
177,"PL-0181","IaC","Low",1,388.56,3.12,16.85,"Junior","Small",25,6.25,16.85,15.4875122565627,18.26,"P4 - Low","PASS",992,777.87,780.99,389.31,392.43,100,177,"Completed"
178,"PL-0239","Container","Medium",4,388.79,5.81,44.61,"Intermediate","Large",50,25,44.61,15.4966797669061,40.2,"P3 - Medium","PASS WITH MONITORING",674,780.99,786.8,392.2,398.01,100,178,"Completed"
179,"PL-0284","DAST","High",9,390.04,7.04,90.55,"Junior","Medium",75,56.25,90.55,15.5465031926851,69.19,"P2 - High","WAIT / PRIORITIZE",172,786.8,793.84,396.76,403.8,100,179,"Completed"
180,"PL-0252","Container","High",1,390.34,4.39,73.42,"Intermediate","Medium",75,6.25,73.42,15.5584608148721,54.91,"P3 - Medium","WAIT / PRIORITIZE",355,793.84,798.23,403.5,407.89,100,180,"Completed"
181,"PL-0093","SCA","High",5,390.53,2.53,68.91,"Intermediate","Medium",75,31.25,68.91,15.5660339755905,58.78,"P3 - Medium","PASS WITH MONITORING",331,798.23,800.76,407.7,410.23,100,181,"Completed"
182,"PL-0084","IaC","High",8,390.57,4.15,70.74,"Senior","Medium",75,50,70.74,15.5676283252154,62.99,"P2 - High","WAIT / PRIORITIZE",283,800.76,804.91,410.19,414.34,100,182,"Completed"
183,"PL-0225","SAST","Low",3,406.88,2.89,35.89,"Junior","Medium",25,18.75,35.89,16.2177243847803,25.59,"P4 - Low","PASS",842,804.91,807.8,398.03,400.92,100,183,"Completed"
184,"PL-0061","Container","Medium",4,410.95,4.31,56.14,"Senior","Large",50,25,56.14,16.3799494591169,43.17,"P3 - Medium","PASS WITH MONITORING",610,807.8,812.11,396.85,401.16,100,184,"Completed"
185,"PL-0102","SAST","Medium",2,411.97,4.04,38.24,"Junior","Medium",50,12.5,38.24,16.4206053745526,36.2,"P4 - Low","PASS",741,812.11,816.15,400.14,404.18,100,185,"Completed"
186,"PL-0171","DAST","Medium",2,413.09,5.58,51.93,"Junior","Small",50,12.5,51.93,16.4652471640506,39.63,"P4 - Low","PASS WITH MONITORING",685,816.15,821.73,403.06,408.64,100,186,"Completed"
187,"PL-0150","DAST","Medium",6,418.12,7.29,63.05,"Intermediate","Medium",50,37.5,63.05,16.6657366293855,47.43,"P3 - Medium","PASS WITH MONITORING",477,821.73,829.02,403.61,410.9,100,187,"Completed"
188,"PL-0182","SAST","Low",1,423.4,4.43,29.25,"Intermediate","Medium",25,6.25,29.25,16.8761907798761,21.5,"P4 - Low","PASS",936,829.02,833.45,405.62,410.05,100,188,"Completed"
189,"PL-0055","DAST","High",9,429.26,5.58,81.29,"Junior","Medium",75,56.25,81.29,17.1097629999283,67.03,"P2 - High","WAIT / PRIORITIZE",209,833.45,839.03,404.19,409.77,100,189,"Completed"
190,"PL-0054","SCA","High",4,430.73,4.21,65.65,"Intermediate","Small",75,25,65.65,17.1683553486444,56.88,"P3 - Medium","PASS WITH MONITORING",343,839.03,843.24,408.3,412.51,100,190,"Completed"
191,"PL-0173","SAST","High",3,430.89,4.95,72.46,"Intermediate","Large",75,18.75,72.46,17.1747327471441,57.33,"P3 - Medium","WAIT / PRIORITIZE",341,843.24,848.19,412.35,417.3,100,191,"Completed"
192,"PL-0043","Container","High",2,435.84,5.41,70.06,"Intermediate","Small",75,12.5,70.06,17.3720335132291,55.5,"P3 - Medium","WAIT / PRIORITIZE",351,848.19,853.6,412.35,417.76,100,192,"Completed"
193,"PL-0207","Container","High",8,436.55,4.95,83.67,"Intermediate","Small",75,50,83.67,17.4003332190716,66.41,"P2 - High","WAIT / PRIORITIZE",222,853.6,858.55,417.05,422,100,193,"Completed"
194,"PL-0085","Container","High",6,436.82,6.08,87.55,"Senior","Small",75,37.5,87.55,17.4110950790399,64.88,"P2 - High","WAIT / PRIORITIZE",252,858.55,864.63,421.73,427.81,100,194,"Completed"
195,"PL-0153","Container","Low",1,438.74,5.99,26.22,"Junior","Medium",25,6.25,26.22,17.4876238610365,20.8,"P4 - Low","PASS",952,864.63,870.62,425.89,431.88,100,195,"Completed"
196,"PL-0240","SAST","Low",4,439.75,3.71,23.04,"Intermediate","Small",25,25,23.04,17.527881189066,23.76,"P4 - Low","PASS",884,870.62,874.33,430.87,434.58,100,196,"Completed"
197,"PL-0049","IaC","High",10,442.35,4.99,85.05,"Junior","Small",75,62.5,85.05,17.6315139146864,69.28,"P2 - High","WAIT / PRIORITIZE",170,874.33,879.32,431.98,436.97,100,197,"Completed"
198,"PL-0139","IaC","Low",2,446.57,4.71,30.54,"Intermediate","Small",25,12.5,30.54,17.7997178001164,23.16,"P4 - Low","PASS",895,879.32,884.03,432.75,437.46,100,198,"Completed"
199,"PL-0156","Container","Medium",3,449.33,6.19,54.91,"Junior","Large",50,18.75,54.91,17.9097279242365,41.77,"P3 - Medium","PASS WITH MONITORING",641,884.03,890.22,434.7,440.89,100,199,"Completed"
200,"PL-0274","SAST","High",7,452.1,4.4,85.81,"Senior","Small",75,43.75,85.81,18.0201366357629,65.75,"P2 - High","WAIT / PRIORITIZE",237,890.22,894.62,438.12,442.52,100,200,"Completed"
201,"PL-0055","IaC","Low",2,454.09,4.88,13.16,"Junior","Small",25,12.5,13.16,18.0994555296031,18.85,"P4 - Low","PASS",984,894.62,899.5,440.53,445.41,100,201,"Completed"
202,"PL-0226","SAST","Medium",1,455.37,3.54,45.83,"Intermediate","Medium",50,6.25,45.83,18.1504747176008,37.02,"P4 - Low","PASS WITH MONITORING",734,899.5,903.04,444.13,447.67,100,202,"Completed"
203,"PL-0250","Container","Critical",6,457.87,4.88,100,"Junior","Medium",100,37.5,100,18.2501215691589,79.33,"P2 - High","BLOCK",101,903.04,907.92,445.17,450.05,100,203,"Completed"
204,"PL-0170","Container","High",2,465.78,4.79,84.68,"Senior","Small",75,12.5,84.68,18.5654042074887,59.28,"P3 - Medium","WAIT / PRIORITIZE",325,907.92,912.71,442.14,446.93,100,204,"Completed"
205,"PL-0292","DAST","Medium",5,467.86,6.83,62.35,"Intermediate","Medium",50,31.25,62.35,18.648310387985,46.2,"P3 - Medium","PASS WITH MONITORING",510,912.71,919.54,444.85,451.68,100,205,"Completed"
206,"PL-0148","DAST","Medium",2,467.9,6.52,41.59,"Junior","Medium",50,12.5,41.59,18.6499047376099,37.26,"P4 - Low","PASS WITH MONITORING",729,919.54,926.06,451.64,458.16,100,206,"Completed"
207,"PL-0207","DAST","Critical",11,471.91,8.09,100,"Junior","Medium",100,68.75,100,18.8097382875091,85.63,"P1 - Critical","BLOCK",54,926.06,934.15,454.15,462.24,100,207,"Completed"
208,"PL-0189","DAST","High",8,472.72,7.62,81.63,"Intermediate","Small",75,50,81.63,18.8420238674139,66.04,"P2 - High","WAIT / PRIORITIZE",232,934.15,941.77,461.43,469.05,100,208,"Completed"
209,"PL-0113","SCA","Low",3,481.42,3.38,24.98,"Junior","Small",25,18.75,24.98,19.188794910836,23.16,"P4 - Low","PASS",896,941.77,945.15,460.35,463.73,100,209,"Completed"
210,"PL-0027","SAST","Medium",2,482.68,3.99,40.23,"Intermediate","Medium",50,12.5,40.23,19.2390169240213,36.98,"P4 - Low","PASS WITH MONITORING",735,945.15,949.14,462.47,466.46,100,210,"Completed"
211,"PL-0094","IaC","Low",1,486.25,3.2,16.13,"Senior","Medium",25,6.25,16.13,19.3813126280462,18.47,"P4 - Low","PASS",988,949.14,952.34,462.89,466.09,100,211,"Completed"
212,"PL-0133","SCA","High",7,495.19,3.98,91.06,"Intermediate","Medium",75,43.75,91.06,19.7376497692179,67.24,"P2 - High","WAIT / PRIORITIZE",204,952.34,956.32,457.15,461.13,100,212,"Completed"
213,"PL-0086","DAST","Medium",6,495.58,7.78,56.92,"Intermediate","Small",50,37.5,56.92,19.753194678061,46.21,"P3 - Medium","PASS WITH MONITORING",509,956.32,964.1,460.74,468.52,100,213,"Completed"
214,"PL-0114","SAST","Medium",3,495.64,2.63,44.56,"Senior","Small",50,18.75,44.56,19.7555862024983,39.37,"P4 - Low","PASS WITH MONITORING",691,964.1,966.73,468.46,471.09,100,214,"Completed"
215,"PL-0250","IaC","Low",1,496.64,4.56,9.17,"Intermediate","Medium",25,6.25,9.17,19.7954449431216,16.77,"P4 - Low","PASS",998,966.73,971.29,470.09,474.65,100,215,"Completed"
216,"PL-0169","DAST","Medium",5,499.39,6.02,50.42,"Senior","Small",50,31.25,50.42,19.9050564798355,43.35,"P3 - Medium","PASS WITH MONITORING",607,971.29,977.31,471.9,477.92,100,216,"Completed"
217,"PL-0220","Container","Low",2,502.23,4.85,29.84,"Intermediate","Medium",25,12.5,29.84,20.0182553032054,23.21,"P4 - Low","PASS",893,977.31,982.16,475.08,479.93,100,217,"Completed"
218,"PL-0038","Container","Medium",2,504.22,5.86,53.78,"Junior","Small",50,12.5,53.78,20.0975741970457,40.45,"P3 - Medium","PASS WITH MONITORING",670,982.16,988.02,477.94,483.8,100,218,"Completed"
219,"PL-0115","IaC","High",9,507.43,3.78,76.21,"Junior","Large",75,56.25,76.21,20.2255207544462,66.08,"P2 - High","WAIT / PRIORITIZE",231,988.02,991.8,480.59,484.37,100,219,"Completed"
220,"PL-0267","DAST","Medium",2,507.99,6.43,55.22,"Junior","Medium",50,12.5,55.22,20.2478416491953,40.83,"P3 - Medium","PASS WITH MONITORING",662,991.8,998.23,483.81,490.24,100,220,"Completed"
221,"PL-0220","SCA","Low",2,509.09,3.25,20.54,"Intermediate","Small",25,12.5,20.54,20.2916862638808,20.91,"P4 - Low","PASS",950,998.23,1001.48,489.14,492.39,100,221,"Completed"
222,"PL-0213","DAST","Low",2,510.12,5.96,22.93,"Junior","Small",25,12.5,22.93,20.3327407667227,21.52,"P4 - Low","PASS",935,1001.48,1007.44,491.36,497.32,100,222,"Completed"
223,"PL-0292","DAST","Low",1,510.61,5.26,18.51,"Intermediate","Medium",25,6.25,18.51,20.3522715496281,19.16,"P4 - Low","PASS",980,1007.44,1012.7,496.83,502.09,100,223,"Completed"
224,"PL-0214","SAST","High",5,511.27,4.86,80.59,"Intermediate","Small",75,31.25,80.59,20.3785783184394,62.19,"P2 - High","WAIT / PRIORITIZE",291,1012.7,1017.56,501.43,506.29,100,224,"Completed"
225,"PL-0113","DAST","High",7,512.76,7.25,67.52,"Intermediate","Medium",75,43.75,67.52,20.4379678419681,61.42,"P2 - High","PASS WITH MONITORING",304,1017.56,1024.81,504.8,512.05,100,225,"Completed"
226,"PL-0030","Container","Low",1,513.26,4.49,28.43,"Intermediate","Large",25,6.25,28.43,20.4578972122797,21.65,"P4 - Low","PASS",931,1024.81,1029.3,511.55,516.04,100,226,"Completed"
227,"PL-0187","IaC","Critical",7,518.46,4.04,100,"Intermediate","Large",100,43.75,100,20.6651626635205,80.82,"P1 - Critical","BLOCK",97,1029.3,1033.34,510.84,514.88,100,227,"Completed"
228,"PL-0047","SAST","Low",3,518.72,4.56,34.17,"Senior","Small",25,18.75,34.17,20.6755259360825,25.61,"P4 - Low","PASS",841,1033.34,1037.9,514.62,519.18,100,228,"Completed"
229,"PL-0105","Container","Low",1,518.85,5.49,9.88,"Intermediate","Medium",25,6.25,9.88,20.6807075723635,17.04,"P4 - Low","PASS",997,1037.9,1043.39,519.05,524.54,100,229,"Completed"
230,"PL-0202","Container","High",2,519.85,3.66,63.95,"Junior","Small",75,12.5,63.95,20.7205663129868,54.31,"P3 - Medium","PASS WITH MONITORING",357,1043.39,1047.05,523.54,527.2,100,230,"Completed"
231,"PL-0088","Container","High",11,520.23,6.56,83.21,"Intermediate","Small",75,68.75,83.21,20.7357126344236,70.38,"P2 - High","WAIT / PRIORITIZE",152,1047.05,1053.61,526.82,533.38,100,231,"Completed"
232,"PL-0268","DAST","Low",1,523,4.4,23.33,"Senior","Medium",25,6.25,23.33,20.84612134595,20.42,"P4 - Low","PASS",959,1053.61,1058.01,530.61,535.01,100,232,"Completed"
233,"PL-0181","SCA","Medium",6,533.98,4.35,53.7,"Intermediate","Large",50,37.5,53.7,21.283770317993,45.55,"P3 - Medium","PASS WITH MONITORING",532,1058.01,1062.36,524.03,528.38,100,233,"Completed"
234,"PL-0010","SAST","Low",2,539.81,3.89,21.74,"Senior","Medium",25,12.5,21.74,21.5161467758265,21.34,"P4 - Low","PASS",940,1062.36,1066.25,522.55,526.44,100,234,"Completed"
235,"PL-0121","SAST","Low",2,540.49,3.52,18.33,"Senior","Small",25,12.5,18.33,21.5432507194503,20.49,"P4 - Low","PASS",957,1066.25,1069.77,525.76,529.28,100,235,"Completed"
236,"PL-0089","SAST","Medium",3,543.09,4.18,60.2,"Junior","Small",50,18.75,60.2,21.6468834450707,43.46,"P3 - Medium","PASS WITH MONITORING",602,1069.77,1073.95,526.68,530.86,100,236,"Completed"
237,"PL-0037","SAST","Medium",2,557.44,3.49,59.69,"Junior","Large",50,12.5,59.69,22.218856373014,42.14,"P3 - Medium","PASS WITH MONITORING",635,1073.95,1077.44,516.51,520,100,237,"Completed"
238,"PL-0194","SAST","Low",1,559.07,4.31,12.8,"Intermediate","Medium",25,6.25,12.8,22.2838261202299,17.93,"P4 - Low","PASS",993,1077.44,1081.75,518.37,522.68,100,238,"Completed"
239,"PL-0163","DAST","Medium",8,559.79,7.15,50.71,"Junior","Small",50,50,50.71,22.3125244134786,47.41,"P3 - Medium","PASS WITH MONITORING",478,1081.75,1088.9,521.96,529.11,100,239,"Completed"
240,"PL-0283","SAST","Low",1,565.64,2.37,16.09,"Senior","Large",25,6.25,16.09,22.5456980461245,18.78,"P4 - Low","PASS",987,1088.9,1091.27,523.26,525.63,100,240,"Completed"
241,"PL-0046","SAST","Medium",6,568.75,5.38,53.78,"Intermediate","Small",50,37.5,53.78,22.6696587294628,45.71,"P3 - Medium","PASS WITH MONITORING",526,1091.27,1096.65,522.52,527.9,100,241,"Completed"
242,"PL-0287","IaC","Low",2,572.33,4.38,9.07,"Intermediate","Medium",25,12.5,9.07,22.812353020894,18.3,"P4 - Low","PASS",991,1096.65,1101.03,524.32,528.7,100,242,"Completed"
243,"PL-0280","DAST","Medium",2,573.18,6.34,46.34,"Intermediate","Medium",50,12.5,46.34,22.8462329504237,38.87,"P4 - Low","PASS WITH MONITORING",706,1101.03,1107.37,527.85,534.19,100,243,"Completed"
244,"PL-0244","Container","Medium",2,575.49,6.26,43.09,"Junior","Small",50,12.5,43.09,22.9383066412634,38.07,"P4 - Low","PASS WITH MONITORING",721,1107.37,1113.63,531.88,538.14,100,244,"Completed"
245,"PL-0203","SAST","High",8,576.8,5.41,78.1,"Intermediate","Small",75,50,78.1,22.9905215914798,65.57,"P2 - High","WAIT / PRIORITIZE",242,1113.63,1119.04,536.83,542.24,100,245,"Completed"
246,"PL-0225","SAST","Critical",4,578.12,3.5,96.83,"Senior","Medium",100,25,96.83,23.0431351291025,76.51,"P2 - High","BLOCK",111,1119.04,1122.54,540.92,544.42,100,246,"Completed"
247,"PL-0206","DAST","Medium",5,578.2,5.08,40.26,"Intermediate","Large",50,31.25,40.26,23.0463238283523,41.12,"P3 - Medium","PASS WITH MONITORING",655,1122.54,1127.62,544.34,549.42,100,247,"Completed"
248,"PL-0289","DAST","Medium",2,579,5.81,46.62,"Intermediate","Medium",50,12.5,46.62,23.0782108208509,38.96,"P4 - Low","PASS WITH MONITORING",704,1127.62,1133.43,548.62,554.43,100,248,"Completed"
249,"PL-0093","DAST","Medium",5,579.09,8.33,45.62,"Junior","Small",50,31.25,45.62,23.081798107507,42.46,"P3 - Medium","PASS WITH MONITORING",624,1133.43,1141.76,554.34,562.67,100,249,"Completed"
250,"PL-0292","SAST","High",5,584.27,4.66,67.71,"Intermediate","Small",75,31.25,67.71,23.2882663839353,59.26,"P3 - Medium","PASS WITH MONITORING",326,1141.76,1146.42,557.49,562.15,100,250,"Completed"
251,"PL-0172","SAST","Medium",5,586.14,3.07,44.34,"Senior","Medium",50,31.25,44.34,23.3628022289008,42.17,"P3 - Medium","PASS WITH MONITORING",634,1146.42,1149.49,560.28,563.35,100,251,"Completed"
252,"PL-0253","SCA","High",5,595.58,3.41,65.33,"Intermediate","Medium",75,31.25,65.33,23.7390687403841,58.71,"P3 - Medium","PASS WITH MONITORING",332,1149.49,1152.9,553.91,557.32,100,252,"Completed"
253,"PL-0135","SCA","Low",3,598.69,3.34,31.18,"Senior","Medium",25,18.75,31.18,23.8630294237223,25.18,"P4 - Low","PASS",848,1152.9,1156.24,554.21,557.55,100,253,"Completed"
254,"PL-0261","DAST","High",10,603.95,7.47,87.04,"Senior","Small",75,62.5,87.04,24.0726863994005,70.42,"P2 - High","WAIT / PRIORITIZE",150,1156.24,1163.71,552.29,559.76,100,254,"Completed"
255,"PL-0159","SAST","High",7,607.27,4.32,81.62,"Intermediate","Medium",75,43.75,81.62,24.2050174182697,65.33,"P2 - High","WAIT / PRIORITIZE",245,1163.71,1168.03,556.44,560.76,100,255,"Completed"
256,"PL-0141","SCA","Low",1,607.43,4.26,21.98,"Junior","Large",25,6.25,21.98,24.2113948167694,20.42,"P4 - Low","PASS",960,1168.03,1172.29,560.6,564.86,100,256,"Completed"
257,"PL-0030","SAST","Low",3,607.97,4.37,28.16,"Intermediate","Medium",25,18.75,28.16,24.2329185367059,24.46,"P4 - Low","PASS",867,1172.29,1176.66,564.32,568.69,100,257,"Completed"
258,"PL-0054","IaC","High",7,611.23,4.25,88.45,"Senior","Small",75,43.75,88.45,24.3628580311376,67.05,"P2 - High","WAIT / PRIORITIZE",208,1176.66,1180.91,565.43,569.68,100,258,"Completed"
259,"PL-0002","DAST","Medium",3,614.87,5.03,54.31,"Senior","Small",50,18.75,54.31,24.5079438470062,42.28,"P3 - Medium","PASS WITH MONITORING",628,1180.91,1185.94,566.04,571.07,100,259,"Completed"
260,"PL-0028","IaC","Medium",3,615.33,3.81,35.56,"Junior","Large",50,18.75,35.56,24.5262788676929,37.59,"P4 - Low","PASS",726,1185.94,1189.75,570.61,574.42,100,260,"Completed"
261,"PL-0111","Container","High",6,622.85,3.62,82.59,"Junior","Medium",75,37.5,82.59,24.8260165971796,64.38,"P2 - High","WAIT / PRIORITIZE",264,1189.75,1193.37,566.9,570.52,100,261,"Completed"
262,"PL-0212","SAST","Critical",8,623.37,4.56,100,"Junior","Medium",100,50,100,24.8467431423037,82.48,"P1 - Critical","BLOCK",78,1193.37,1197.93,570,574.56,100,262,"Completed"
263,"PL-0235","IaC","Critical",8,628.08,3.61,99.95,"Intermediate","Small",100,50,99.95,25.0344778106391,82.49,"P1 - Critical","BLOCK",77,1197.93,1201.54,569.85,573.46,100,263,"Completed"
264,"PL-0265","SAST","Medium",3,629.26,4.28,50.61,"Junior","Medium",50,18.75,50.61,25.0815111245745,41.41,"P3 - Medium","PASS WITH MONITORING",648,1201.54,1205.82,572.28,576.56,100,264,"Completed"
265,"PL-0138","Container","Medium",4,635.36,5.95,44.6,"Junior","Small",50,25,44.6,25.3246494423762,41.18,"P3 - Medium","PASS WITH MONITORING",654,1205.82,1211.77,570.46,576.41,100,265,"Completed"
266,"PL-0199","SAST","Low",3,641.46,3.42,48.4,"Junior","Medium",25,18.75,48.4,25.5677877601779,29.66,"P4 - Low","PASS WITH MONITORING",774,1211.77,1215.19,570.31,573.73,100,266,"Completed"
267,"PL-0115","IaC","High",4,643.81,3.04,78.72,"Senior","Medium",75,25,78.72,25.6614558006425,61,"P2 - High","WAIT / PRIORITIZE",313,1215.19,1218.23,571.38,574.42,100,267,"Completed"
268,"PL-0082","DAST","Medium",1,645.76,5.93,52.07,"Intermediate","Small",50,6.25,52.07,25.7391803448578,39.34,"P4 - Low","PASS WITH MONITORING",692,1218.23,1224.16,572.47,578.4,100,268,"Completed"
269,"PL-0108","SAST","Low",2,646.38,3.16,17.88,"Senior","Medium",25,12.5,17.88,25.7638927640442,20.8,"P4 - Low","PASS",953,1224.16,1227.32,577.78,580.94,100,269,"Completed"
270,"PL-0202","DAST","Medium",4,647.64,4.72,51.43,"Junior","Medium",50,25,51.43,25.8141147772295,42.94,"P3 - Medium","PASS WITH MONITORING",613,1227.32,1232.04,579.68,584.4,100,270,"Completed"
271,"PL-0073","SCA","High",5,649.54,2.77,83.34,"Junior","Small",75,31.25,83.34,25.8898463844136,63.42,"P2 - High","WAIT / PRIORITIZE",278,1232.04,1234.81,582.5,585.27,100,271,"Completed"
272,"PL-0147","IaC","Medium",4,650.81,4.24,42.19,"Intermediate","Small",50,25,42.19,25.9404669850051,40.64,"P3 - Medium","PASS WITH MONITORING",665,1234.81,1239.05,584,588.24,100,272,"Completed"
273,"PL-0046","SAST","Critical",10,651.02,5.18,100,"Junior","Small",100,62.5,100,25.948837320536,85.09,"P1 - Critical","BLOCK",57,1239.05,1244.23,588.03,593.21,100,273,"Completed"
274,"PL-0247","IaC","Medium",6,652,1.68,46.61,"Junior","Large",50,37.5,46.61,25.9878988863468,44.25,"P3 - Medium","PASS WITH MONITORING",571,1244.23,1245.91,592.23,593.91,100,274,"Completed"
275,"PL-0131","IaC","Critical",8,652.49,3.42,100,"Intermediate","Small",100,50,100,26.0074296692522,82.6,"P1 - Critical","BLOCK",75,1245.91,1249.33,593.42,596.84,100,275,"Completed"
276,"PL-0150","DAST","Low",2,653.03,6.58,24.6,"Intermediate","Medium",25,12.5,24.6,26.0289533891887,22.5,"P4 - Low","PASS",915,1249.33,1255.91,596.3,602.88,100,276,"Completed"
277,"PL-0061","Container","Medium",2,654.92,5.38,37.98,"Senior","Small",50,12.5,37.98,26.1042864089666,37.11,"P4 - Low","PASS",731,1255.91,1261.29,600.99,606.37,100,277,"Completed"
278,"PL-0020","DAST","Medium",5,659.02,5.49,48.56,"Intermediate","Medium",50,31.25,48.56,26.2677072455219,43.52,"P3 - Medium","PASS WITH MONITORING",596,1261.29,1266.78,602.27,607.76,100,278,"Completed"
279,"PL-0170","IaC","Low",3,660.2,4.24,23.52,"Intermediate","Large",25,18.75,23.52,26.3147405594573,23.51,"P4 - Low","PASS",887,1266.78,1271.02,606.58,610.82,100,279,"Completed"
280,"PL-0017","Container","Medium",5,672.39,5.73,44.23,"Senior","Medium",50,31.25,44.23,26.8006186076545,42.49,"P3 - Medium","PASS WITH MONITORING",621,1271.02,1276.75,598.63,604.36,100,280,"Completed"
281,"PL-0082","SCA","Medium",5,674.54,3.68,55.11,"Intermediate","Medium",50,31.25,55.11,26.8863148999944,45.22,"P3 - Medium","PASS WITH MONITORING",541,1276.75,1280.43,602.21,605.89,100,281,"Completed"
282,"PL-0211","SAST","High",4,677.14,2.97,74.49,"Intermediate","Large",75,25,74.49,26.9899476256148,60.07,"P2 - High","WAIT / PRIORITIZE",319,1280.43,1283.4,603.29,606.26,100,282,"Completed"
283,"PL-0174","IaC","Medium",3,678.16,2.11,57.9,"Intermediate","Large",50,18.75,57.9,27.0306035410505,43.43,"P3 - Medium","PASS WITH MONITORING",606,1283.4,1285.51,605.24,607.35,100,283,"Completed"
284,"PL-0273","SAST","Medium",4,687.77,3.24,47.19,"Senior","Small",50,25,47.19,27.4136460384398,42.04,"P3 - Medium","PASS WITH MONITORING",636,1285.51,1288.75,597.74,600.98,100,284,"Completed"
285,"PL-0094","IaC","Low",1,688.67,4.93,22.54,"Junior","Large",25,6.25,22.54,27.4495189050007,20.88,"P4 - Low","PASS",951,1288.75,1293.68,600.08,605.01,100,285,"Completed"
286,"PL-0178","Container","Medium",4,691.81,5.09,42.76,"Senior","Medium",50,25,42.76,27.5746753505576,40.95,"P3 - Medium","PASS WITH MONITORING",658,1293.68,1298.77,601.87,606.96,100,286,"Completed"
287,"PL-0179","SAST","High",12,692.53,4.99,91.21,"Senior","Medium",75,75,91.21,27.6033736438063,74.31,"P2 - High","WAIT / PRIORITIZE",121,1298.77,1303.76,606.24,611.23,100,287,"Completed"
288,"PL-0074","IaC","Medium",6,693.83,3.97,51.47,"Intermediate","Medium",50,37.5,51.47,27.6551900066166,45.63,"P3 - Medium","PASS WITH MONITORING",529,1303.76,1307.73,609.93,613.9,100,288,"Completed"
289,"PL-0231","SAST","Low",2,694.87,3.83,9.53,"Junior","Medium",25,12.5,9.53,27.6966430968647,18.9,"P4 - Low","PASS",982,1307.73,1311.56,612.86,616.69,100,289,"Completed"
290,"PL-0116","IaC","Critical",9,697.25,4.75,100,"Intermediate","Medium",100,56.25,100,27.791506899548,84.03,"P1 - Critical","BLOCK",66,1311.56,1316.31,614.31,619.06,100,290,"Completed"
291,"PL-0214","Container","Low",1,697.73,5.78,24.01,"Intermediate","Medium",25,6.25,24.01,27.8106390950472,21.28,"P4 - Low","PASS",942,1316.31,1322.09,618.58,624.36,100,291,"Completed"
292,"PL-0108","SAST","Medium",4,700.89,4.67,55.88,"Intermediate","Large",50,25,55.88,27.9365927154166,44.26,"P3 - Medium","PASS WITH MONITORING",570,1322.09,1326.76,621.2,625.87,100,292,"Completed"
293,"PL-0147","SCA","Medium",3,700.96,5.17,52.86,"Intermediate","Small",50,18.75,52.86,27.9393828272602,42.26,"P3 - Medium","PASS WITH MONITORING",629,1326.76,1331.93,625.8,630.97,100,293,"Completed"
294,"PL-0236","SAST","Medium",9,704.22,6.45,58.21,"Intermediate","Small",50,56.25,58.21,28.0693223216919,51.11,"P3 - Medium","PASS WITH MONITORING",393,1331.93,1338.38,627.71,634.16,100,294,"Completed"
295,"PL-0089","Container","Medium",5,709.38,6.47,61.25,"Junior","Medium",50,31.25,61.25,28.2749934233078,46.89,"P3 - Medium","PASS WITH MONITORING",489,1338.38,1344.85,629,635.47,100,295,"Completed"
296,"PL-0030","IaC","Medium",5,709.75,2.34,63.88,"Junior","Small",50,31.25,63.88,28.2897411573384,47.55,"P3 - Medium","PASS WITH MONITORING",476,1344.85,1347.19,635.1,637.44,100,296,"Completed"
297,"PL-0106","Container","Low",2,712.94,6.38,13.6,"Junior","Medium",25,12.5,13.6,28.4168905399265,19.99,"P4 - Low","PASS",965,1347.19,1353.57,634.25,640.63,100,297,"Completed"
298,"PL-0103","SAST","Low",2,713.68,4,26.14,"Intermediate","Small",25,12.5,26.14,28.4463860079877,23.13,"P4 - Low","PASS",898,1353.57,1357.57,639.89,643.89,100,298,"Completed"
299,"PL-0243","SCA","High",7,714.66,4.51,81.82,"Junior","Small",75,43.75,81.82,28.4854475737985,65.8,"P2 - High","WAIT / PRIORITIZE",236,1357.57,1362.08,642.91,647.42,100,299,"Completed"
300,"PL-0258","SAST","Medium",5,716,3.67,35.3,"Intermediate","Small",50,31.25,35.3,28.5388582862336,40.43,"P3 - Medium","PASS",671,1362.08,1365.75,646.08,649.75,100,300,"Completed"
301,"PL-0184","SAST","Medium",3,720.06,4.54,53.44,"Senior","Small",50,18.75,53.44,28.7006847731639,42.48,"P3 - Medium","PASS WITH MONITORING",622,1365.75,1370.29,645.69,650.23,100,301,"Completed"
302,"PL-0287","DAST","Medium",7,722.66,7.94,53.06,"Intermediate","Small",50,43.75,53.06,28.8043174987843,47.4,"P3 - Medium","PASS WITH MONITORING",479,1370.29,1378.23,647.63,655.57,100,302,"Completed"
303,"PL-0197","SAST","High",4,723.32,4.26,78.09,"Intermediate","Small",75,25,78.09,28.8306242675956,61.16,"P2 - High","WAIT / PRIORITIZE",308,1378.23,1382.49,654.91,659.17,100,303,"Completed"
304,"PL-0142","IaC","Medium",6,729.49,3.73,53.59,"Senior","Medium",50,37.5,53.59,29.076552697241,46.31,"P3 - Medium","PASS WITH MONITORING",505,1382.49,1386.22,653,656.73,100,304,"Completed"
305,"PL-0192","SAST","Medium",1,732.03,4.13,46.98,"Intermediate","Large",50,6.25,46.98,29.177793898424,38.41,"P4 - Low","PASS WITH MONITORING",715,1386.22,1390.35,654.19,658.32,100,305,"Completed"
306,"PL-0234","IaC","Low",2,732.69,3.85,12.47,"Senior","Medium",25,12.5,12.47,29.2041006672353,19.79,"P4 - Low","PASS",969,1390.35,1394.2,657.66,661.51,100,306,"Completed"
307,"PL-0047","SCA","Medium",5,733.43,3.51,43.5,"Junior","Medium",50,31.25,43.5,29.2335961352965,42.55,"P3 - Medium","PASS WITH MONITORING",620,1394.2,1397.71,660.77,664.28,100,307,"Completed"
308,"PL-0193","DAST","Critical",6,735.86,4.83,92.57,"Senior","Small",100,37.5,92.57,29.330452875011,78.58,"P2 - High","BLOCK",103,1397.71,1402.54,661.85,666.68,100,308,"Completed"
309,"PL-0049","DAST","High",11,736.32,7.5,84.27,"Intermediate","Medium",75,68.75,84.27,29.3487878956976,71.5,"P2 - High","WAIT / PRIORITIZE",136,1402.54,1410.04,666.22,673.72,100,309,"Completed"
310,"PL-0022","DAST","Medium",5,738.91,6.27,57.36,"Intermediate","Large",50,31.25,57.36,29.4520220339118,46.04,"P3 - Medium","PASS WITH MONITORING",516,1410.04,1416.31,671.13,677.4,100,310,"Completed"
311,"PL-0257","DAST","Medium",1,740.21,5.9,43.68,"Senior","Small",50,6.25,43.68,29.503838396722,37.62,"P4 - Low","PASS WITH MONITORING",725,1416.31,1422.21,676.1,682,100,311,"Completed"
312,"PL-0235","DAST","High",6,741.62,6.85,83.08,"Senior","Large",75,37.5,83.08,29.5600392210008,64.98,"P2 - High","WAIT / PRIORITIZE",249,1422.21,1429.06,680.59,687.44,100,312,"Completed"
313,"PL-0132","SAST","High",7,753.22,4.7,74.98,"Intermediate","Medium",75,43.75,74.98,30.0224006122303,64.25,"P2 - High","WAIT / PRIORITIZE",265,1429.06,1433.76,675.84,680.54,100,313,"Completed"
314,"PL-0067","SCA","Medium",1,754.12,3.54,57.2,"Intermediate","Small",50,6.25,57.2,30.0582734787912,41.06,"P3 - Medium","PASS WITH MONITORING",656,1433.76,1437.3,679.64,683.18,100,314,"Completed"
315,"PL-0187","DAST","High",3,758.37,6.06,74.43,"Junior","Large",75,18.75,74.43,30.2276731264399,59.13,"P3 - Medium","WAIT / PRIORITIZE",327,1437.3,1443.36,678.93,684.99,100,315,"Completed"
316,"PL-0053","SAST","Critical",4,758.82,4.63,93.89,"Junior","Large",100,25,93.89,30.2456095597204,76.5,"P2 - High","BLOCK",112,1443.36,1447.99,684.54,689.17,100,316,"Completed"
317,"PL-0125","SAST","Medium",3,762.31,2.09,56.9,"Junior","Small",50,18.75,56.9,30.3847165644954,43.51,"P3 - Medium","PASS WITH MONITORING",597,1447.99,1450.08,685.68,687.77,100,317,"Completed"
318,"PL-0059","DAST","Low",1,763.39,6.34,17.86,"Intermediate","Small",25,6.25,17.86,30.4277640043685,20.01,"P4 - Low","PASS",964,1450.08,1456.42,686.69,693.03,100,318,"Completed"
319,"PL-0170","SCA","Low",2,769.9,3.05,26.1,"Intermediate","Medium",25,12.5,26.1,30.6872444058258,23.34,"P4 - Low","PASS",891,1456.42,1459.47,686.52,689.57,100,319,"Completed"
320,"PL-0190","SCA","Medium",7,770.31,4.81,43.3,"Senior","Medium",50,43.75,43.3,30.7035864894813,45.15,"P3 - Medium","PASS WITH MONITORING",544,1459.47,1464.28,689.16,693.97,100,320,"Completed"
321,"PL-0162","Container","Medium",4,774.86,3.38,44.44,"Junior","Medium",50,25,44.44,30.884943759317,41.7,"P3 - Medium","PASS WITH MONITORING",643,1464.28,1467.66,689.42,692.8,100,321,"Completed"
322,"PL-0087","DAST","Medium",5,775.91,8.01,38.17,"Junior","Large",50,31.25,38.17,30.9267954369714,41.39,"P3 - Medium","PASS",651,1467.66,1475.67,691.75,699.76,100,322,"Completed"
323,"PL-0228","SAST","High",5,782.24,4.27,73.67,"Senior","Small",75,31.25,73.67,31.1791012651164,61.54,"P2 - High","WAIT / PRIORITIZE",302,1475.67,1479.94,693.43,697.7,100,323,"Completed"
324,"PL-0057","SAST","Medium",1,784.32,4.94,48.85,"Intermediate","Medium",50,6.25,48.85,31.2620074456127,39.09,"P4 - Low","PASS WITH MONITORING",700,1479.94,1484.88,695.62,700.56,100,324,"Completed"
325,"PL-0148","DAST","Medium",5,785.9,6.61,50.32,"Intermediate","Medium",50,31.25,50.32,31.3249842557974,44.46,"P3 - Medium","PASS WITH MONITORING",563,1484.88,1491.49,698.98,705.59,100,325,"Completed"
326,"PL-0027","SAST","High",7,786.28,5.22,75.31,"Senior","Small",75,43.75,75.31,31.3401305772343,64.46,"P2 - High","WAIT / PRIORITIZE",263,1491.49,1496.71,705.21,710.43,100,326,"Completed"
327,"PL-0174","SCA","High",5,788.85,4.47,84.07,"Intermediate","Medium",75,31.25,84.07,31.442567540636,64.16,"P2 - High","WAIT / PRIORITIZE",266,1496.71,1501.18,707.86,712.33,100,327,"Completed"
328,"PL-0174","IaC","Low",2,791.13,2.75,17.21,"Intermediate","Small",25,12.5,17.21,31.533445469257,21.21,"P4 - Low","PASS",944,1501.18,1503.93,710.05,712.8,100,328,"Completed"
329,"PL-0003","SAST","Low",2,795.15,4.31,28.08,"Senior","Small",25,12.5,28.08,31.6936776065623,23.94,"P4 - Low","PASS",878,1503.93,1508.24,708.78,713.09,100,329,"Completed"
330,"PL-0095","Container","Medium",3,796.94,5.4,53.48,"Intermediate","Medium",50,18.75,53.48,31.7650247522779,42.8,"P3 - Medium","PASS WITH MONITORING",617,1508.24,1513.64,711.3,716.7,100,330,"Completed"
331,"PL-0191","SAST","Low",3,797.44,3.28,18.15,"Intermediate","Large",25,18.75,18.15,31.7849541225895,22.72,"P4 - Low","PASS",910,1513.64,1516.92,716.2,719.48,100,331,"Completed"
332,"PL-0138","IaC","Medium",2,804.36,1.7,49.3,"Intermediate","Small",50,12.5,49.3,32.0607766077023,40.53,"P3 - Medium","PASS WITH MONITORING",668,1516.92,1518.62,712.56,714.26,100,332,"Completed"
333,"PL-0255","Container","Medium",6,804.74,6.15,47.08,"Intermediate","Medium",50,37.5,47.08,32.0759229291391,44.98,"P3 - Medium","PASS WITH MONITORING",547,1518.62,1524.77,713.88,720.03,100,333,"Completed"
334,"PL-0084","DAST","Low",1,814.8,6.08,28.41,"Intermediate","Large",25,6.25,28.41,32.4769018598088,22.85,"P4 - Low","PASS",907,1524.77,1530.85,709.97,716.05,100,334,"Completed"
335,"PL-0157","Container","Low",2,818.89,5.29,29.57,"Senior","Small",25,12.5,29.57,32.6399241089578,24.41,"P4 - Low","PASS",869,1530.85,1536.14,711.96,717.25,100,335,"Completed"
336,"PL-0238","DAST","Medium",6,818.98,5.98,51.09,"Intermediate","Large",50,37.5,51.09,32.6435113956139,46.04,"P3 - Medium","PASS WITH MONITORING",517,1536.14,1542.12,717.16,723.14,100,336,"Completed"
337,"PL-0196","Container","Critical",10,820.55,6.17,100,"Junior","Medium",100,62.5,100,32.7060896183924,85.77,"P1 - Critical","BLOCK",53,1542.12,1548.29,721.57,727.74,100,337,"Completed"
338,"PL-0168","DAST","Low",1,822.34,5.66,22.71,"Intermediate","Medium",25,6.25,22.71,32.777436764108,21.46,"P4 - Low","PASS",937,1548.29,1553.95,725.95,731.61,100,338,"Completed"
339,"PL-0087","SAST","High",9,822.6,5.2,87.35,"Junior","Small",75,56.25,87.35,32.78780003667,70.12,"P2 - High","WAIT / PRIORITIZE",157,1553.95,1559.15,731.35,736.55,100,339,"Completed"
340,"PL-0218","SAST","High",6,823.61,5.59,81.65,"Senior","Large",75,37.5,81.65,32.8280573646995,64.95,"P2 - High","WAIT / PRIORITIZE",251,1559.15,1564.74,735.54,741.13,100,340,"Completed"
341,"PL-0202","SAST","Low",1,825.25,3.99,27.38,"Junior","Medium",25,6.25,27.38,32.8934256993216,22.63,"P4 - Low","PASS",914,1564.74,1568.73,739.49,743.48,100,341,"Completed"
342,"PL-0110","SCA","Low",3,827.57,3.78,13.3,"Junior","Small",25,18.75,13.3,32.9858979775675,21.62,"P4 - Low","PASS",932,1568.73,1572.51,741.16,744.94,100,342,"Completed"
343,"PL-0119","SAST","Low",1,830.83,4.3,24.1,"Senior","Small",25,6.25,24.1,33.1158374719992,21.84,"P4 - Low","PASS",928,1572.51,1576.81,741.68,745.98,100,343,"Completed"
344,"PL-0107","DAST","Low",3,831.11,5.63,14.46,"Intermediate","Large",25,18.75,14.46,33.1269979193737,21.93,"P4 - Low","PASS",926,1576.81,1582.44,745.7,751.33,100,344,"Completed"
345,"PL-0215","DAST","High",4,831.52,5.87,80.08,"Intermediate","Medium",75,25,80.08,33.1433400030293,62.08,"P2 - High","WAIT / PRIORITIZE",294,1582.44,1588.31,750.92,756.79,100,345,"Completed"
346,"PL-0054","DAST","Low",1,834.71,6.28,20.53,"Intermediate","Large",25,6.25,20.53,33.2704893856174,20.96,"P4 - Low","PASS",948,1588.31,1594.59,753.6,759.88,100,346,"Completed"
347,"PL-0057","DAST","Critical",7,835.65,7.01,100,"Junior","Medium",100,43.75,100,33.3079566018032,82.08,"P1 - Critical","BLOCK",83,1594.59,1601.6,758.94,765.95,100,347,"Completed"
348,"PL-0027","DAST","Low",1,840.88,5.28,28.68,"Intermediate","Large",25,6.25,28.68,33.5164178152627,23.02,"P4 - Low","PASS",901,1601.6,1606.88,760.72,766,100,348,"Completed"
349,"PL-0226","IaC","Medium",7,841.26,4.61,62.68,"Junior","Medium",50,43.75,62.68,33.5315641366995,50.27,"P3 - Medium","PASS WITH MONITORING",409,1606.88,1611.49,765.62,770.23,100,349,"Completed"
350,"PL-0080","SAST","High",6,845.62,5.41,81.53,"Intermediate","Medium",75,37.5,81.53,33.7053482458168,65,"P2 - High","WAIT / PRIORITIZE",248,1611.49,1616.9,765.87,771.28,100,350,"Completed"
351,"PL-0110","DAST","High",5,846.98,6.44,72.18,"Intermediate","Small",75,31.25,72.18,33.7595561330644,61.42,"P2 - High","WAIT / PRIORITIZE",305,1616.9,1623.34,769.92,776.36,100,351,"Completed"
352,"PL-0217","IaC","High",3,847.54,3.76,76.58,"Intermediate","Small",75,18.75,76.58,33.7818770278134,60.02,"P2 - High","WAIT / PRIORITIZE",320,1623.34,1627.1,775.8,779.56,100,352,"Completed"
353,"PL-0015","SAST","Low",1,847.58,4.31,39.86,"Intermediate","Medium",25,6.25,39.86,33.7834713774384,25.84,"P4 - Low","PASS",835,1627.1,1631.41,779.52,783.83,100,353,"Completed"
354,"PL-0241","SAST","Medium",4,847.79,5.09,51.21,"Intermediate","Small",50,25,51.21,33.7918417129692,43.68,"P3 - Medium","PASS WITH MONITORING",591,1631.41,1636.5,783.62,788.71,100,354,"Completed"
355,"PL-0023","SAST","Low",3,853.12,3.57,29.48,"Intermediate","Small",25,18.75,29.48,34.0042888004911,25.77,"P4 - Low","PASS",837,1636.5,1640.07,783.38,786.95,100,355,"Completed"
356,"PL-0266","SCA","Medium",4,859.68,4.38,50.07,"Senior","Small",50,25,50.07,34.2657621389795,43.44,"P3 - Medium","PASS WITH MONITORING",603,1640.07,1644.45,780.39,784.77,100,356,"Completed"
357,"PL-0141","IaC","Low",1,865.87,3.99,31.3,"Intermediate","Small",25,6.25,31.3,34.5124877434373,23.78,"P4 - Low","PASS",883,1644.45,1648.44,778.58,782.57,100,357,"Completed"
358,"PL-0062","IaC","Medium",4,867.47,4.33,49.91,"Junior","Large",50,25,49.91,34.5762617284344,43.44,"P3 - Medium","PASS WITH MONITORING",604,1648.44,1652.77,780.97,785.3,100,358,"Completed"
359,"PL-0257","SCA","Critical",14,870.8,5.91,100,"Intermediate","Small",100,87.5,100,34.7089913347098,90.97,"P1 - Critical","BLOCK",14,1652.77,1658.68,781.97,787.88,100,359,"Completed"
360,"PL-0267","Container","High",5,871.16,5.55,88.81,"Intermediate","Small",75,31.25,88.81,34.7233404813341,65.67,"P2 - High","WAIT / PRIORITIZE",240,1658.68,1664.23,787.52,793.07,100,360,"Completed"
361,"PL-0282","IaC","High",9,871.86,4.08,87.31,"Senior","Small",75,56.25,87.31,34.7512415997704,70.3,"P2 - High","WAIT / PRIORITIZE",153,1664.23,1668.31,792.37,796.45,100,361,"Completed"
362,"PL-0250","DAST","Medium",1,874.23,5.88,56.83,"Intermediate","Small",50,6.25,56.83,34.8457068150475,41.44,"P3 - Medium","PASS WITH MONITORING",647,1668.31,1674.19,794.08,799.96,100,362,"Completed"
363,"PL-0074","DAST","Low",2,876.22,5.73,21.59,"Junior","Medium",25,12.5,21.59,34.9250257088877,22.64,"P4 - Low","PASS",913,1674.19,1679.92,797.97,803.7,100,363,"Completed"
364,"PL-0123","Container","Low",1,879.82,5.42,24.09,"Intermediate","Medium",25,6.25,24.09,35.0685171751313,22.03,"P4 - Low","PASS",924,1679.92,1685.34,800.1,805.52,100,364,"Completed"
365,"PL-0100","DAST","Low",1,898.17,6.11,32.08,"Junior","Medium",25,6.25,32.08,35.7999250655676,24.1,"P4 - Low","PASS",876,1685.34,1691.45,787.17,793.28,100,365,"Completed"
366,"PL-0198","SAST","Medium",2,900.54,2.07,41.42,"Intermediate","Small",50,12.5,41.42,35.8943902808447,38.94,"P4 - Low","PASS WITH MONITORING",705,1691.45,1693.52,790.91,792.98,100,366,"Completed"
367,"PL-0091","SCA","Medium",7,900.82,2.97,56.69,"Junior","Medium",50,43.75,56.69,35.9055507282192,49.01,"P3 - Medium","PASS WITH MONITORING",436,1693.52,1696.49,792.7,795.67,100,367,"Completed"
368,"PL-0212","SAST","High",7,901.98,4.61,63.81,"Junior","Small",75,43.75,63.81,35.9517868673421,62.05,"P2 - High","PASS WITH MONITORING",297,1696.49,1701.1,794.51,799.12,100,368,"Completed"
369,"PL-0281","SAST","Low",1,903.9,1.56,22.55,"Junior","Small",25,6.25,22.55,36.0283156493387,21.74,"P4 - Low","PASS",929,1701.1,1702.66,797.2,798.76,100,369,"Completed"
370,"PL-0024","Container","Low",2,905.14,4.9,15.74,"Junior","Large",25,12.5,15.74,36.0777404877115,21.29,"P4 - Low","PASS",941,1702.66,1707.56,797.52,802.42,100,370,"Completed"
371,"PL-0080","Container","Low",1,907.62,3.71,17.78,"Junior","Medium",25,6.25,17.78,36.1765901644572,20.56,"P4 - Low","PASS",956,1707.56,1711.27,799.94,803.65,100,371,"Completed"
372,"PL-0016","SAST","Medium",2,911.98,4.26,36.43,"Intermediate","Medium",50,12.5,36.43,36.3503742735744,37.74,"P4 - Low","PASS",724,1711.27,1715.53,799.29,803.55,100,372,"Completed"
373,"PL-0243","DAST","Medium",5,913.5,6.68,55.08,"Senior","Small",50,31.25,55.08,36.4109595593218,46.16,"P3 - Medium","PASS WITH MONITORING",511,1715.53,1722.21,802.03,808.71,100,373,"Completed"
374,"PL-0003","SAST","Low",1,914.92,2.15,28.13,"Junior","Large",25,6.25,28.13,36.4675589710067,23.18,"P4 - Low","PASS",894,1722.21,1724.36,807.29,809.44,100,374,"Completed"
375,"PL-0224","Container","Medium",6,918.22,5.95,56.57,"Intermediate","Small",50,37.5,56.57,36.5990928150634,47.8,"P3 - Medium","PASS WITH MONITORING",472,1724.36,1730.31,806.14,812.09,100,375,"Completed"
376,"PL-0149","DAST","Medium",5,924.82,5.77,53.1,"Senior","Medium",50,31.25,53.1,36.8621605031767,45.71,"P3 - Medium","PASS WITH MONITORING",527,1730.31,1736.08,805.49,811.26,100,376,"Completed"
377,"PL-0231","IaC","High",6,929.06,6.54,68.62,"Senior","Small",75,37.5,68.62,37.0311615634192,62.11,"P2 - High","PASS WITH MONITORING",293,1736.08,1742.62,807.02,813.56,100,377,"Completed"
378,"PL-0195","SCA","High",2,929.71,2.27,63.72,"Junior","Medium",75,12.5,63.72,37.0570697448243,55.89,"P3 - Medium","PASS WITH MONITORING",348,1742.62,1744.89,812.91,815.18,100,378,"Completed"
379,"PL-0010","Container","High",7,931.06,5.87,82.89,"Junior","Small",75,43.75,82.89,37.1108790446657,66.93,"P2 - High","WAIT / PRIORITIZE",213,1744.89,1750.76,813.83,819.7,100,379,"Completed"
380,"PL-0135","SCA","Critical",10,931.68,4.55,100,"Intermediate","Medium",100,62.5,100,37.1355914638521,86.21,"P1 - Critical","BLOCK",49,1750.76,1755.31,819.08,823.63,100,380,"Completed"
381,"PL-0147","SAST","Medium",3,935.86,2.92,47.18,"Intermediate","Medium",50,18.75,47.18,37.3022009996572,41.78,"P3 - Medium","PASS WITH MONITORING",640,1755.31,1758.23,819.45,822.37,100,381,"Completed"
382,"PL-0170","DAST","Low",2,937.81,6.03,37.88,"Senior","Large",25,12.5,37.88,37.3799255438725,26.96,"P4 - Low","PASS",815,1758.23,1764.26,820.42,826.45,100,382,"Completed"
383,"PL-0174","Container","Medium",1,940.33,3.38,43.11,"Intermediate","Medium",50,6.25,43.11,37.4803695702431,38.28,"P4 - Low","PASS WITH MONITORING",718,1764.26,1767.64,823.93,827.31,100,383,"Completed"
384,"PL-0158","SCA","Low",1,944.01,3.24,19.91,"Junior","Medium",25,6.25,19.91,37.6270497357365,21.24,"P4 - Low","PASS",943,1767.64,1770.88,823.63,826.87,100,384,"Completed"
385,"PL-0107","SCA","Low",3,950.24,4.59,25.5,"Intermediate","Small",25,18.75,25.5,37.8753696898193,25.16,"P4 - Low","PASS",850,1770.88,1775.47,820.64,825.23,100,385,"Completed"
386,"PL-0227","DAST","Medium",4,950.49,6.81,57.8,"Intermediate","Small",50,25,57.8,37.8853343749751,45.74,"P3 - Medium","PASS WITH MONITORING",525,1775.47,1782.28,824.98,831.79,100,386,"Completed"
387,"PL-0042","DAST","Medium",4,953.59,6.78,66.3,"Senior","Medium",50,25,66.3,38.0088964709071,47.88,"P3 - Medium","PASS WITH MONITORING",470,1782.28,1789.06,828.69,835.47,100,387,"Completed"
388,"PL-0243","SAST","High",8,964.68,3.78,87.28,"Intermediate","Small",75,50,87.28,38.4509299044187,69.42,"P2 - High","WAIT / PRIORITIZE",167,1789.06,1792.84,824.38,828.16,100,388,"Completed"
389,"PL-0098","SCA","High",9,964.71,4.37,80.08,"Senior","Small",75,56.25,80.08,38.4521256666374,68.87,"P2 - High","WAIT / PRIORITIZE",183,1792.84,1797.21,828.13,832.5,100,389,"Completed"
390,"PL-0213","SAST","Low",4,966.34,1.97,21.75,"Junior","Medium",25,25,21.75,38.5170954138533,25.54,"P4 - Low","PASS",843,1797.21,1799.18,830.87,832.84,100,390,"Completed"
391,"PL-0171","SAST","High",10,966.7,5,88.93,"Junior","Large",75,62.5,88.93,38.5314445604777,72.34,"P2 - High","WAIT / PRIORITIZE",130,1799.18,1804.18,832.48,837.48,100,391,"Completed"
392,"PL-0254","SAST","Medium",7,967.28,4.22,48.83,"Intermediate","Small",50,43.75,48.83,38.5545626300391,47.31,"P3 - Medium","PASS WITH MONITORING",482,1804.18,1808.4,836.9,841.12,100,392,"Completed"
393,"PL-0026","SAST","Low",2,970.34,3.79,19.09,"Intermediate","Small",25,12.5,19.09,38.6765303763462,22.39,"P4 - Low","PASS",919,1808.4,1812.19,838.06,841.85,100,393,"Completed"
394,"PL-0097","Container","Low",2,980.23,4.71,23.22,"Intermediate","Small",25,12.5,23.22,39.07073332111,23.46,"P4 - Low","PASS",888,1812.19,1816.9,831.96,836.67,100,394,"Completed"
395,"PL-0117","SAST","High",2,981.32,2.62,63.85,"Junior","Medium",75,12.5,63.85,39.1141793483893,56.12,"P3 - Medium","PASS WITH MONITORING",346,1816.9,1819.52,835.58,838.2,100,395,"Completed"
396,"PL-0134","SCA","Medium",3,987.65,3.34,58.16,"Junior","Medium",50,18.75,58.16,39.3664851765344,44.73,"P3 - Medium","PASS WITH MONITORING",552,1819.52,1822.86,831.87,835.21,100,396,"Completed"
397,"PL-0279","SAST","Medium",4,987.78,4.12,52.59,"Junior","Small",50,25,52.59,39.3716668128154,44.58,"P3 - Medium","PASS WITH MONITORING",556,1822.86,1826.98,835.08,839.2,100,397,"Completed"
398,"PL-0252","IaC","Medium",5,987.87,3.94,44.28,"Junior","Medium",50,31.25,44.28,39.3752540994715,43.76,"P3 - Medium","PASS WITH MONITORING",590,1826.98,1830.92,839.11,843.05,100,398,"Completed"
399,"PL-0173","SAST","Low",1,993,3.57,16.13,"Intermediate","Large",25,6.25,16.13,39.5797294388686,20.49,"P4 - Low","PASS",958,1830.92,1834.49,837.92,841.49,100,399,"Completed"
400,"PL-0239","SCA","Critical",7,1001.96,3.99,98.24,"Intermediate","Small",100,43.75,98.24,39.9368637548528,82.3,"P1 - Critical","BLOCK",81,1834.49,1838.48,832.53,836.52,100,400,"Completed"
401,"PL-0085","DAST","High",4,1004.54,5.23,74.27,"Intermediate","Small",75,25,74.27,40.0396993056607,61.32,"P2 - High","WAIT / PRIORITIZE",307,1838.48,1843.71,833.94,839.17,100,401,"Completed"
402,"PL-0033","IaC","Low",1,1004.89,2.17,25.21,"Intermediate","Small",25,6.25,25.21,40.0536498648789,22.81,"P4 - Low","PASS",908,1843.71,1845.88,838.82,840.99,100,402,"Completed"
403,"PL-0104","DAST","Critical",8,1004.96,6.27,100,"Intermediate","Medium",100,50,100,40.0564399767225,84.01,"P1 - Critical","BLOCK",67,1845.88,1852.15,840.92,847.19,100,403,"Completed"
404,"PL-0173","IaC","High",8,1006.45,4.29,82.57,"Intermediate","Small",75,50,82.57,40.1158295002511,68.4,"P2 - High","WAIT / PRIORITIZE",187,1852.15,1856.44,845.7,849.99,100,404,"Completed"
405,"PL-0130","SAST","Low",2,1006.49,4.53,15.17,"Intermediate","Medium",25,12.5,15.17,40.117423849876,21.55,"P4 - Low","PASS",933,1856.44,1860.97,849.95,854.48,100,405,"Completed"
406,"PL-0256","SCA","Low",3,1006.77,3.44,26.55,"Junior","Large",25,18.75,26.55,40.1285842972505,25.65,"P4 - Low","PASS",840,1860.97,1864.41,854.2,857.64,100,406,"Completed"
407,"PL-0126","SCA","Medium",5,1008.13,2.16,48.3,"Senior","Medium",50,31.25,48.3,40.1827921844981,44.84,"P3 - Medium","PASS WITH MONITORING",549,1864.41,1866.57,856.28,858.44,100,407,"Completed"
408,"PL-0035","Container","High",9,1009.61,5.84,79.32,"Junior","Medium",75,56.25,79.32,40.2417831206205,68.85,"P2 - High","WAIT / PRIORITIZE",184,1866.57,1872.41,856.96,862.8,100,408,"Completed"
409,"PL-0156","Container","High",5,1010.61,5.1,70.34,"Intermediate","Medium",75,31.25,70.34,40.2816418612437,61.61,"P2 - High","WAIT / PRIORITIZE",301,1872.41,1877.51,861.8,866.9,100,409,"Completed"
410,"PL-0045","SAST","Low",5,1013.52,4.97,37.82,"Intermediate","Small",25,31.25,37.82,40.3976307964573,30.99,"P4 - Low","PASS",755,1877.51,1882.48,863.99,868.96,100,410,"Completed"
411,"PL-0144","DAST","Medium",5,1017.13,6.17,48.76,"Junior","Medium",50,31.25,48.76,40.5415208501072,44.99,"P3 - Medium","PASS WITH MONITORING",546,1882.48,1888.65,865.35,871.52,100,411,"Completed"
412,"PL-0237","DAST","Medium",7,1018.39,7.31,67.65,"Senior","Medium",50,43.75,67.65,40.5917428632925,52.22,"P3 - Medium","PASS WITH MONITORING",380,1888.65,1895.96,870.26,877.57,100,412,"Completed"
413,"PL-0136","Container","Medium",3,1020.17,5.75,32.55,"Senior","Small",50,18.75,32.55,40.6626914216018,38.45,"P4 - Low","PASS",713,1895.96,1901.71,875.79,881.54,100,413,"Completed"
414,"PL-0249","SAST","Medium",5,1026.84,3.05,54.32,"Intermediate","Medium",50,31.25,54.32,40.9285492215588,46.42,"P3 - Medium","PASS WITH MONITORING",501,1901.71,1904.76,874.87,877.92,100,414,"Completed"
415,"PL-0253","Container","Low",1,1028.91,6.1,27.17,"Junior","Medium",25,6.25,27.17,41.0110568146489,23.39,"P4 - Low","PASS",890,1904.76,1910.86,875.85,881.95,100,415,"Completed"
416,"PL-0102","SAST","Low",2,1030.41,3.48,26.89,"Intermediate","Small",25,12.5,26.89,41.0708449255837,24.58,"P4 - Low","PASS",863,1910.86,1914.34,880.45,883.93,100,416,"Completed"
417,"PL-0102","Container","Medium",5,1033.95,6.53,53.71,"Intermediate","Medium",50,31.25,53.71,41.21194486739,46.3,"P3 - Medium","PASS WITH MONITORING",506,1914.34,1920.87,880.39,886.92,100,417,"Completed"
418,"PL-0095","Container","Medium",4,1033.98,5.75,33.98,"Junior","Medium",50,25,33.98,41.2131406296087,40.12,"P3 - Medium","PASS",675,1920.87,1926.62,886.89,892.64,100,418,"Completed"
419,"PL-0256","SAST","Critical",13,1034.46,5.93,100,"Intermediate","Small",100,81.25,100,41.2322728251078,90.37,"P1 - Critical","BLOCK",18,1926.62,1932.55,892.16,898.09,100,419,"Completed"
420,"PL-0233","Container","Medium",3,1037.07,5.58,55.47,"Junior","Medium",50,18.75,55.47,41.3363041381344,44.25,"P3 - Medium","PASS WITH MONITORING",572,1932.55,1938.13,895.48,901.06,100,420,"Completed"
421,"PL-0010","Container","Medium",1,1043.69,4.03,53.44,"Intermediate","Small",50,6.25,53.44,41.6001690010602,41.27,"P3 - Medium","PASS WITH MONITORING",653,1938.13,1942.16,894.44,898.47,100,421,"Completed"
422,"PL-0188","Container","High",4,1045.08,5.96,70.93,"Junior","Small",75,25,70.93,41.6555726505265,60.65,"P2 - High","WAIT / PRIORITIZE",316,1942.16,1948.12,897.08,903.04,100,422,"Completed"
423,"PL-0161","DAST","Medium",1,1045.53,6.27,47.74,"Junior","Small",50,6.25,47.74,41.673509083807,39.85,"P4 - Low","PASS WITH MONITORING",681,1948.12,1954.39,902.59,908.86,100,423,"Completed"
424,"PL-0214","Container","Critical",7,1046.63,5.03,94.05,"Intermediate","Large",100,43.75,94.05,41.7173536984925,81.43,"P1 - Critical","BLOCK",91,1954.39,1959.42,907.76,912.79,100,424,"Completed"
425,"PL-0271","SAST","Medium",2,1061.58,2.97,46.82,"Intermediate","Medium",50,12.5,46.82,42.3132418708098,40.94,"P3 - Medium","PASS WITH MONITORING",659,1959.42,1962.39,897.84,900.81,100,425,"Completed"
426,"PL-0068","SCA","High",7,1062.85,4.78,77.71,"Intermediate","Small",75,43.75,77.71,42.3638624714013,66.16,"P2 - High","WAIT / PRIORITIZE",230,1962.39,1967.17,899.54,904.32,100,426,"Completed"
427,"PL-0103","DAST","Medium",5,1064.08,6.9,48.85,"Junior","Small",50,31.25,48.85,42.4128887223679,45.2,"P3 - Medium","PASS WITH MONITORING",543,1967.17,1974.07,903.09,909.99,100,427,"Completed"
428,"PL-0138","SCA","Low",2,1064.65,4.47,26.48,"Intermediate","Small",25,12.5,26.48,42.4356082045232,24.61,"P4 - Low","PASS",862,1974.07,1978.54,909.42,913.89,100,428,"Completed"
429,"PL-0200","Container","Low",4,1066.43,5.59,30.85,"Junior","Small",25,25,30.85,42.5065567628325,28.21,"P4 - Low","PASS",791,1978.54,1984.13,912.11,917.7,100,429,"Completed"
430,"PL-0223","IaC","Low",1,1067.79,4.93,23.69,"Junior","Large",25,6.25,23.69,42.5607646500801,22.68,"P4 - Low","PASS",912,1984.13,1989.06,916.34,921.27,100,430,"Completed"
431,"PL-0173","Container","Medium",3,1071.98,4.59,46.84,"Intermediate","Small",50,18.75,46.84,42.7277727732915,42.23,"P3 - Medium","PASS WITH MONITORING",631,1989.06,1993.65,917.08,921.67,100,431,"Completed"
432,"PL-0084","SCA","High",9,1078.22,5.41,86.29,"Junior","Small",75,56.25,86.29,42.9764913147804,70.87,"P2 - High","WAIT / PRIORITIZE",145,1993.65,1999.06,915.43,920.84,100,432,"Completed"
433,"PL-0183","SCA","High",11,1079,4.23,83.01,"Intermediate","Small",75,68.75,83.01,43.0075811324665,72.55,"P2 - High","WAIT / PRIORITIZE",128,1999.06,2003.29,920.06,924.29,100,433,"Completed"
434,"PL-0120","SAST","Low",4,1081.94,3.75,37.67,"Junior","Small",25,25,37.67,43.1247658298988,29.98,"P4 - Low","PASS",769,2003.29,2007.04,921.35,925.1,100,434,"Completed"
435,"PL-0176","IaC","Medium",5,1087.65,3.6,51.75,"Intermediate","Small",50,31.25,51.75,43.3523592388575,46.02,"P3 - Medium","PASS WITH MONITORING",518,2007.04,2010.64,919.39,922.99,100,435,"Completed"
436,"PL-0008","SAST","High",10,1089.23,4.17,80.68,"Junior","Medium",75,62.5,80.68,43.4153360490422,70.76,"P2 - High","WAIT / PRIORITIZE",146,2010.64,2014.81,921.41,925.58,100,436,"Completed"
437,"PL-0105","Container","Low",3,1091.79,4.9,18.25,"Junior","Small",25,18.75,18.25,43.5173744250377,23.91,"P4 - Low","PASS",879,2014.81,2019.71,923.02,927.92,100,437,"Completed"
438,"PL-0176","SAST","Medium",2,1096.96,3.49,48.36,"Junior","Medium",50,12.5,48.36,43.7234441140598,41.46,"P3 - Medium","PASS WITH MONITORING",646,2019.71,2023.2,922.75,926.24,100,438,"Completed"
439,"PL-0075","SAST","Low",2,1099.6,3.6,25.56,"Senior","Medium",25,12.5,25.56,43.8286711893051,24.52,"P4 - Low","PASS",865,2023.2,2026.8,923.6,927.2,100,439,"Completed"
440,"PL-0141","SAST","High",5,1111.16,3.82,81.53,"Junior","Large",75,31.25,81.53,44.2894382309097,64.81,"P2 - High","WAIT / PRIORITIZE",254,2026.8,2030.62,915.64,919.46,100,440,"Completed"
441,"PL-0103","Container","High",7,1116.19,6.18,81.01,"Junior","Small",75,43.75,81.01,44.4899276962445,67.2,"P2 - High","WAIT / PRIORITIZE",205,2030.62,2036.8,914.43,920.61,100,441,"Completed"
442,"PL-0018","SAST","Medium",3,1119.35,5.15,43.19,"Senior","Medium",50,18.75,43.19,44.6158813166139,41.51,"P3 - Medium","PASS WITH MONITORING",645,2036.8,2041.95,917.45,922.6,100,442,"Completed"
443,"PL-0133","SCA","Medium",5,1120.33,2.58,53.94,"Intermediate","Small",50,31.25,53.94,44.6549428824247,46.7,"P3 - Medium","PASS WITH MONITORING",492,2041.95,2044.53,921.62,924.2,100,443,"Completed"
444,"PL-0031","SAST","Medium",3,1120.37,4.31,54.64,"Junior","Medium",50,18.75,54.64,44.6565372320496,44.38,"P3 - Medium","PASS WITH MONITORING",565,2044.53,2048.84,924.16,928.47,100,444,"Completed"
445,"PL-0020","SAST","Medium",3,1121.8,3.83,53.34,"Junior","Medium",50,18.75,53.34,44.7135352311408,44.06,"P3 - Medium","PASS WITH MONITORING",580,2048.84,2052.67,927.04,930.87,100,445,"Completed"
446,"PL-0210","DAST","High",5,1122.83,6.55,80.47,"Intermediate","Small",75,31.25,80.47,44.7545897339828,64.59,"P2 - High","WAIT / PRIORITIZE",260,2052.67,2059.22,929.84,936.39,100,446,"Completed"
447,"PL-0103","SAST","Critical",6,1123.89,3.58,100,"Intermediate","Medium",100,37.5,100,44.7968399990434,81.98,"P1 - Critical","BLOCK",86,2059.22,2062.8,935.33,938.91,100,447,"Completed"
448,"PL-0241","DAST","High",5,1126.07,4.86,71.3,"Senior","Medium",75,31.25,71.3,44.883732053602,62.31,"P2 - High","WAIT / PRIORITIZE",288,2062.8,2067.66,936.73,941.59,100,448,"Completed"
449,"PL-0195","Container","Critical",6,1128.54,6.05,100,"Junior","Small",100,37.5,100,44.9821831429414,82,"P1 - Critical","BLOCK",84,2067.66,2073.71,939.12,945.17,100,449,"Completed"
450,"PL-0240","SCA","Medium",2,1129.12,2.53,44.26,"Senior","Small",50,12.5,44.26,45.0053012125029,40.57,"P3 - Medium","PASS WITH MONITORING",667,2073.71,2076.24,944.59,947.12,100,450,"Completed"
451,"PL-0264","SCA","High",4,1132.61,3.93,97.06,"Intermediate","Medium",75,25,97.06,45.144408217278,67.53,"P2 - High","WAIT / PRIORITIZE",200,2076.24,2080.17,943.63,947.56,100,451,"Completed"
452,"PL-0275","SAST","Low",1,1133.78,2.16,13.02,"Junior","Medium",25,6.25,13.02,45.1910429438071,20.27,"P4 - Low","PASS",962,2080.17,2082.33,946.39,948.55,100,452,"Completed"
453,"PL-0114","DAST","Low",2,1135.31,6.32,18.71,"Intermediate","Medium",25,12.5,18.71,45.2520268169607,22.95,"P4 - Low","PASS",904,2082.33,2088.65,947.02,953.34,100,453,"Completed"
454,"PL-0266","SAST","Medium",3,1137.94,3.71,53.52,"Junior","Small",50,18.75,53.52,45.3568553047998,44.17,"P3 - Medium","PASS WITH MONITORING",576,2088.65,2092.36,950.71,954.42,100,454,"Completed"
455,"PL-0207","SAST","Medium",7,1139.18,6.47,54.84,"Junior","Small",50,43.75,54.84,45.4062801431726,49.5,"P3 - Medium","PASS WITH MONITORING",424,2092.36,2098.83,953.18,959.65,100,455,"Completed"
456,"PL-0268","Container","Medium",4,1142.2,4.71,46.31,"Intermediate","Small",50,25,46.31,45.5266535398548,43.63,"P3 - Medium","PASS WITH MONITORING",594,2098.83,2103.54,956.63,961.34,100,456,"Completed"
457,"PL-0163","SCA","Low",2,1144.84,4.3,29.98,"Junior","Small",25,12.5,29.98,45.6318806151001,25.81,"P4 - Low","PASS",836,2103.54,2107.84,958.7,963,100,457,"Completed"
458,"PL-0180","Container","Low",3,1146.78,6.09,32.42,"Junior","Medium",25,18.75,32.42,45.7092065719091,27.68,"P4 - Low","PASS",801,2107.84,2113.93,961.06,967.15,100,458,"Completed"
459,"PL-0112","SCA","Medium",3,1150.68,2.77,61.96,"Junior","Large",50,18.75,61.96,45.8646556603398,46.33,"P3 - Medium","PASS WITH MONITORING",504,2113.93,2116.7,963.25,966.02,100,459,"Completed"
460,"PL-0032","Container","High",8,1151.24,5.86,77.5,"Senior","Small",75,50,77.5,45.8869765550888,67.71,"P2 - High","WAIT / PRIORITIZE",197,2116.7,2122.56,965.46,971.32,100,460,"Completed"
461,"PL-0189","Container","Medium",5,1152.19,5.08,36.48,"Senior","Small",50,31.25,36.48,45.9248423586808,42.46,"P3 - Medium","PASS",625,2122.56,2127.64,970.37,975.45,100,461,"Completed"
462,"PL-0054","Container","High",4,1153.87,5.49,82.06,"Intermediate","Medium",75,25,82.06,45.9918050429279,63.86,"P2 - High","WAIT / PRIORITIZE",271,2127.64,2133.13,973.77,979.26,100,462,"Completed"
463,"PL-0129","SCA","High",5,1155.56,3.68,80.74,"Intermediate","Small",75,31.25,80.74,46.0591663145811,64.79,"P2 - High","WAIT / PRIORITIZE",255,2133.13,2136.81,977.57,981.25,100,463,"Completed"
464,"PL-0007","DAST","Medium",4,1156.3,5.31,58.26,"Intermediate","Large",50,25,58.26,46.0886617826423,46.67,"P3 - Medium","PASS WITH MONITORING",493,2136.81,2142.12,980.51,985.82,100,464,"Completed"
465,"PL-0203","DAST","Low",4,1158.66,6.52,29.45,"Intermediate","Small",25,25,29.45,46.1827284105131,28.23,"P4 - Low","PASS",789,2142.12,2148.64,983.46,989.98,100,465,"Completed"
466,"PL-0011","Container","Medium",9,1163.41,7.14,51.88,"Intermediate","Small",50,56.25,51.88,46.3720574284735,51.36,"P3 - Medium","PASS WITH MONITORING",390,2148.64,2155.78,985.23,992.37,100,466,"Completed"
467,"PL-0077","Container","Medium",3,1164.01,6.38,45.74,"Senior","Large",50,18.75,45.74,46.3959726728474,42.32,"P3 - Medium","PASS WITH MONITORING",626,2155.78,2162.16,991.77,998.15,100,467,"Completed"
468,"PL-0101","DAST","Medium",3,1167.55,5.07,52.46,"Intermediate","Medium",50,18.75,52.46,46.5370726146537,44.02,"P3 - Medium","PASS WITH MONITORING",582,2162.16,2167.23,994.61,999.68,100,468,"Completed"
469,"PL-0226","IaC","Medium",5,1172.64,3.9,61.57,"Intermediate","Small",50,31.25,61.57,46.7399536044259,48.82,"P3 - Medium","PASS WITH MONITORING",445,2167.23,2171.13,994.59,998.49,100,469,"Completed"
470,"PL-0143","Container","Low",3,1175.32,4.8,30.61,"Junior","Medium",25,18.75,30.61,46.8467750292962,27.34,"P4 - Low","PASS",808,2171.13,2175.93,995.81,1000.61,100,470,"Completed"
471,"PL-0037","IaC","Low",1,1175.84,3.4,16.85,"Intermediate","Small",25,6.25,16.85,46.8675015744203,21.4,"P4 - Low","PASS",938,2175.93,2179.33,1000.09,1003.49,100,471,"Completed"
472,"PL-0256","IaC","High",4,1179.25,3.9,73.63,"Intermediate","Large",75,25,73.63,47.0034198799455,61.86,"P2 - High","WAIT / PRIORITIZE",298,2179.33,2183.23,1000.08,1003.98,100,472,"Completed"
473,"PL-0177","DAST","Critical",5,1180.63,5.58,100,"Junior","Medium",100,31.25,100,47.0584249420055,80.96,"P1 - Critical","BLOCK",95,2183.23,2188.81,1002.6,1008.18,100,473,"Completed"
474,"PL-0210","SAST","Medium",6,1183.33,4.35,47.97,"Junior","Small",50,37.5,47.97,47.1660435416883,46.71,"P3 - Medium","PASS WITH MONITORING",491,2188.81,2193.16,1005.48,1009.83,100,474,"Completed"
475,"PL-0118","SAST","High",3,1185.37,4.79,61.24,"Intermediate","Small",75,18.75,61.24,47.2473553725596,57.53,"P3 - Medium","PASS WITH MONITORING",340,2193.16,2197.95,1007.79,1012.58,100,475,"Completed"
476,"PL-0273","IaC","Low",3,1194.72,3.52,27.41,"Intermediate","Small",25,18.75,27.41,47.6200345973869,26.61,"P4 - Low","PASS",819,2197.95,2201.47,1003.23,1006.75,100,476,"Completed"
477,"PL-0039","SCA","Medium",4,1198.86,3.09,47.4,"Intermediate","Small",50,25,47.4,47.785049783567,44.13,"P3 - Medium","PASS WITH MONITORING",579,2201.47,2204.56,1002.61,1005.7,100,477,"Completed"
478,"PL-0204","SCA","Low",1,1206.98,3.41,22.59,"Senior","Small",25,6.25,22.59,48.1087027574277,22.96,"P4 - Low","PASS",902,2204.56,2207.97,997.58,1000.99,100,478,"Completed"
479,"PL-0222","SCA","High",4,1207.91,3.56,70.29,"Junior","Small",75,25,70.29,48.1457713862073,61.14,"P2 - High","WAIT / PRIORITIZE",309,2207.97,2211.53,1000.06,1003.62,100,479,"Completed"
480,"PL-0163","SCA","High",9,1210.2,4.5,83.07,"Intermediate","Small",75,56.25,83.07,48.2370479022345,70.59,"P2 - High","WAIT / PRIORITIZE",148,2211.53,2216.03,1001.33,1005.83,100,480,"Completed"
481,"PL-0148","IaC","Low",2,1212.7,4.06,13.53,"Junior","Medium",25,12.5,13.53,48.3366947537926,21.97,"P4 - Low","PASS",925,2216.03,2220.09,1003.33,1007.39,100,481,"Completed"
482,"PL-0008","Container","High",9,1215.35,5.9,78.84,"Senior","Small",75,56.25,78.84,48.4423204164441,69.55,"P2 - High","WAIT / PRIORITIZE",166,2220.09,2225.99,1004.74,1010.64,100,482,"Completed"
483,"PL-0276","IaC","Medium",4,1215.61,3.52,44.55,"Senior","Small",50,25,44.55,48.4526836890062,43.48,"P3 - Medium","PASS WITH MONITORING",599,2225.99,2229.51,1010.38,1013.9,100,483,"Completed"
484,"PL-0156","SCA","Critical",10,1216.64,3.43,100,"Intermediate","Large",100,62.5,100,48.4937381918481,87.35,"P1 - Critical","BLOCK",40,2229.51,2232.94,1012.87,1016.3,100,484,"Completed"
485,"PL-0097","SCA","Medium",7,1217.22,3.05,66.82,"Senior","Medium",50,43.75,66.82,48.5168562614096,52.81,"P3 - Medium","PASS WITH MONITORING",371,2232.94,2235.99,1015.72,1018.77,100,485,"Completed"
486,"PL-0184","SAST","Low",1,1218.67,4.32,13.36,"Junior","Medium",25,6.25,13.36,48.5746514353132,20.7,"P4 - Low","PASS",954,2235.99,2240.31,1017.32,1021.64,100,486,"Completed"
487,"PL-0046","SCA","Low",2,1220.54,2.89,20.9,"Intermediate","Medium",25,12.5,20.9,48.6491872802787,23.84,"P4 - Low","PASS",881,2240.31,2243.2,1019.77,1022.66,100,487,"Completed"
488,"PL-0248","SCA","Low",2,1220.85,3.07,14.64,"Intermediate","Medium",25,12.5,14.64,48.6615434898719,22.28,"P4 - Low","PASS",921,2243.2,2246.27,1022.35,1025.42,100,488,"Completed"
489,"PL-0184","SAST","Critical",6,1221.28,4.05,100,"Junior","Small",100,37.5,100,48.6786827483399,82.37,"P1 - Critical","BLOCK",80,2246.27,2250.32,1024.99,1029.04,100,489,"Completed"
490,"PL-0098","Container","High",10,1225.14,5.88,87,"Intermediate","Medium",75,62.5,87,48.8325374871456,72.88,"P2 - High","WAIT / PRIORITIZE",127,2250.32,2256.2,1025.18,1031.06,100,490,"Completed"
491,"PL-0069","DAST","Medium",8,1228.02,7.26,56.79,"Intermediate","Small",50,50,56.79,48.9473306601405,51.59,"P3 - Medium","PASS WITH MONITORING",388,2256.2,2263.46,1028.18,1035.44,100,491,"Completed"
492,"PL-0268","SAST","Critical",7,1229.35,4.3,100,"Intermediate","Large",100,43.75,100,49.0003427851694,83.65,"P1 - Critical","BLOCK",69,2263.46,2267.76,1034.11,1038.41,100,492,"Completed"
493,"PL-0259","DAST","Medium",6,1229.97,5.69,49.42,"Junior","Small",50,37.5,49.42,49.0250552043558,47.26,"P3 - Medium","PASS WITH MONITORING",483,2267.76,2273.45,1037.79,1043.48,100,493,"Completed"
494,"PL-0018","DAST","High",4,1230.43,5.41,76.23,"Junior","Small",75,25,76.23,49.0433902250425,62.71,"P2 - High","WAIT / PRIORITIZE",286,2273.45,2278.86,1043.02,1048.43,100,494,"Completed"
495,"PL-0242","IaC","High",6,1231.69,4.39,78.14,"Senior","Small",75,37.5,78.14,49.0936122382277,65.69,"P2 - High","WAIT / PRIORITIZE",238,2278.86,2283.25,1047.17,1051.56,100,495,"Completed"
496,"PL-0178","SAST","Low",2,1237.6,2.45,18.85,"Junior","Small",25,12.5,18.85,49.329177395311,23.4,"P4 - Low","PASS",889,2283.25,2285.7,1045.65,1048.1,100,496,"Completed"
497,"PL-0115","SAST","High",4,1239.9,4.33,67.07,"Junior","Small",75,25,67.07,49.4208524987445,60.46,"P2 - High","PASS WITH MONITORING",317,2285.7,2290.03,1045.8,1050.13,100,497,"Completed"
498,"PL-0030","IaC","Medium",1,1241.41,2.21,44.15,"Senior","Medium",50,6.25,44.15,49.4810391970855,39.74,"P4 - Low","PASS WITH MONITORING",683,2290.03,2292.24,1048.62,1050.83,100,498,"Completed"
499,"PL-0148","Container","High",5,1243.2,5.17,87.79,"Intermediate","Medium",75,31.25,87.79,49.5523863428011,66.9,"P2 - High","WAIT / PRIORITIZE",214,2292.24,2297.41,1049.04,1054.21,100,499,"Completed"
500,"PL-0162","Container","Medium",2,1244.56,4.06,56.72,"Junior","Large",50,12.5,56.72,49.6065942300487,44.14,"P3 - Medium","PASS WITH MONITORING",578,2297.41,2301.47,1052.85,1056.91,100,500,"Completed"
501,"PL-0277","SCA","Medium",8,1253.68,5.45,66.04,"Junior","Small",50,50,66.04,49.9701059445326,54.01,"P3 - Medium","PASS WITH MONITORING",360,2301.47,2306.92,1047.79,1053.24,100,501,"Completed"
502,"PL-0180","SAST","Low",2,1256.51,4.33,32.91,"Senior","Medium",25,12.5,32.91,50.0829061804963,26.99,"P4 - Low","PASS",814,2306.92,2311.25,1050.41,1054.74,100,502,"Completed"
503,"PL-0083","DAST","Low",1,1260.33,5.87,12.72,"Intermediate","Large",25,6.25,12.72,50.2351665696771,20.7,"P4 - Low","PASS",955,2311.25,2317.12,1050.92,1056.79,100,503,"Completed"
504,"PL-0125","Container","Critical",10,1265.4,7.01,99.83,"Senior","Small",100,62.5,99.83,50.4372503846368,87.5,"P1 - Critical","BLOCK",38,2317.12,2324.13,1051.72,1058.73,100,504,"Completed"
505,"PL-0235","IaC","Low",2,1267.87,4.54,20.08,"Intermediate","Large",25,12.5,20.08,50.5357014739762,23.82,"P4 - Low","PASS",882,2324.13,2328.67,1056.26,1060.8,100,505,"Completed"
506,"PL-0082","Container","Medium",4,1268.67,4.14,54.32,"Junior","Medium",50,25,54.32,50.5675884664748,46.14,"P3 - Medium","PASS WITH MONITORING",513,2328.67,2332.81,1060,1064.14,100,506,"Completed"
507,"PL-0040","SAST","High",7,1269.82,3.9,73.6,"Senior","Small",75,43.75,73.6,50.6134260181915,65.96,"P2 - High","WAIT / PRIORITIZE",233,2332.81,2336.71,1062.99,1066.89,100,507,"Completed"
508,"PL-0280","DAST","Critical",10,1272.56,7.61,100,"Senior","Small",100,62.5,100,50.7226389674992,87.57,"P1 - Critical","BLOCK",36,2336.71,2344.32,1064.15,1071.76,100,508,"Completed"
509,"PL-0157","Container","High",7,1273.46,5.47,65.9,"Senior","Small",75,43.75,65.9,50.7585118340601,64.05,"P2 - High","PASS WITH MONITORING",267,2344.32,2349.79,1070.86,1076.33,100,509,"Completed"
510,"PL-0278","SCA","High",3,1275.87,3.58,72.63,"Intermediate","Small",75,18.75,72.63,50.8545713989621,60.74,"P2 - High","WAIT / PRIORITIZE",315,2349.79,2353.37,1073.92,1077.5,100,510,"Completed"
511,"PL-0215","SAST","Medium",4,1279.43,4.44,42.64,"Senior","Medium",50,25,42.64,50.9964685155808,43.26,"P3 - Medium","PASS WITH MONITORING",609,2353.37,2357.81,1073.94,1078.38,100,511,"Completed"
512,"PL-0236","SAST","Low",4,1281.23,4.14,19.76,"Intermediate","Medium",25,25,19.76,51.0682142487026,26.3,"P4 - Low","PASS",828,2357.81,2361.95,1076.58,1080.72,100,512,"Completed"
513,"PL-0148","DAST","High",5,1285.25,7.72,70.48,"Intermediate","Medium",75,31.25,70.48,51.228446386008,62.74,"P2 - High","WAIT / PRIORITIZE",284,2361.95,2369.67,1076.7,1084.42,100,513,"Completed"
514,"PL-0179","SAST","Medium",6,1285.9,4.41,58.31,"Intermediate","Large",50,37.5,58.31,51.2543545674131,49.7,"P3 - Medium","PASS WITH MONITORING",422,2369.67,2374.08,1083.77,1088.18,100,514,"Completed"
515,"PL-0295","SAST","Low",3,1291.12,3.85,17.59,"Junior","Medium",25,18.75,17.59,51.4624171934664,24.54,"P4 - Low","PASS",864,2374.08,2377.93,1082.96,1086.81,100,515,"Completed"
516,"PL-0009","SAST","High",7,1291.86,5.04,85.34,"Intermediate","Small",75,43.75,85.34,51.4919126615275,68.98,"P2 - High","WAIT / PRIORITIZE",180,2377.93,2382.97,1086.07,1091.11,100,516,"Completed"
517,"PL-0190","IaC","Medium",3,1293.6,3.74,48.12,"Intermediate","Medium",50,18.75,48.12,51.561266870212,43.44,"P3 - Medium","PASS WITH MONITORING",605,2382.97,2386.71,1089.37,1093.11,100,517,"Completed"
518,"PL-0019","Container","Medium",3,1295.5,3.94,52.59,"Intermediate","Small",50,18.75,52.59,51.6369984773961,44.56,"P3 - Medium","PASS WITH MONITORING",559,2386.71,2390.65,1091.21,1095.15,100,518,"Completed"
519,"PL-0021","IaC","High",7,1299.2,4.24,76.19,"Intermediate","Medium",75,43.75,76.19,51.7844758177021,66.73,"P2 - High","WAIT / PRIORITIZE",216,2390.65,2394.89,1091.45,1095.69,100,519,"Completed"
520,"PL-0177","SCA","Medium",6,1304.4,2.73,52.28,"Junior","Medium",50,37.5,52.28,51.9917412689429,48.27,"P3 - Medium","PASS WITH MONITORING",464,2394.89,2397.62,1090.49,1093.22,100,520,"Completed"
521,"PL-0115","DAST","Medium",4,1315.04,6.26,48.23,"Junior","Medium",50,25,48.23,52.415838269174,44.8,"P3 - Medium","PASS WITH MONITORING",550,2397.62,2403.88,1082.58,1088.84,100,521,"Completed"
522,"PL-0092","SAST","Low",1,1315.48,3.2,19.98,"Senior","Small",25,6.25,19.98,52.4333761150483,22.74,"P4 - Low","PASS",909,2403.88,2407.08,1088.4,1091.6,100,522,"Completed"
523,"PL-0185","SCA","Low",3,1315.74,1.6,24.26,"Junior","Small",25,18.75,24.26,52.4437393876103,26.31,"P4 - Low","PASS",827,2407.08,2408.68,1091.34,1092.94,100,523,"Completed"
524,"PL-0155","SAST","Critical",5,1315.86,3.85,100,"Intermediate","Medium",100,31.25,100,52.4485224364851,81.49,"P1 - Critical","BLOCK",90,2408.68,2412.53,1092.82,1096.67,100,524,"Completed"
525,"PL-0154","DAST","Medium",2,1317.05,5.69,41.95,"Junior","Medium",50,12.5,41.95,52.4959543378267,40.74,"P3 - Medium","PASS WITH MONITORING",663,2412.53,2418.22,1095.48,1101.17,100,525,"Completed"
526,"PL-0057","Container","Medium",1,1319.99,5.98,42.28,"Senior","Small",50,6.25,42.28,52.613139035259,39.58,"P4 - Low","PASS WITH MONITORING",688,2418.22,2424.2,1098.23,1104.21,100,526,"Completed"
527,"PL-0213","SAST","Medium",3,1320.94,4.4,40.94,"Intermediate","Large",50,18.75,40.94,52.6510048388511,41.75,"P3 - Medium","PASS WITH MONITORING",642,2424.2,2428.6,1103.26,1107.66,100,527,"Completed"
528,"PL-0232","SAST","Medium",4,1325.03,4.64,53.51,"Intermediate","Small",50,25,53.51,52.8140270880001,46.16,"P3 - Medium","PASS WITH MONITORING",512,2428.6,2433.24,1103.57,1108.21,100,528,"Completed"
529,"PL-0291","SAST","Medium",6,1325.78,4.74,55.78,"Junior","Small",50,37.5,55.78,52.8439211434675,49.23,"P3 - Medium","PASS WITH MONITORING",431,2433.24,2437.98,1107.46,1112.2,100,529,"Completed"
530,"PL-0186","SCA","Medium",1,1327.98,0.93,42.5,"Intermediate","Large",50,6.25,42.5,52.9316103728387,39.67,"P4 - Low","PASS WITH MONITORING",684,2437.98,2438.91,1110,1110.93,100,530,"Completed"
531,"PL-0013","Container","Low",4,1333.81,5.61,23,"Intermediate","Medium",25,25,23,53.1639868306721,27.32,"P4 - Low","PASS",810,2438.91,2444.52,1105.1,1110.71,100,531,"Completed"
532,"PL-0098","SAST","Medium",4,1334.76,4.73,47.28,"Intermediate","Medium",50,25,47.28,53.2018526342642,44.64,"P3 - Medium","PASS WITH MONITORING",554,2444.52,2449.25,1109.76,1114.49,100,532,"Completed"
533,"PL-0228","SAST","Medium",4,1338.19,2.96,47.17,"Intermediate","Small",50,25,47.17,53.3385681146018,44.63,"P3 - Medium","PASS WITH MONITORING",555,2449.25,2452.21,1111.06,1114.02,100,533,"Completed"
534,"PL-0297","SAST","Low",2,1339.24,3.24,43.59,"Junior","Small",25,12.5,43.59,53.3804197922562,29.99,"P4 - Low","PASS WITH MONITORING",768,2452.21,2455.45,1112.97,1116.21,100,534,"Completed"
535,"PL-0110","SAST","Medium",3,1344.51,2.89,34.01,"Intermediate","Small",50,18.75,34.01,53.5904753553407,40.11,"P3 - Medium","PASS",676,2455.45,2458.34,1110.94,1113.83,100,535,"Completed"
536,"PL-0027","DAST","Low",3,1349.98,6.23,25.7,"Intermediate","Small",25,18.75,25.7,53.8085026665497,26.81,"P4 - Low","PASS",817,2458.34,2464.57,1108.36,1114.59,100,536,"Completed"
537,"PL-0256","SCA","Medium",5,1351.74,3.51,58.11,"Senior","Small",50,31.25,58.11,53.8786540500466,48.67,"P3 - Medium","PASS WITH MONITORING",449,2464.57,2468.08,1112.83,1116.34,100,537,"Completed"
538,"PL-0065","SAST","Low",3,1352.31,4.78,18.92,"Junior","Medium",25,18.75,18.92,53.9013735322019,25.12,"P4 - Low","PASS",851,2468.08,2472.86,1115.77,1120.55,100,538,"Completed"
539,"PL-0078","IaC","Critical",9,1357.58,4.41,100,"Senior","Small",100,56.25,100,54.1114290952863,86.66,"P1 - Critical","BLOCK",45,2472.86,2477.27,1115.28,1119.69,100,539,"Completed"
540,"PL-0244","Container","Low",3,1358.82,5.77,21.83,"Senior","Large",25,18.75,21.83,54.1608539336591,25.87,"P4 - Low","PASS",833,2477.27,2483.04,1118.45,1124.22,100,540,"Completed"
541,"PL-0058","DAST","Low",4,1362.35,5.71,35.72,"Intermediate","Small",25,25,35.72,54.3015552880591,30.61,"P4 - Low","PASS",758,2483.04,2488.75,1120.69,1126.4,100,541,"Completed"
542,"PL-0245","SCA","Medium",2,1362.93,3.32,50.07,"Senior","Small",50,12.5,50.07,54.3246733576206,42.95,"P3 - Medium","PASS WITH MONITORING",612,2488.75,2492.07,1125.82,1129.14,100,542,"Completed"
543,"PL-0028","DAST","High",12,1364.35,6.26,94.97,"Junior","Large",75,75,94.97,54.3812727693056,77.93,"P2 - High","WAIT / PRIORITIZE",108,2492.07,2498.33,1127.72,1133.98,100,543,"Completed"
544,"PL-0288","SAST","High",8,1364.68,3.65,79.21,"Intermediate","Small",75,50,79.21,54.3944261537113,68.99,"P2 - High","WAIT / PRIORITIZE",179,2498.33,2501.98,1133.65,1137.3,100,544,"Completed"
545,"PL-0158","SAST","Medium",4,1367.01,3.7,54.81,"Junior","Small",50,25,54.81,54.4872970193634,46.65,"P3 - Medium","PASS WITH MONITORING",495,2501.98,2505.68,1134.97,1138.67,100,545,"Completed"
546,"PL-0165","Container","Low",2,1369.08,5.39,23.91,"Senior","Small",25,12.5,23.91,54.5698046124535,25.18,"P4 - Low","PASS",849,2505.68,2511.07,1136.6,1141.99,100,546,"Completed"
547,"PL-0245","IaC","Medium",7,1373.5,5.13,63.02,"Junior","Small",50,43.75,63.02,54.7459802460081,52.48,"P3 - Medium","PASS WITH MONITORING",377,2511.07,2516.2,1137.57,1142.7,100,547,"Completed"
548,"PL-0152","Container","Medium",1,1379.86,4.31,53.61,"Intermediate","Small",50,6.25,53.61,54.9994818363719,42.65,"P3 - Medium","PASS WITH MONITORING",619,2516.2,2520.51,1136.34,1140.65,100,548,"Completed"
549,"PL-0172","SCA","Medium",5,1384.71,3.09,45.14,"Junior","Small",50,31.25,45.14,55.1927967283946,45.55,"P3 - Medium","PASS WITH MONITORING",533,2520.51,2523.6,1135.8,1138.89,100,549,"Completed"
550,"PL-0034","IaC","Medium",4,1384.72,3.37,57.47,"Intermediate","Small",50,25,57.47,55.1931953158008,47.39,"P3 - Medium","PASS WITH MONITORING",480,2523.6,2526.97,1138.88,1142.25,100,550,"Completed"
551,"PL-0125","IaC","High",8,1385.72,5.22,84.72,"Intermediate","Medium",75,50,84.72,55.233054056424,70.45,"P2 - High","WAIT / PRIORITIZE",149,2526.97,2532.19,1141.25,1146.47,100,551,"Completed"
552,"PL-0284","Container","Medium",1,1387.75,5.47,40.96,"Intermediate","Medium",50,6.25,40.96,55.3139672998892,39.52,"P4 - Low","PASS WITH MONITORING",690,2532.19,2537.66,1144.44,1149.91,100,552,"Completed"
553,"PL-0018","SAST","Medium",5,1390.35,3.83,53.74,"Intermediate","Large",50,31.25,53.74,55.4176000255096,47.73,"P3 - Medium","PASS WITH MONITORING",474,2537.66,2541.49,1147.31,1151.14,100,553,"Completed"
554,"PL-0150","SCA","Critical",5,1390.89,3.32,93.42,"Intermediate","Medium",100,31.25,93.42,55.4391237454461,80.15,"P1 - Critical","BLOCK",99,2541.49,2544.81,1150.6,1153.92,100,554,"Completed"
555,"PL-0154","SCA","Medium",3,1395.11,4.06,55.77,"Intermediate","Medium",50,18.75,55.77,55.6073276308762,45.75,"P3 - Medium","PASS WITH MONITORING",524,2544.81,2548.87,1149.7,1153.76,100,555,"Completed"
556,"PL-0049","IaC","Medium",3,1395.74,3.96,63.2,"Junior","Medium",50,18.75,63.2,55.6324386374688,47.61,"P3 - Medium","PASS WITH MONITORING",475,2548.87,2552.83,1153.13,1157.09,100,556,"Completed"
557,"PL-0212","SCA","Low",2,1397.13,4.6,28.26,"Intermediate","Medium",25,12.5,28.26,55.6878422869351,26.38,"P4 - Low","PASS",824,2552.83,2557.43,1155.7,1160.3,100,557,"Completed"
558,"PL-0030","SAST","High",4,1397.26,3.71,67.23,"Junior","Large",75,25,67.23,55.6930239232161,61.13,"P2 - High","PASS WITH MONITORING",310,2557.43,2561.14,1160.17,1163.88,100,558,"Completed"
559,"PL-0072","DAST","Medium",3,1400.37,5.75,41.87,"Junior","Small",50,18.75,41.87,55.8169846065544,42.3,"P3 - Medium","PASS WITH MONITORING",627,2561.14,2566.89,1160.77,1166.52,100,559,"Completed"
560,"PL-0058","SAST","Critical",11,1401.74,4.76,100,"Intermediate","Medium",100,68.75,100,55.8715910812082,89.34,"P1 - Critical","BLOCK",22,2566.89,2571.65,1165.15,1169.91,100,560,"Completed"
561,"PL-0166","SCA","Medium",5,1402.04,3.35,56.45,"Junior","Large",50,31.25,56.45,55.8835487033952,48.45,"P3 - Medium","PASS WITH MONITORING",458,2571.65,2575,1169.61,1172.96,100,561,"Completed"
562,"PL-0099","SCA","Low",2,1404.14,4.46,19.23,"Senior","Medium",25,12.5,19.23,55.967252058704,24.15,"P4 - Low","PASS",874,2575,2579.46,1170.86,1175.32,100,562,"Completed"
563,"PL-0175","Container","Medium",2,1407.9,4.9,51.5,"Junior","Large",50,12.5,51.5,56.1171209234473,43.49,"P3 - Medium","PASS WITH MONITORING",598,2579.46,2584.36,1171.56,1176.46,100,563,"Completed"
564,"PL-0004","SCA","High",4,1408.56,2.09,69.74,"Senior","Small",75,25,69.74,56.1434276922586,61.8,"P2 - High","PASS WITH MONITORING",299,2584.36,2586.45,1175.8,1177.89,100,564,"Completed"
565,"PL-0041","SAST","Medium",7,1408.77,3.65,47.36,"Junior","Medium",50,43.75,47.36,56.1517980277895,48.71,"P3 - Medium","PASS WITH MONITORING",447,2586.45,2590.1,1177.68,1181.33,100,565,"Completed"
566,"PL-0198","DAST","Low",1,1409.89,6.92,14.45,"Intermediate","Medium",25,6.25,14.45,56.1964398172875,21.73,"P4 - Low","PASS",930,2590.1,2597.02,1180.21,1187.13,100,566,"Completed"
567,"PL-0276","SCA","Low",4,1410.44,2.78,34.26,"Junior","Medium",25,25,34.26,56.2183621246303,30.44,"P4 - Low","PASS",760,2597.02,2599.8,1186.58,1189.36,100,567,"Completed"
568,"PL-0137","Container","Critical",6,1410.57,4.92,100,"Intermediate","Medium",100,37.5,100,56.2235437609113,83.12,"P1 - Critical","BLOCK",71,2599.8,2604.72,1189.23,1194.15,100,568,"Completed"
569,"PL-0092","SCA","Medium",7,1410.8,4.27,35.91,"Senior","Small",50,43.75,35.91,56.2327112712547,45.85,"P3 - Medium","PASS",521,2604.72,2608.99,1193.92,1198.19,100,569,"Completed"
570,"PL-0152","SCA","High",6,1415.16,3.29,78.24,"Junior","Small",75,37.5,78.24,56.406495380372,66.45,"P2 - High","WAIT / PRIORITIZE",221,2608.99,2612.28,1193.83,1197.12,100,570,"Completed"
571,"PL-0150","Container","High",7,1416.17,7.08,85.72,"Intermediate","Medium",75,43.75,85.72,56.4467527084014,69.57,"P2 - High","WAIT / PRIORITIZE",165,2612.28,2619.36,1196.11,1203.19,100,571,"Completed"
572,"PL-0267","SAST","Medium",5,1416.61,4.09,48.06,"Senior","Small",50,31.25,48.06,56.4642905542756,46.41,"P3 - Medium","PASS WITH MONITORING",502,2619.36,2623.45,1202.75,1206.84,100,572,"Completed"
573,"PL-0210","SAST","Medium",3,1418.41,4.9,45.45,"Junior","Small",50,18.75,45.45,56.5360362873975,43.27,"P3 - Medium","PASS WITH MONITORING",608,2623.45,2628.35,1205.04,1209.94,100,573,"Completed"
574,"PL-0147","DAST","Critical",7,1419.06,6.43,90.32,"Junior","Medium",100,43.75,90.32,56.5619444688026,81.99,"P1 - Critical","BLOCK",85,2628.35,2634.78,1209.29,1215.72,100,574,"Completed"
575,"PL-0296","SAST","Critical",7,1419.31,3.55,100,"Senior","Medium",100,43.75,100,56.5719091539584,84.41,"P1 - Critical","BLOCK",64,2634.78,2638.33,1215.47,1219.02,100,575,"Completed"
576,"PL-0242","DAST","Critical",7,1421.32,6.89,100,"Junior","Large",100,43.75,100,56.6520252226111,84.42,"P1 - Critical","BLOCK",62,2638.33,2645.22,1217.01,1223.9,100,576,"Completed"
577,"PL-0225","Container","Low",1,1425,3.37,21.45,"Junior","Medium",25,6.25,21.45,56.7987053881046,23.54,"P4 - Low","PASS",886,2645.22,2648.59,1220.22,1223.59,100,577,"Completed"
578,"PL-0166","SAST","Medium",5,1425.57,3.98,57.79,"Junior","Large",50,31.25,57.79,56.8214248702598,48.88,"P3 - Medium","PASS WITH MONITORING",443,2648.59,2652.57,1223.02,1227,100,578,"Completed"
579,"PL-0034","Container","Medium",2,1426.22,3.14,44.57,"Intermediate","Medium",50,12.5,44.57,56.8473330516649,41.83,"P3 - Medium","PASS WITH MONITORING",638,2652.57,2655.71,1226.35,1229.49,100,579,"Completed"
580,"PL-0238","DAST","Low",1,1433.68,6.2,26.93,"Junior","Small",25,6.25,26.93,57.1446792567142,24.95,"P4 - Low","PASS",858,2655.71,2661.91,1222.03,1228.23,100,580,"Completed"
581,"PL-0229","SAST","Low",1,1435.56,4.97,11.07,"Intermediate","Medium",25,6.25,11.07,57.2196136890859,20.99,"P4 - Low","PASS",947,2661.91,2666.88,1226.35,1231.32,100,581,"Completed"
582,"PL-0001","Container","High",5,1436.27,5.52,85.04,"Junior","Medium",75,31.25,85.04,57.2479133949284,66.98,"P2 - High","WAIT / PRIORITIZE",211,2666.88,2672.4,1230.61,1236.13,100,582,"Completed"
583,"PL-0057","SAST","Medium",7,1440.54,4.9,48.04,"Senior","Medium",50,43.75,48.04,57.4181102173896,49,"P3 - Medium","PASS WITH MONITORING",437,2672.4,2677.3,1231.86,1236.76,100,583,"Completed"
584,"PL-0196","DAST","Low",2,1444.53,5.85,22.4,"Senior","Small",25,12.5,22.4,57.5771465924763,25.11,"P4 - Low","PASS",852,2677.3,2683.15,1232.77,1238.62,100,584,"Completed"
585,"PL-0071","SCA","Medium",3,1450.83,4.42,49.51,"Junior","Small",50,18.75,49.51,57.8282566584026,44.41,"P3 - Medium","PASS WITH MONITORING",564,2683.15,2687.57,1232.32,1236.74,100,585,"Completed"
586,"PL-0142","Container","Low",1,1454.35,3.73,27.12,"Intermediate","Medium",25,6.25,27.12,57.9685594253964,25.08,"P4 - Low","PASS",853,2687.57,2691.3,1233.22,1236.95,100,586,"Completed"
587,"PL-0010","SCA","Low",3,1455.15,1.29,28.33,"Senior","Small",25,18.75,28.33,58.000446417895,27.88,"P4 - Low","PASS",798,2691.3,2692.59,1236.15,1237.44,100,587,"Completed"
588,"PL-0069","SAST","High",4,1455.62,4.45,84.42,"Intermediate","Small",75,25,84.42,58.0191800259879,65.66,"P2 - High","WAIT / PRIORITIZE",241,2692.59,2697.04,1236.97,1241.42,100,588,"Completed"
589,"PL-0166","DAST","High",2,1456.16,6.51,77.39,"Intermediate","Small",75,12.5,77.39,58.0407037459244,61.4,"P2 - High","WAIT / PRIORITIZE",306,2697.04,2703.55,1240.88,1247.39,100,589,"Completed"
590,"PL-0133","DAST","Low",1,1458.03,4.63,18.58,"Junior","Small",25,6.25,18.58,58.1152395908899,22.96,"P4 - Low","PASS",903,2703.55,2708.18,1245.52,1250.15,100,590,"Completed"
591,"PL-0277","Container","Medium",7,1466.16,5.94,53.82,"Intermediate","Small",50,43.75,53.82,58.4392911521568,50.55,"P3 - Medium","PASS WITH MONITORING",399,2708.18,2714.12,1242.02,1247.96,100,591,"Completed"
592,"PL-0063","SAST","Medium",2,1471.23,3.84,47.93,"Senior","Medium",50,12.5,47.93,58.6413749671165,42.85,"P3 - Medium","PASS WITH MONITORING",615,2714.12,2717.96,1242.89,1246.73,100,592,"Completed"
593,"PL-0242","IaC","Low",1,1473.32,2.5,24.51,"Senior","Small",25,6.25,24.51,58.7246797350191,24.5,"P4 - Low","PASS",866,2717.96,2720.46,1244.64,1247.14,100,593,"Completed"
594,"PL-0035","DAST","Medium",4,1473.53,5.96,47.39,"Junior","Medium",50,25,47.39,58.73305007055,45.22,"P3 - Medium","PASS WITH MONITORING",542,2720.46,2726.42,1246.93,1252.89,100,594,"Completed"
595,"PL-0259","Container","Medium",8,1479.61,5.37,54.28,"Intermediate","Small",50,50,54.28,58.9753912135392,51.97,"P3 - Medium","PASS WITH MONITORING",382,2726.42,2731.79,1246.81,1252.18,100,595,"Completed"
596,"PL-0201","IaC","Low",1,1481.69,3.15,15.76,"Junior","Small",25,6.25,15.76,59.0582973940355,22.35,"P4 - Low","PASS",920,2731.79,2734.94,1250.1,1253.25,100,596,"Completed"
597,"PL-0091","IaC","Medium",1,1482.25,3.43,35.75,"Senior","Small",50,6.25,35.75,59.0806182887845,38.6,"P4 - Low","PASS",709,2734.94,2738.37,1252.69,1256.12,100,597,"Completed"
598,"PL-0285","SAST","High",7,1483.41,4.07,91.89,"Intermediate","Medium",75,43.75,91.89,59.1268544279075,71.39,"P2 - High","WAIT / PRIORITIZE",137,2738.37,2742.44,1254.96,1259.03,100,598,"Completed"
599,"PL-0219","SAST","Low",1,1483.55,3.92,25.86,"Intermediate","Small",25,6.25,25.86,59.1324346515947,24.88,"P4 - Low","PASS",859,2742.44,2746.36,1258.89,1262.81,100,599,"Completed"
600,"PL-0298","IaC","High",5,1484.36,4.5,75.74,"Senior","Large",75,31.25,75.74,59.1647202314996,64.85,"P2 - High","WAIT / PRIORITIZE",253,2746.36,2750.86,1262,1266.5,100,600,"Completed"
601,"PL-0017","SAST","Medium",3,1484.9,4.37,53.41,"Intermediate","Small",50,18.75,53.41,59.1862439514361,45.52,"P3 - Medium","PASS WITH MONITORING",535,2750.86,2755.23,1265.96,1270.33,100,601,"Completed"
602,"PL-0020","IaC","Medium",6,1488.43,4.31,63.03,"Intermediate","Medium",50,37.5,63.03,59.3269453058361,51.69,"P3 - Medium","PASS WITH MONITORING",386,2755.23,2759.54,1266.8,1271.11,100,602,"Completed"
603,"PL-0076","SAST","Medium",2,1490.05,4.87,39.97,"Intermediate","Medium",50,12.5,39.97,59.3915164656457,40.93,"P3 - Medium","PASS",660,2759.54,2764.41,1269.49,1274.36,100,603,"Completed"
604,"PL-0088","SCA","Medium",5,1490.13,2.38,58.65,"Intermediate","Large",50,31.25,58.65,59.3947051648956,49.35,"P3 - Medium","PASS WITH MONITORING",427,2764.41,2766.79,1274.28,1276.66,100,604,"Completed"
605,"PL-0158","SAST","Medium",7,1490.67,4.86,47,"Junior","Medium",50,43.75,47,59.4162288848322,48.94,"P3 - Medium","PASS WITH MONITORING",441,2766.79,2771.65,1276.12,1280.98,100,605,"Completed"
606,"PL-0214","SCA","High",5,1490.92,4.76,81.09,"Senior","Medium",75,31.25,81.09,59.426193569988,66.22,"P2 - High","WAIT / PRIORITIZE",229,2771.65,2776.41,1280.73,1285.49,100,606,"Completed"
607,"PL-0179","Container","High",7,1492.56,5.8,82.63,"Intermediate","Small",75,43.75,82.63,59.4915619046101,69.11,"P2 - High","WAIT / PRIORITIZE",177,2776.41,2782.21,1283.85,1289.65,100,607,"Completed"
608,"PL-0112","SAST","Medium",3,1493.22,3.57,49.24,"Senior","Large",50,18.75,49.24,59.5178686734214,44.51,"P3 - Medium","PASS WITH MONITORING",561,2782.21,2785.78,1288.99,1292.56,100,608,"Completed"
609,"PL-0161","SAST","Low",2,1495.36,3.62,13.55,"Senior","Medium",25,12.5,13.55,59.6031663783551,23.1,"P4 - Low","PASS",899,2785.78,2789.4,1290.42,1294.04,100,609,"Completed"
610,"PL-0106","SCA","High",7,1497.99,3.07,78.25,"Intermediate","Medium",75,43.75,78.25,59.7079948661942,68.03,"P2 - High","WAIT / PRIORITIZE",194,2789.4,2792.47,1291.41,1294.48,100,610,"Completed"
611,"PL-0135","DAST","Low",1,1498.05,4.43,24.75,"Intermediate","Medium",25,6.25,24.75,59.7103863906316,24.66,"P4 - Low","PASS",861,2792.47,2796.9,1294.42,1298.85,100,611,"Completed"
612,"PL-0025","DAST","High",8,1498.64,5.79,96.17,"Intermediate","Medium",75,50,96.17,59.7339030475993,73.77,"P2 - High","WAIT / PRIORITIZE",122,2796.9,2802.69,1298.26,1304.05,100,612,"Completed"
613,"PL-0024","Container","High",6,1499.22,7.09,70.97,"Intermediate","Small",75,37.5,70.97,59.7570211171608,64.97,"P2 - High","WAIT / PRIORITIZE",250,2802.69,2809.78,1303.47,1310.56,100,613,"Completed"
614,"PL-0255","SAST","High",7,1501.14,5.72,68.78,"Senior","Small",75,43.75,68.78,59.8335498991574,65.68,"P2 - High","PASS WITH MONITORING",239,2809.78,2815.5,1308.64,1314.36,100,614,"Completed"
615,"PL-0292","Container","Medium",4,1501.43,5.51,43.37,"Junior","Small",50,25,43.37,59.8451089339381,44.33,"P3 - Medium","PASS WITH MONITORING",566,2815.5,2821.01,1314.07,1319.58,100,615,"Completed"
616,"PL-0264","SCA","Low",2,1501.75,1.08,20.5,"Senior","Medium",25,12.5,20.5,59.8578637309376,24.86,"P4 - Low","PASS",860,2821.01,2822.09,1319.26,1320.34,100,616,"Completed"
617,"PL-0206","Container","Medium",5,1505.25,4.48,48.12,"Senior","Medium",50,31.25,48.12,59.9973693231189,46.78,"P3 - Medium","PASS WITH MONITORING",490,2822.09,2826.57,1316.84,1321.32,100,617,"Completed"
618,"PL-0145","SCA","High",2,1505.26,1.56,62.98,"Senior","Large",75,12.5,62.98,59.9977679105251,57.99,"P3 - Medium","PASS WITH MONITORING",337,2826.57,2828.13,1321.31,1322.87,100,618,"Completed"
619,"PL-0186","IaC","Low",3,1510.89,1.92,10.76,"Junior","Large",25,18.75,10.76,60.2221726202339,23.71,"P4 - Low","PASS",885,2828.13,2830.05,1317.24,1319.16,100,619,"Completed"
620,"PL-0241","SCA","Medium",4,1512.28,3.39,63.26,"Intermediate","Medium",50,25,63.26,60.2775762697002,49.34,"P3 - Medium","PASS WITH MONITORING",428,2830.05,2833.44,1317.77,1321.16,100,620,"Completed"
621,"PL-0145","Container","Low",2,1515.93,4.12,22.75,"Senior","Small",25,12.5,22.75,60.423060672975,25.48,"P4 - Low","PASS",844,2833.44,2837.56,1317.51,1321.63,100,621,"Completed"
622,"PL-0080","Container","Medium",1,1518.35,3.06,41.22,"Intermediate","Small",50,6.25,41.22,60.5195188252832,40.11,"P3 - Medium","PASS WITH MONITORING",677,2837.56,2840.62,1319.21,1322.27,100,622,"Completed"
623,"PL-0180","Container","Low",3,1528.16,5.43,20.05,"Senior","Medium",25,18.75,20.05,60.9105330707971,26.1,"P4 - Low","PASS",831,2840.62,2846.05,1312.46,1317.89,100,623,"Completed"
624,"PL-0025","IaC","Low",2,1530.63,3.9,36.1,"Senior","Small",25,12.5,36.1,61.0089841601365,28.88,"P4 - Low","PASS",782,2846.05,2849.95,1315.42,1319.32,100,624,"Completed"
625,"PL-0195","SAST","Medium",7,1530.93,3.84,64.58,"Senior","Medium",50,43.75,64.58,61.0209417823234,53.5,"P3 - Medium","PASS WITH MONITORING",362,2849.95,2853.79,1319.02,1322.86,100,625,"Completed"
626,"PL-0142","SCA","Low",1,1531.2,4.44,16.44,"Junior","Medium",25,6.25,16.44,61.0317036422917,22.71,"P4 - Low","PASS",911,2853.79,2858.23,1322.59,1327.03,100,626,"Completed"
627,"PL-0056","DAST","Low",3,1532.47,5.87,34.85,"Intermediate","Medium",25,18.75,34.85,61.0823242428832,29.82,"P4 - Low","PASS",772,2858.23,2864.1,1325.76,1331.63,100,627,"Completed"
628,"PL-0172","SAST","Critical",8,1540.96,4.38,100,"Senior","Small",100,50,100,61.4207249507744,86.14,"P1 - Critical","BLOCK",51,2864.1,2868.48,1323.14,1327.52,100,628,"Completed"
629,"PL-0183","SCA","Low",4,1544.87,3.23,29.1,"Junior","Large",25,25,29.1,61.5765726266113,29.68,"P4 - Low","PASS",773,2868.48,2871.71,1323.61,1326.84,100,629,"Completed"
630,"PL-0238","DAST","Medium",2,1548.56,5.52,49.84,"Intermediate","Large",50,12.5,49.84,61.723651379511,43.63,"P3 - Medium","PASS WITH MONITORING",595,2871.71,2877.23,1323.15,1328.67,100,630,"Completed"
631,"PL-0067","SAST","High",8,1549.61,4.7,63.96,"Intermediate","Medium",75,50,63.96,61.7655030571654,65.92,"P2 - High","PASS WITH MONITORING",235,2877.23,2881.93,1327.62,1332.32,100,631,"Completed"
632,"PL-0164","Container","Medium",4,1551.32,3.96,50.74,"Senior","Medium",50,25,50.74,61.8336615036311,46.37,"P3 - Medium","PASS WITH MONITORING",503,2881.93,2885.89,1330.61,1334.57,100,632,"Completed"
633,"PL-0291","Container","High",8,1553.18,6.04,73.41,"Intermediate","Small",75,50,73.41,61.9077987611903,68.29,"P2 - High","WAIT / PRIORITIZE",189,2885.89,2891.93,1332.71,1338.75,100,633,"Completed"
634,"PL-0039","Container","Low",4,1554.65,5.47,22.28,"Intermediate","Medium",25,25,22.28,61.9663911099065,28.02,"P4 - Low","PASS",796,2891.93,2897.4,1337.28,1342.75,100,634,"Completed"
635,"PL-0188","Container","Medium",3,1555.17,6.66,53.38,"Junior","Small",50,18.75,53.38,61.9871176550306,45.79,"P3 - Medium","PASS WITH MONITORING",523,2897.4,2904.06,1342.23,1348.89,100,635,"Completed"
636,"PL-0248","DAST","Critical",14,1559,6.81,98.72,"Intermediate","Small",100,87.5,98.72,62.1397766316176,93.39,"P1 - Critical","BLOCK",8,2904.06,2910.87,1345.06,1351.87,100,636,"Completed"
637,"PL-0293","DAST","Critical",9,1559.14,7.21,100,"Junior","Medium",100,56.25,100,62.1453568553048,87.46,"P1 - Critical","BLOCK",39,2910.87,2918.08,1351.73,1358.94,100,637,"Completed"
638,"PL-0285","SAST","Low",1,1561.92,3.64,14.69,"Junior","Large",25,6.25,14.69,62.2561641542374,22.4,"P4 - Low","PASS",918,2918.08,2921.72,1356.16,1359.8,100,638,"Completed"
639,"PL-0300","DAST","High",7,1565.04,6.29,71.77,"Senior","Small",75,43.75,71.77,62.3805234249819,66.68,"P2 - High","WAIT / PRIORITIZE",217,2921.72,2928.01,1356.68,1362.97,100,639,"Completed"
640,"PL-0300","DAST","Medium",1,1566.28,6.01,42.83,"Intermediate","Small",50,6.25,42.83,62.4299482633547,40.7,"P3 - Medium","PASS WITH MONITORING",664,2928.01,2934.02,1361.73,1367.74,100,640,"Completed"
641,"PL-0012","DAST","Low",1,1567.58,6.96,30.53,"Intermediate","Medium",25,6.25,30.53,62.4817646261649,26.38,"P4 - Low","PASS",825,2934.02,2940.98,1366.44,1373.4,100,641,"Completed"
642,"PL-0111","Container","Medium",1,1572.32,3.89,52.09,"Junior","Medium",50,6.25,52.09,62.670695056719,43.04,"P3 - Medium","PASS WITH MONITORING",611,2940.98,2944.87,1368.66,1372.55,100,642,"Completed"
643,"PL-0137","IaC","Low",5,1572.63,4.57,17.83,"Intermediate","Small",25,31.25,17.83,62.6830512663122,28.23,"P4 - Low","PASS",790,2944.87,2949.44,1372.24,1376.81,100,643,"Completed"
644,"PL-0088","DAST","Critical",5,1576.08,5.94,100,"Intermediate","Small",100,31.25,100,62.8205639214623,82.53,"P1 - Critical","BLOCK",76,2949.44,2955.38,1373.36,1379.3,100,644,"Completed"
645,"PL-0195","IaC","High",5,1576.49,2.91,70.26,"Intermediate","Small",75,31.25,70.26,62.8369060051179,63.85,"P2 - High","WAIT / PRIORITIZE",272,2955.38,2958.29,1378.89,1381.8,100,645,"Completed"
646,"PL-0131","SAST","Critical",14,1577.86,5.29,100,"Junior","Medium",100,87.5,100,62.8915124797717,93.79,"P1 - Critical","BLOCK",6,2958.29,2963.58,1380.43,1385.72,100,646,"Completed"
647,"PL-0154","Container","Medium",1,1582.85,4.46,46.99,"Senior","Medium",50,6.25,46.99,63.0904075954816,41.81,"P3 - Medium","PASS WITH MONITORING",639,2963.58,2968.04,1380.73,1385.19,100,647,"Completed"
648,"PL-0256","SAST","High",8,1586.56,4.09,84.18,"Intermediate","Medium",75,50,84.18,63.2382835231938,71.12,"P2 - High","WAIT / PRIORITIZE",141,2968.04,2972.13,1381.48,1385.57,100,648,"Completed"
649,"PL-0237","SCA","Medium",5,1587.33,3.97,52.76,"Junior","Medium",50,31.25,52.76,63.2689747534737,48.27,"P3 - Medium","PASS WITH MONITORING",465,2972.13,2976.1,1384.8,1388.77,100,649,"Completed"
650,"PL-0224","SCA","Critical",8,1588.16,4.61,100,"Intermediate","Small",100,50,100,63.302057508191,86.33,"P1 - Critical","BLOCK",48,2976.1,2980.71,1387.94,1392.55,100,650,"Completed"
651,"PL-0079","SAST","Medium",6,1590.58,4.29,55.06,"Senior","Large",50,37.5,55.06,63.3985156604992,50.1,"P3 - Medium","PASS WITH MONITORING",415,2980.71,2985,1390.13,1394.42,100,651,"Completed"
652,"PL-0091","SAST","High",8,1592.24,5.33,86.99,"Junior","Medium",75,50,86.99,63.4646811699338,71.84,"P2 - High","WAIT / PRIORITIZE",133,2985,2990.33,1392.76,1398.09,100,652,"Completed"
653,"PL-0045","DAST","Low",2,1599.04,7.3,24.43,"Junior","Small",25,12.5,24.43,63.7357206061717,26.23,"P4 - Low","PASS",830,2990.33,2997.63,1391.29,1398.59,100,653,"Completed"
654,"PL-0147","IaC","Medium",9,1599.93,4.9,67.5,"Senior","Small",50,56.25,67.5,63.7711948853264,57,"P3 - Medium","PASS WITH MONITORING",342,2997.63,3002.53,1397.7,1402.6,100,654,"Completed"
655,"PL-0066","SAST","High",6,1600.93,4.78,78.58,"Junior","Medium",75,37.5,78.58,63.8110536259496,67.28,"P2 - High","WAIT / PRIORITIZE",203,3002.53,3007.31,1401.6,1406.38,100,655,"Completed"
656,"PL-0165","SCA","High",7,1602.92,4.15,74.52,"Intermediate","Small",75,43.75,74.52,63.8903725197899,67.52,"P2 - High","WAIT / PRIORITIZE",201,3007.31,3011.46,1404.39,1408.54,100,656,"Completed"
657,"PL-0105","SCA","High",9,1603.75,4.08,80.69,"Junior","Large",75,56.25,80.69,63.9234552745071,71.56,"P2 - High","WAIT / PRIORITIZE",135,3011.46,3015.54,1407.71,1411.79,100,657,"Completed"
658,"PL-0253","SCA","High",11,1605.79,4.57,85.53,"Intermediate","Medium",75,68.75,85.53,64.0047671053785,75.28,"P2 - High","WAIT / PRIORITIZE",117,3015.54,3020.11,1409.75,1414.32,100,658,"Completed"
659,"PL-0178","DAST","Medium",4,1609.62,5.78,41.15,"Junior","Medium",50,25,41.15,64.1574260819655,44.2,"P3 - Medium","PASS WITH MONITORING",575,3020.11,3025.89,1410.49,1416.27,100,659,"Completed"
660,"PL-0033","DAST","Medium",2,1610.48,4.75,36.8,"Senior","Medium",50,12.5,36.8,64.1917045989015,40.62,"P3 - Medium","PASS",666,3025.89,3030.64,1415.41,1420.16,100,660,"Completed"
661,"PL-0082","SCA","Low",1,1621.53,2.01,15.66,"Intermediate","Medium",25,6.25,15.66,64.6321436827882,22.88,"P4 - Low","PASS",906,3030.64,3032.65,1409.11,1411.12,100,661,"Completed"
662,"PL-0062","DAST","High",3,1624.88,4.56,78.71,"Intermediate","Small",75,18.75,78.71,64.765670463876,63.65,"P2 - High","WAIT / PRIORITIZE",275,3032.65,3037.21,1407.77,1412.33,100,662,"Completed"
663,"PL-0101","Container","Medium",4,1625.96,4.74,65.5,"Intermediate","Medium",50,25,65.5,64.8087179037491,50.36,"P3 - Medium","PASS WITH MONITORING",404,3037.21,3041.95,1411.25,1415.99,100,663,"Completed"
664,"PL-0099","DAST","Medium",6,1627.83,6.69,52.33,"Junior","Small",50,37.5,52.33,64.8832537487146,49.57,"P3 - Medium","PASS WITH MONITORING",423,3041.95,3048.64,1414.12,1420.81,100,664,"Completed"
665,"PL-0298","IaC","High",9,1631.84,4.47,74.62,"Junior","Small",75,56.25,74.62,65.0430872986137,70.16,"P2 - High","WAIT / PRIORITIZE",156,3048.64,3053.11,1416.8,1421.27,100,665,"Completed"
666,"PL-0056","IaC","Low",3,1632.13,3.71,20.14,"Intermediate","Small",25,18.75,20.14,65.0546463333944,26.54,"P4 - Low","PASS",820,3053.11,3056.82,1420.98,1424.69,100,666,"Completed"
667,"PL-0153","IaC","Medium",4,1637.62,3.75,49.02,"Intermediate","Medium",50,25,49.02,65.273470819416,46.28,"P3 - Medium","PASS WITH MONITORING",507,3056.82,3060.57,1419.2,1422.95,100,667,"Completed"
668,"PL-0167","Container","Medium",6,1638.12,4.66,62.49,"Junior","Medium",50,37.5,62.49,65.2934001897276,52.15,"P3 - Medium","PASS WITH MONITORING",381,3060.57,3065.23,1422.45,1427.11,100,668,"Completed"
669,"PL-0014","IaC","High",7,1638.83,5.03,78.25,"Senior","Small",75,43.75,78.25,65.3216998955701,68.59,"P2 - High","WAIT / PRIORITIZE",186,3065.23,3070.26,1426.4,1431.43,100,669,"Completed"
670,"PL-0061","IaC","Low",3,1640.98,4.22,19.72,"Senior","Small",25,18.75,19.72,65.4073961879101,26.47,"P4 - Low","PASS",822,3070.26,3074.48,1429.28,1433.5,100,670,"Completed"
671,"PL-0074","IaC","High",13,1641.42,4.96,87.11,"Intermediate","Medium",75,81.25,87.11,65.4249340337843,78.32,"P2 - High","WAIT / PRIORITIZE",106,3074.48,3079.44,1433.06,1438.02,100,671,"Completed"
672,"PL-0074","Container","Low",1,1641.62,4.82,21.58,"Junior","Large",25,6.25,21.58,65.4329057819089,24.44,"P4 - Low","PASS",868,3079.44,3084.26,1437.82,1442.64,100,672,"Completed"
673,"PL-0169","SAST","High",5,1644.91,4.89,99.2,"Junior","Small",75,31.25,99.2,65.5640410385594,71.36,"P2 - High","WAIT / PRIORITIZE",138,3084.26,3089.15,1439.35,1444.24,100,673,"Completed"
674,"PL-0167","SAST","Medium",6,1645.17,4.98,65.24,"Senior","Medium",50,37.5,65.24,65.5744043111214,52.87,"P3 - Medium","PASS WITH MONITORING",370,3089.15,3094.13,1443.98,1448.96,100,674,"Completed"
675,"PL-0070","SCA","High",4,1645.61,0.9,79.9,"Intermediate","Small",75,25,79.9,65.5919421569956,65.28,"P2 - High","WAIT / PRIORITIZE",246,3094.13,3095.03,1448.52,1449.42,100,675,"Completed"
676,"PL-0264","SAST","High",11,1646.27,6.18,97.87,"Junior","Medium",75,68.75,97.87,65.6182489258069,78.53,"P2 - High","WAIT / PRIORITIZE",104,3095.03,3101.21,1448.76,1454.94,100,676,"Completed"
677,"PL-0159","IaC","Low",4,1652.06,4.04,17.3,"Intermediate","Medium",25,25,17.3,65.8490310340155,27.16,"P4 - Low","PASS",812,3101.21,3105.25,1449.15,1453.19,100,677,"Completed"
678,"PL-0090","DAST","Critical",12,1658.52,6.79,98.92,"Senior","Small",100,75,98.92,66.1065184984415,91.34,"P1 - Critical","BLOCK",13,3105.25,3112.04,1446.73,1453.52,100,678,"Completed"
679,"PL-0190","DAST","High",3,1664.21,5.3,82.48,"Senior","Small",75,18.75,82.48,66.3333147325877,64.75,"P2 - High","WAIT / PRIORITIZE",257,3112.04,3117.34,1447.83,1453.13,100,679,"Completed"
680,"PL-0280","SAST","Critical",4,1670.06,4.52,98.4,"Intermediate","Small",100,25,98.4,66.5664883652336,81.26,"P1 - Critical","BLOCK",92,3117.34,3121.86,1447.28,1451.8,100,680,"Completed"
681,"PL-0293","DAST","High",10,1678.04,8.51,93.78,"Junior","Small",75,62.5,93.78,66.884561115407,76.38,"P2 - High","WAIT / PRIORITIZE",114,3121.86,3130.37,1443.82,1452.33,100,681,"Completed"
682,"PL-0084","Container","Critical",9,1684.82,6.99,100,"Intermediate","Medium",100,56.25,100,67.1548033768325,87.97,"P1 - Critical","BLOCK",31,3130.37,3137.36,1445.55,1452.54,100,682,"Completed"
683,"PL-0011","IaC","Critical",6,1685.88,3.75,87.26,"Intermediate","Medium",100,37.5,87.26,67.1970536418931,81.03,"P1 - Critical","BLOCK",93,3137.36,3141.11,1451.48,1455.23,100,683,"Completed"
684,"PL-0241","IaC","High",6,1691.74,3.51,73.52,"Junior","Medium",75,37.5,73.52,67.4306258619453,66.37,"P2 - High","WAIT / PRIORITIZE",224,3141.11,3144.62,1449.37,1452.88,100,684,"Completed"
685,"PL-0172","DAST","Low",2,1695.25,5,35.6,"Junior","Medium",25,12.5,35.6,67.5705300415328,29.41,"P4 - Low","PASS",776,3144.62,3149.62,1449.37,1454.37,100,685,"Completed"
686,"PL-0132","Container","Medium",4,1696.25,6.07,39.88,"Junior","Small",50,25,39.88,67.610388782156,44.23,"P3 - Medium","PASS",573,3149.62,3155.69,1453.37,1459.44,100,686,"Completed"
687,"PL-0159","IaC","Critical",15,1702.66,4.98,100,"Junior","Small",100,93.75,100,67.865883309551,95.54,"P1 - Critical","BLOCK",2,3155.69,3160.67,1453.03,1458.01,100,687,"Completed"
688,"PL-0180","SCA","Low",2,1704.77,3.4,24.51,"Senior","Medium",25,12.5,24.51,67.949985252266,26.67,"P4 - Low","PASS",818,3160.67,3164.07,1455.9,1459.3,100,688,"Completed"
689,"PL-0035","SAST","Low",1,1707.07,3.87,19.66,"Junior","Medium",25,6.25,19.66,68.0416603556994,24.22,"P4 - Low","PASS",873,3164.07,3167.94,1457,1460.87,100,689,"Completed"
690,"PL-0189","SAST","High",3,1708.07,2.79,78.36,"Senior","Medium",75,18.75,78.36,68.0815190963226,63.9,"P2 - High","WAIT / PRIORITIZE",270,3167.94,3170.73,1459.87,1462.66,100,690,"Completed"
691,"PL-0065","SCA","Medium",3,1726.65,3.45,59.63,"Intermediate","Medium",50,18.75,59.63,68.8220944971023,48.04,"P3 - Medium","PASS WITH MONITORING",468,3170.73,3174.18,1444.08,1447.53,100,691,"Completed"
692,"PL-0261","SAST","Critical",9,1731.93,4.28,100,"Intermediate","Medium",100,56.25,100,69.0325486475929,88.15,"P1 - Critical","BLOCK",28,3174.18,3178.46,1442.25,1446.53,100,692,"Completed"
693,"PL-0017","SCA","High",2,1731.97,2.61,73.15,"Intermediate","Small",75,12.5,73.15,69.0341429972179,61.44,"P2 - High","WAIT / PRIORITIZE",303,3178.46,3181.07,1446.49,1449.1,100,693,"Completed"
694,"PL-0043","SCA","Medium",7,1738.65,4.54,53,"Intermediate","Medium",50,43.75,53,69.300399384581,51.43,"P3 - Medium","PASS WITH MONITORING",389,3181.07,3185.61,1442.42,1446.96,100,694,"Completed"
695,"PL-0033","SCA","Medium",1,1744.62,2.09,37.03,"Junior","Medium",50,6.25,37.03,69.5383560661017,39.96,"P4 - Low","PASS",679,3185.61,3187.7,1440.99,1443.08,100,695,"Completed"
696,"PL-0082","DAST","High",10,1746,8.43,85.33,"Intermediate","Medium",75,62.5,85.33,69.5933611281618,74.54,"P2 - High","WAIT / PRIORITIZE",120,3187.7,3196.13,1441.7,1450.13,100,696,"Completed"
697,"PL-0067","SCA","High",3,1750.48,2.76,76.88,"Junior","Small",75,18.75,76.88,69.7719282861539,63.7,"P2 - High","WAIT / PRIORITIZE",274,3196.13,3198.89,1445.65,1448.41,100,697,"Completed"
698,"PL-0069","Container","Critical",9,1754.75,6.09,100,"Junior","Small",100,56.25,100,69.9421251086151,88.24,"P1 - Critical","BLOCK",27,3198.89,3204.98,1444.14,1450.23,100,698,"Completed"
699,"PL-0295","IaC","High",7,1763.31,4.32,79.18,"Intermediate","Medium",75,43.75,79.18,70.2833159283499,69.32,"P2 - High","WAIT / PRIORITIZE",169,3204.98,3209.3,1441.67,1445.99,100,699,"Completed"
700,"PL-0208","Container","Medium",2,1763.67,5.04,37.48,"Intermediate","Large",50,12.5,37.48,70.2976650749743,41.4,"P3 - Medium","PASS",649,3209.3,3214.34,1445.63,1450.67,100,700,"Completed"
701,"PL-0269","SAST","Low",1,1764.39,2.96,21.79,"Intermediate","Small",25,6.25,21.79,70.326363368223,24.98,"P4 - Low","PASS",856,3214.34,3217.3,1449.95,1452.91,100,701,"Completed"
702,"PL-0289","Container","Medium",3,1766.55,5.7,66.94,"Senior","Medium",50,18.75,66.94,70.4124582479692,50.03,"P3 - Medium","PASS WITH MONITORING",416,3217.3,3223,1450.75,1456.45,100,702,"Completed"
703,"PL-0255","Container","Low",2,1767.27,6.68,27.03,"Junior","Medium",25,12.5,27.03,70.4411565412179,27.55,"P4 - Low","PASS",805,3223,3229.68,1455.73,1462.41,100,703,"Completed"
704,"PL-0243","SCA","High",4,1767.98,3.42,66.66,"Junior","Medium",75,25,66.66,70.4694562470604,62.46,"P2 - High","PASS WITH MONITORING",287,3229.68,3233.1,1461.7,1465.12,100,704,"Completed"
705,"PL-0178","IaC","Low",2,1770.17,2.69,25.53,"Junior","Medium",25,12.5,25.53,70.5567468890253,27.19,"P4 - Low","PASS",811,3233.1,3235.79,1462.93,1465.62,100,705,"Completed"
706,"PL-0138","Container","High",7,1770.34,5.85,85.48,"Junior","Small",75,43.75,85.48,70.5635228749312,70.93,"P2 - High","WAIT / PRIORITIZE",143,3235.79,3241.64,1465.45,1471.3,100,706,"Completed"
707,"PL-0078","SAST","Critical",7,1771.76,4.36,100,"Intermediate","Small",100,43.75,100,70.6201222866162,85.81,"P1 - Critical","BLOCK",52,3241.64,3246,1469.88,1474.24,100,707,"Completed"
708,"PL-0106","Container","Medium",3,1773.23,6.19,42.52,"Junior","Small",50,18.75,42.52,70.6787146353324,43.95,"P3 - Medium","PASS WITH MONITORING",585,3246,3252.19,1472.77,1478.96,100,708,"Completed"
709,"PL-0247","DAST","Medium",5,1780.14,5.52,49.98,"Junior","Small",50,31.25,49.98,70.9541385330389,48.34,"P3 - Medium","PASS WITH MONITORING",462,3252.19,3257.71,1472.05,1477.57,100,709,"Completed"
710,"PL-0098","Container","High",14,1780.32,6.67,97.54,"Junior","Small",75,87.5,97.54,70.9613131063511,82.73,"P1 - Critical","WAIT / PRIORITIZE",74,3257.71,3264.38,1477.39,1484.06,100,710,"Completed"
711,"PL-0208","SAST","High",7,1786.73,5.37,76.84,"Junior","Small",75,43.75,76.84,71.216807633746,68.83,"P2 - High","WAIT / PRIORITIZE",185,3264.38,3269.75,1477.65,1483.02,100,711,"Completed"
712,"PL-0124","IaC","Critical",7,1786.88,4.43,87.89,"Intermediate","Small",100,43.75,87.89,71.2227864448395,82.84,"P1 - Critical","BLOCK",73,3269.75,3274.18,1482.87,1487.3,100,712,"Completed"
713,"PL-0081","IaC","High",6,1803.81,5.05,79.17,"Junior","Large",75,37.5,79.17,71.8975949235908,68.23,"P2 - High","WAIT / PRIORITIZE",191,3274.18,3279.23,1470.37,1475.42,100,713,"Completed"
714,"PL-0002","SAST","Medium",4,1805.57,2.76,52.73,"Intermediate","Small",50,25,52.73,71.9677463070877,47.88,"P3 - Medium","PASS WITH MONITORING",471,3279.23,3281.99,1473.66,1476.42,100,714,"Completed"
715,"PL-0207","DAST","Medium",4,1808.09,5.52,43.63,"Junior","Small",50,25,43.63,72.0681903334582,45.61,"P3 - Medium","PASS WITH MONITORING",531,3281.99,3287.51,1473.9,1479.42,100,715,"Completed"
716,"PL-0091","IaC","Critical",7,1808.46,3.69,93.85,"Intermediate","Medium",100,43.75,93.85,72.0829380674888,84.42,"P1 - Critical","BLOCK",63,3287.51,3291.2,1479.05,1482.74,100,716,"Completed"
717,"PL-0296","Container","Critical",5,1811.33,5.46,97.98,"Intermediate","Small",100,31.25,97.98,72.1973326530775,82.96,"P1 - Critical","BLOCK",72,3291.2,3296.66,1479.87,1485.33,100,717,"Completed"
718,"PL-0162","DAST","Low",1,1813.08,4.64,22.78,"Junior","Medium",25,6.25,22.78,72.2670854491681,25.42,"P4 - Low","PASS",845,3296.66,3301.3,1483.58,1488.22,100,718,"Completed"
719,"PL-0177","SCA","Medium",8,1821.78,3.55,58.13,"Junior","Small",50,50,58.13,72.6138564925903,54.29,"P3 - Medium","PASS WITH MONITORING",358,3301.3,3304.85,1479.52,1483.07,100,719,"Completed"
720,"PL-0293","SAST","Medium",6,1827.73,2.91,45.35,"Intermediate","Large",50,37.5,45.35,72.8510159992985,48.62,"P3 - Medium","PASS WITH MONITORING",454,3304.85,3307.76,1477.12,1480.03,100,720,"Completed"
721,"PL-0022","SAST","High",7,1831.63,5.05,73.56,"Senior","Large",75,43.75,73.56,73.0064650877291,68.19,"P2 - High","WAIT / PRIORITIZE",192,3307.76,3312.81,1476.13,1481.18,100,721,"Completed"
722,"PL-0225","SCA","Medium",3,1832.96,2.91,48.25,"Intermediate","Small",50,18.75,48.25,73.059477212758,45.62,"P3 - Medium","PASS WITH MONITORING",530,3312.81,3315.72,1479.85,1482.76,100,722,"Completed"
723,"PL-0259","SAST","High",6,1833.58,4.59,82.31,"Junior","Large",75,37.5,82.31,73.0841896319444,69.14,"P2 - High","WAIT / PRIORITIZE",174,3315.72,3320.31,1482.14,1486.73,100,723,"Completed"
724,"PL-0078","SAST","High",6,1836.7,4.31,85.68,"Senior","Large",75,37.5,85.68,73.2085489026889,69.99,"P2 - High","WAIT / PRIORITIZE",159,3320.31,3324.62,1483.61,1487.92,100,724,"Completed"
725,"PL-0230","SAST","High",5,1841.75,4.73,74.36,"Intermediate","Medium",75,31.25,74.36,73.4098355428362,65.93,"P2 - High","WAIT / PRIORITIZE",234,3324.62,3329.35,1482.87,1487.6,100,725,"Completed"
726,"PL-0272","SAST","High",5,1843.57,4.58,87.28,"Intermediate","Small",75,31.25,87.28,73.4823784507705,69.17,"P2 - High","WAIT / PRIORITIZE",173,3329.35,3333.93,1485.78,1490.36,100,726,"Completed"
727,"PL-0074","IaC","High",4,1845.37,2.35,74.43,"Intermediate","Medium",75,25,74.43,73.5541241838923,64.71,"P2 - High","WAIT / PRIORITIZE",259,3333.93,3336.28,1488.56,1490.91,100,727,"Completed"
728,"PL-0027","SAST","Low",1,1847.54,2.63,25.85,"Intermediate","Small",25,6.25,25.85,73.6406176510447,26.33,"P4 - Low","PASS",826,3336.28,3338.91,1488.74,1491.37,100,728,"Completed"
729,"PL-0246","SCA","High",9,1850.56,3.41,82.27,"Intermediate","Small",75,56.25,82.27,73.7609910477268,72.94,"P2 - High","WAIT / PRIORITIZE",126,3338.91,3342.32,1488.35,1491.76,100,729,"Completed"
730,"PL-0265","SCA","High",7,1851.82,2.38,92.59,"Senior","Small",75,43.75,92.59,73.8112130609121,73.03,"P2 - High","WAIT / PRIORITIZE",125,3342.32,3344.7,1490.5,1492.88,100,730,"Completed"
731,"PL-0099","SCA","High",6,1853.39,1.99,90.46,"Senior","Small",75,37.5,90.46,73.8737912836906,71.25,"P2 - High","WAIT / PRIORITIZE",139,3344.7,3346.69,1491.31,1493.3,100,731,"Completed"
732,"PL-0226","SCA","Low",2,1853.88,3.89,23.52,"Intermediate","Large",25,12.5,23.52,73.893322066596,27.02,"P4 - Low","PASS",813,3346.69,3350.58,1492.81,1496.7,100,732,"Completed"
733,"PL-0166","SAST","Medium",2,1854.28,3.72,59.03,"Intermediate","Large",50,12.5,59.03,73.9092655628453,47.15,"P3 - Medium","PASS WITH MONITORING",484,3350.58,3354.3,1496.3,1500.02,100,733,"Completed"
734,"PL-0176","SCA","Critical",6,1856.32,3.58,88.82,"Intermediate","Small",100,37.5,88.82,73.9905773937167,82.1,"P1 - Critical","BLOCK",82,3354.3,3357.88,1497.98,1501.56,100,734,"Completed"
735,"PL-0158","SCA","Medium",6,1859.7,3.46,72.39,"Senior","Large",50,37.5,72.39,74.1252999370232,55.51,"P3 - Medium","WAIT / PRIORITIZE",350,3357.88,3361.34,1498.18,1501.64,100,735,"Completed"
736,"PL-0217","SAST","Low",4,1865.04,3.25,2.91,"Junior","Large",25,25,2.91,74.3381456119512,24.41,"P4 - Low","PASS",870,3361.34,3364.59,1496.3,1499.55,100,736,"Completed"
737,"PL-0094","SAST","Low",3,1867.4,4.37,32.05,"Senior","Large",25,18.75,32.05,74.4322122398221,30.46,"P4 - Low","PASS",759,3364.59,3368.96,1497.19,1501.56,100,737,"Completed"
738,"PL-0201","Container","Low",1,1868.41,5.19,17.73,"Junior","Medium",25,6.25,17.73,74.4724695678515,24.38,"P4 - Low","PASS",872,3368.96,3374.15,1500.55,1505.74,100,738,"Completed"
739,"PL-0293","DAST","Critical",7,1869.54,6.49,100,"Intermediate","Small",100,43.75,100,74.5175099447558,86.2,"P1 - Critical","BLOCK",50,3374.15,3380.64,1504.61,1511.1,100,739,"Completed"
740,"PL-0209","DAST","High",2,1876,6.12,77.8,"Junior","Medium",75,12.5,77.8,74.7749974091819,63.18,"P2 - High","WAIT / PRIORITIZE",281,3380.64,3386.76,1504.64,1510.76,100,740,"Completed"
741,"PL-0236","DAST","Medium",2,1881.97,6.68,44.66,"Junior","Medium",50,12.5,44.66,75.0129540907026,43.67,"P3 - Medium","PASS WITH MONITORING",593,3386.76,3393.44,1504.79,1511.47,100,741,"Completed"
742,"PL-0276","DAST","High",4,1887.14,4.89,86.54,"Senior","Small",75,25,86.54,75.2190237797247,67.91,"P2 - High","WAIT / PRIORITIZE",195,3393.44,3398.33,1506.3,1511.19,100,742,"Completed"
743,"PL-0098","IaC","High",4,1889.99,4.36,81.95,"Intermediate","Large",75,25,81.95,75.3326211905009,66.77,"P2 - High","WAIT / PRIORITIZE",215,3398.33,3402.69,1508.34,1512.7,100,743,"Completed"
744,"PL-0067","DAST","Low",1,1893.26,6.43,11.36,"Senior","Medium",25,6.25,11.36,75.4629592723388,22.89,"P4 - Low","PASS",905,3402.69,3409.12,1509.43,1515.86,100,744,"Completed"
745,"PL-0254","SCA","Low",3,1898.39,3.13,29.51,"Junior","Medium",25,18.75,29.51,75.667434611736,29.94,"P4 - Low","PASS",770,3409.12,3412.25,1510.73,1513.86,100,745,"Completed"
746,"PL-0273","Container","Low",3,1898.5,5.06,21.86,"Senior","Small",25,18.75,21.86,75.6718190732046,28.03,"P4 - Low","PASS",795,3412.25,3417.31,1513.75,1518.81,100,746,"Completed"
747,"PL-0253","DAST","High",6,1898.5,6.82,85.95,"Intermediate","Small",75,37.5,85.95,75.6718190732046,70.3,"P2 - High","WAIT / PRIORITIZE",154,3417.31,3424.13,1518.81,1525.63,100,747,"Completed"
748,"PL-0203","IaC","High",6,1899.57,3.04,75.4,"Intermediate","Small",75,37.5,75.4,75.7144679256714,67.67,"P2 - High","WAIT / PRIORITIZE",199,3424.13,3427.17,1524.56,1527.6,100,748,"Completed"
749,"PL-0008","SAST","Critical",5,1899.88,4.45,99.19,"Senior","Small",100,31.25,99.19,75.7268241352646,83.62,"P1 - Critical","BLOCK",70,3427.17,3431.62,1527.29,1531.74,100,749,"Completed"
750,"PL-0167","SAST","High",5,1900.29,4.34,75.78,"Intermediate","Small",75,31.25,75.78,75.7431662189201,66.52,"P2 - High","WAIT / PRIORITIZE",220,3431.62,3435.96,1531.33,1535.67,100,750,"Completed"
751,"PL-0053","DAST","Medium",4,1902.52,6.44,42.31,"Intermediate","Large",50,25,42.31,75.8320512105099,45.66,"P3 - Medium","PASS WITH MONITORING",528,3435.96,3442.4,1533.44,1539.88,100,751,"Completed"
752,"PL-0246","SAST","Critical",8,1902.62,4.71,100,"Intermediate","Medium",100,50,100,75.8360370845723,87.58,"P1 - Critical","BLOCK",35,3442.4,3447.11,1539.78,1544.49,100,752,"Completed"
753,"PL-0151","Container","Medium",5,1903.31,5.56,47.49,"Intermediate","Large",50,31.25,47.49,75.8635396156023,48.21,"P3 - Medium","PASS WITH MONITORING",466,3447.11,3452.67,1543.8,1549.36,100,753,"Completed"
754,"PL-0120","Container","Critical",5,1911.35,5.29,100,"Intermediate","Small",100,31.25,100,76.1840038902131,83.87,"P1 - Critical","BLOCK",68,3452.67,3457.96,1541.32,1546.61,100,754,"Completed"
755,"PL-0019","DAST","Low",2,1911.94,6.25,28.15,"Intermediate","Medium",25,12.5,28.15,76.2075205471808,28.41,"P4 - Low","PASS",786,3457.96,3464.21,1546.02,1552.27,100,755,"Completed"
756,"PL-0232","Container","Medium",4,1914.33,4.75,41.43,"Junior","Small",50,25,41.43,76.3027829372703,45.49,"P3 - Medium","PASS WITH MONITORING",536,3464.21,3468.96,1549.88,1554.63,100,756,"Completed"
757,"PL-0244","DAST","Medium",7,1915.24,7.26,46.04,"Intermediate","Small",50,43.75,46.04,76.3390543912375,50.39,"P3 - Medium","PASS WITH MONITORING",403,3468.96,3476.22,1553.72,1560.98,100,757,"Completed"
758,"PL-0266","SAST","Critical",8,1918.29,3.87,100,"Junior","Medium",100,50,100,76.4606235501383,87.65,"P1 - Critical","BLOCK",34,3476.22,3480.09,1557.93,1561.8,100,758,"Completed"
759,"PL-0077","SAST","Critical",14,1919.71,5.81,100,"Senior","Medium",100,87.5,100,76.5172229618233,95.15,"P1 - Critical","BLOCK",4,3480.09,3485.9,1560.38,1566.19,100,759,"Completed"
760,"PL-0108","Container","High",6,1920.84,5.77,75.65,"Intermediate","Medium",75,37.5,75.65,76.5622633387275,67.82,"P2 - High","WAIT / PRIORITIZE",196,3485.9,3491.67,1565.06,1570.83,100,760,"Completed"
761,"PL-0102","Container","Medium",6,1922.74,7.69,48.82,"Intermediate","Medium",50,37.5,48.82,76.6379949459117,49.87,"P3 - Medium","PASS WITH MONITORING",420,3491.67,3499.36,1568.93,1576.62,100,761,"Completed"
762,"PL-0118","Container","Medium",4,1925.81,5.4,53.83,"Intermediate","Medium",50,25,53.83,76.760361279625,48.63,"P3 - Medium","PASS WITH MONITORING",450,3499.36,3504.76,1573.55,1578.95,100,762,"Completed"
763,"PL-0295","IaC","High",2,1928.1,2.46,77.25,"Intermediate","Small",75,12.5,77.25,76.8516377956522,63.25,"P2 - High","WAIT / PRIORITIZE",280,3504.76,3507.22,1576.66,1579.12,100,763,"Completed"
764,"PL-0188","Container","Critical",5,1929.11,5.04,87.56,"Senior","Medium",100,31.25,87.56,76.8918951236817,80.83,"P1 - Critical","BLOCK",96,3507.22,3512.26,1578.11,1583.15,100,764,"Completed"
765,"PL-0167","SCA","Low",4,1929.22,2.79,24.7,"Intermediate","Medium",25,25,24.7,76.8962795851502,30.11,"P4 - Low","PASS",764,3512.26,3515.05,1583.04,1585.83,100,765,"Completed"
766,"PL-0165","DAST","High",8,1929.47,7.36,84.33,"Junior","Large",75,50,84.33,76.906244270306,72.52,"P2 - High","WAIT / PRIORITIZE",129,3515.05,3522.41,1585.58,1592.94,100,766,"Completed"
767,"PL-0193","DAST","Medium",2,1929.76,4.72,61.45,"Intermediate","Large",50,12.5,61.45,76.9178033050868,48.05,"P3 - Medium","PASS WITH MONITORING",467,3522.41,3527.13,1592.65,1597.37,100,767,"Completed"
768,"PL-0179","DAST","Low",1,1933.31,5.17,26.61,"Senior","Medium",25,6.25,26.61,77.0593018342992,26.86,"P4 - Low","PASS",816,3527.13,3532.3,1593.82,1598.99,100,768,"Completed"
769,"PL-0184","Container","Low",1,1937.16,5.73,16.75,"Junior","Small",25,6.25,16.75,77.2127579856987,24.41,"P4 - Low","PASS",871,3532.3,3538.03,1595.14,1600.87,100,769,"Completed"
770,"PL-0107","SAST","Critical",15,1939.56,5.41,100,"Junior","Small",100,93.75,100,77.3084189631944,96.48,"P1 - Critical","BLOCK",1,3538.03,3543.44,1598.47,1603.88,100,770,"Completed"
771,"PL-0106","SCA","Medium",5,1940.48,3.74,56.54,"Junior","Medium",50,31.25,56.54,77.3450890045678,50.62,"P3 - Medium","PASS WITH MONITORING",398,3543.44,3547.18,1602.96,1606.7,100,771,"Completed"
772,"PL-0166","IaC","Low",5,1944.17,4.28,26.98,"Intermediate","Large",25,31.25,26.98,77.4921677574675,31.99,"P4 - Low","PASS",753,3547.18,3551.46,1603.01,1607.29,100,772,"Completed"
773,"PL-0053","DAST","Medium",4,1945.16,6.09,55.82,"Intermediate","Small",50,25,55.82,77.5316279106845,49.21,"P3 - Medium","PASS WITH MONITORING",432,3551.46,3557.55,1606.3,1612.39,100,773,"Completed"
774,"PL-0292","Container","Medium",5,1947.59,5.92,53.82,"Intermediate","Medium",50,31.25,53.82,77.628484650399,49.97,"P3 - Medium","PASS WITH MONITORING",417,3557.55,3563.47,1609.96,1615.88,100,774,"Completed"
775,"PL-0061","DAST","Critical",8,1949.4,6.46,100,"Intermediate","Medium",100,50,100,77.700628970927,87.77,"P1 - Critical","BLOCK",32,3563.47,3569.93,1614.07,1620.53,100,775,"Completed"
776,"PL-0268","SCA","High",3,1957.09,4.1,67.11,"Junior","Small",75,18.75,67.11,78.0071426863197,62.08,"P2 - High","PASS WITH MONITORING",295,3569.93,3574.03,1612.84,1616.94,100,776,"Completed"
777,"PL-0262","SCA","Low",1,1959.2,4.32,23.75,"Intermediate","Medium",25,6.25,23.75,78.0912446290347,26.25,"P4 - Low","PASS",829,3574.03,3578.35,1614.83,1619.15,100,777,"Completed"
778,"PL-0209","SAST","Medium",5,1960.63,3.28,54.76,"Intermediate","Large",50,31.25,54.76,78.1482426281259,50.25,"P3 - Medium","PASS WITH MONITORING",411,3578.35,3581.63,1617.72,1621,100,778,"Completed"
779,"PL-0059","Container","Medium",5,1960.89,6.89,50.76,"Intermediate","Small",50,31.25,50.76,78.158605900688,49.26,"P3 - Medium","PASS WITH MONITORING",429,3581.63,3588.52,1620.74,1627.63,100,779,"Completed"
780,"PL-0107","DAST","Medium",1,1963.1,4.37,49.47,"Junior","Small",50,6.25,49.47,78.2466937174653,43.94,"P3 - Medium","PASS WITH MONITORING",586,3588.52,3592.89,1625.42,1629.79,100,780,"Completed"
781,"PL-0056","DAST","Medium",5,1964.52,6.6,57.39,"Senior","Medium",50,31.25,57.39,78.3032931291503,50.93,"P3 - Medium","PASS WITH MONITORING",395,3592.89,3599.49,1628.37,1634.97,100,781,"Completed"
782,"PL-0057","Container","Low",1,1966.33,6.66,34.62,"Junior","Medium",25,6.25,34.62,78.3754374496783,28.99,"P4 - Low","PASS",779,3599.49,3606.15,1633.16,1639.82,100,782,"Completed"
783,"PL-0126","SAST","Medium",2,1968.93,3.6,44.15,"Junior","Small",50,12.5,44.15,78.4790701752987,43.89,"P3 - Medium","PASS WITH MONITORING",588,3606.15,3609.75,1637.22,1640.82,100,783,"Completed"
784,"PL-0184","DAST","Medium",6,1979.79,6.19,61.71,"Junior","Large",50,37.5,61.71,78.911936098467,53.32,"P3 - Medium","PASS WITH MONITORING",365,3609.75,3615.94,1629.96,1636.15,100,784,"Completed"
785,"PL-0229","IaC","Critical",4,1982.48,4.67,92.51,"Junior","Medium",100,25,92.51,79.0191561107435,81.03,"P1 - Critical","BLOCK",94,3615.94,3620.61,1633.46,1638.13,100,785,"Completed"
786,"PL-0003","SCA","Low",3,1983.31,2.26,32.12,"Intermediate","Medium",25,18.75,32.12,79.0522388654608,30.94,"P4 - Low","PASS",756,3620.61,3622.87,1637.3,1639.56,100,786,"Completed"
787,"PL-0253","SAST","Critical",4,1985.27,3.65,97.89,"Junior","Medium",100,25,97.89,79.1303619970823,82.39,"P1 - Critical","BLOCK",79,3622.87,3626.52,1637.6,1641.25,100,787,"Completed"
788,"PL-0121","SCA","Low",2,1990.06,2.92,29.34,"Intermediate","Medium",25,12.5,29.34,79.3212853646676,29.02,"P4 - Low","PASS",778,3626.52,3629.44,1636.46,1639.38,100,788,"Completed"
789,"PL-0084","IaC","Medium",4,1993.57,4.01,39.86,"Intermediate","Medium",50,25,39.86,79.4611895442551,45.41,"P3 - Medium","PASS",538,3629.44,3633.45,1635.87,1639.88,100,789,"Completed"
790,"PL-0223","IaC","High",5,1996.22,2.6,87.86,"Junior","Small",75,31.25,87.86,79.5668152069067,69.92,"P2 - High","WAIT / PRIORITIZE",160,3633.45,3636.05,1637.23,1639.83,100,790,"Completed"
791,"PL-0014","Container","Medium",5,1999.39,5.26,60.67,"Junior","Small",50,31.25,60.67,79.6931674146824,51.89,"P3 - Medium","PASS WITH MONITORING",385,3636.05,3641.31,1636.66,1641.92,100,791,"Completed"
792,"PL-0098","SAST","Medium",4,2002.87,4.73,40,"Junior","Small",50,25,40,79.8318758320512,45.48,"P3 - Medium","PASS WITH MONITORING",537,3641.31,3646.04,1638.44,1643.17,100,792,"Completed"
793,"PL-0263","SCA","Critical",11,2004.49,4.58,100,"Intermediate","Medium",100,68.75,100,79.8964469918608,91.74,"P1 - Critical","BLOCK",11,3646.04,3650.62,1641.55,1646.13,100,793,"Completed"
794,"PL-0175","Container","Medium",1,2004.81,4.69,59.69,"Junior","Small",50,6.25,59.69,79.9092017888603,46.66,"P3 - Medium","PASS WITH MONITORING",494,3650.62,3655.31,1645.81,1650.5,100,794,"Completed"
795,"PL-0038","IaC","Low",4,2006.96,3.95,23.4,"Intermediate","Small",25,25,23.4,79.9948980812002,30.1,"P4 - Low","PASS",765,3655.31,3659.26,1648.35,1652.3,100,795,"Completed"
796,"PL-0108","Container","High",5,2007.09,4.79,75.91,"Junior","Small",75,31.25,75.91,80.0000797174812,66.98,"P2 - High","WAIT / PRIORITIZE",212,3659.26,3664.05,1652.17,1656.96,100,796,"Completed"
797,"PL-0244","Container","Medium",4,2009.71,5.28,44.26,"Senior","Medium",50,25,44.26,80.1045096179141,46.58,"P3 - Medium","PASS WITH MONITORING",496,3664.05,3669.33,1654.34,1659.62,100,797,"Completed"
798,"PL-0171","Container","Medium",8,2011.21,4.99,54.98,"Intermediate","Large",50,50,54.98,80.164297728849,54.26,"P3 - Medium","PASS WITH MONITORING",359,3669.33,3674.32,1658.12,1663.11,100,798,"Completed"
799,"PL-0049","IaC","High",5,2014.87,5.16,72.96,"Intermediate","Large",75,31.25,72.96,80.31018071953,66.27,"P2 - High","WAIT / PRIORITIZE",227,3674.32,3679.48,1659.45,1664.61,100,799,"Completed"
800,"PL-0281","DAST","Low",1,2015.13,5.91,14.24,"Intermediate","Small",25,6.25,14.24,80.320543992092,24.09,"P4 - Low","PASS",877,3679.48,3685.39,1664.35,1670.26,100,800,"Completed"
801,"PL-0074","SCA","Critical",9,2016.35,4.31,100,"Intermediate","Large",100,56.25,100,80.3691716556524,89.29,"P1 - Critical","BLOCK",23,3685.39,3689.7,1669.04,1673.35,100,801,"Completed"
802,"PL-0147","SCA","Low",5,2017.74,1.92,33.66,"Junior","Small",25,31.25,33.66,80.4245753051187,33.96,"P4 - Low","PASS",749,3689.7,3691.62,1671.96,1673.88,100,802,"Completed"
803,"PL-0170","SCA","Low",2,2020.6,2.13,16.18,"Intermediate","Medium",25,12.5,16.18,80.5385713033011,25.85,"P4 - Low","PASS",834,3691.62,3693.75,1671.02,1673.15,100,803,"Completed"
804,"PL-0201","DAST","High",7,2025.15,6.58,81.65,"Senior","Small",75,43.75,81.65,80.7199285731368,70.98,"P2 - High","WAIT / PRIORITIZE",142,3693.75,3700.33,1668.6,1675.18,100,804,"Completed"
805,"PL-0091","SCA","Medium",4,2025.73,3.05,58.82,"Junior","Large",50,25,58.82,80.7430466426983,50.28,"P3 - Medium","PASS WITH MONITORING",408,3700.33,3703.38,1674.6,1677.65,100,805,"Completed"
806,"PL-0072","SAST","Medium",3,2026.2,4.56,58.99,"Intermediate","Large",50,18.75,58.99,80.7617802507912,49.07,"P3 - Medium","PASS WITH MONITORING",434,3703.38,3707.94,1677.18,1681.74,100,806,"Completed"
807,"PL-0016","SAST","High",7,2029.16,5.38,74.78,"Intermediate","Small",75,43.75,74.78,80.879762123036,69.28,"P2 - High","WAIT / PRIORITIZE",171,3707.94,3713.32,1678.78,1684.16,100,807,"Completed"
808,"PL-0072","SAST","Medium",9,2031.12,3.96,64.83,"Intermediate","Medium",50,56.25,64.83,80.9578852546575,58.05,"P3 - Medium","PASS WITH MONITORING",336,3713.32,3717.28,1682.2,1686.16,100,808,"Completed"
809,"PL-0151","Container","Low",1,2032.19,4.79,18.55,"Intermediate","Small",25,6.25,18.55,81.0005341071243,25.24,"P4 - Low","PASS",847,3717.28,3722.07,1685.09,1689.88,100,809,"Completed"
810,"PL-0213","SCA","Medium",4,2033.27,4.87,62.82,"Junior","Small",50,25,62.82,81.0435815469974,51.31,"P3 - Medium","PASS WITH MONITORING",391,3722.07,3726.94,1688.8,1693.67,100,810,"Completed"
811,"PL-0060","SCA","Low",8,2040.06,4.55,25.07,"Senior","Small",25,50,25.07,81.3142223958292,35.65,"P4 - Low","PASS",744,3726.94,3731.49,1686.88,1691.43,100,811,"Completed"
812,"PL-0208","Container","High",11,2051.37,7.24,95.74,"Junior","Small",75,68.75,95.74,81.7650247522779,79.61,"P2 - High","WAIT / PRIORITIZE",100,3731.49,3738.73,1680.12,1687.36,100,812,"Completed"
813,"PL-0095","SAST","Low",1,2056.97,3,13.82,"Senior","Medium",25,6.25,13.82,81.988233699768,24.15,"P4 - Low","PASS",875,3738.73,3741.73,1681.76,1684.76,100,813,"Completed"
814,"PL-0171","Container","Critical",8,2057.55,6.8,96.23,"Senior","Medium",100,50,96.23,82.0113517693295,87.26,"P1 - Critical","BLOCK",43,3741.73,3748.53,1684.18,1690.98,100,814,"Completed"
815,"PL-0185","DAST","Medium",7,2061.59,5.21,54.61,"Senior","Small",50,43.75,54.61,82.1723810814474,53.12,"P3 - Medium","PASS WITH MONITORING",366,3748.53,3753.74,1686.94,1692.15,100,815,"Completed"
816,"PL-0155","DAST","Medium",5,2063.42,6.01,54.21,"Senior","Small",50,31.25,54.21,82.2453225767879,50.53,"P3 - Medium","PASS WITH MONITORING",400,3753.74,3759.75,1690.32,1696.33,100,816,"Completed"
817,"PL-0074","Container","Low",6,2069.23,5.22,40.19,"Intermediate","Medium",25,37.5,40.19,82.4769018598088,37.05,"P4 - Low","PASS WITH MONITORING",733,3759.75,3764.97,1690.52,1695.74,100,817,"Completed"
818,"PL-0146","SAST","Medium",3,2072.68,5.1,41.45,"Junior","Medium",50,18.75,41.45,82.614414514959,44.87,"P3 - Medium","PASS WITH MONITORING",548,3764.97,3770.07,1692.29,1697.39,100,818,"Completed"
819,"PL-0016","Container","Critical",8,2075.7,5.72,86.24,"Senior","Small",100,50,86.24,82.7347879116411,84.83,"P1 - Critical","BLOCK",60,3770.07,3775.79,1694.37,1700.09,100,819,"Completed"
820,"PL-0200","Container","High",4,2076.15,5.09,66.3,"Intermediate","Small",75,25,66.3,82.7527243449216,63.6,"P2 - High","PASS WITH MONITORING",276,3775.79,3780.88,1699.64,1704.73,100,820,"Completed"
821,"PL-0085","SCA","Medium",6,2076.87,3.12,54.54,"Intermediate","Medium",50,37.5,54.54,82.7814226381703,51.91,"P3 - Medium","PASS WITH MONITORING",384,3780.88,3784,1704.01,1707.13,100,821,"Completed"
822,"PL-0101","Container","Medium",1,2081.84,5.03,49.67,"Intermediate","Small",50,6.25,49.67,82.9795205790678,44.47,"P3 - Medium","PASS WITH MONITORING",562,3784,3789.03,1702.16,1707.19,100,822,"Completed"
823,"PL-0151","SCA","Medium",3,2084.75,3.66,40.07,"Intermediate","Small",50,18.75,40.07,83.0955095142814,44.58,"P3 - Medium","PASS WITH MONITORING",557,3789.03,3792.69,1704.28,1707.94,100,823,"Completed"
824,"PL-0250","IaC","Medium",3,2086.82,2.4,53.88,"Intermediate","Medium",50,18.75,53.88,83.1780171073715,48.04,"P3 - Medium","PASS WITH MONITORING",469,3792.69,3795.09,1705.87,1708.27,100,824,"Completed"
825,"PL-0002","SAST","Critical",11,2090.36,5.05,100,"Junior","Large",100,68.75,100,83.3191170491777,92.08,"P1 - Critical","BLOCK",10,3795.09,3800.14,1704.73,1709.78,100,825,"Completed"
826,"PL-0128","SCA","Medium",5,2091.8,4.77,55.15,"Junior","Medium",50,31.25,55.15,83.3765136356752,50.88,"P3 - Medium","PASS WITH MONITORING",396,3800.14,3804.91,1708.34,1713.11,100,826,"Completed"
827,"PL-0247","DAST","Critical",11,2093.89,6.79,100,"Intermediate","Medium",100,68.75,100,83.4598184035777,92.1,"P1 - Critical","BLOCK",9,3804.91,3811.7,1711.02,1717.81,100,827,"Completed"
828,"PL-0234","IaC","Medium",2,2097.56,2.8,45.22,"Junior","Medium",50,12.5,45.22,83.606099981665,44.67,"P3 - Medium","PASS WITH MONITORING",553,3811.7,3814.5,1714.14,1716.94,100,828,"Completed"
829,"PL-0182","DAST","Critical",5,2100.24,6.73,100,"Junior","Medium",100,31.25,100,83.7129214065352,84.62,"P1 - Critical","BLOCK",61,3814.5,3821.23,1714.26,1720.99,100,829,"Completed"
830,"PL-0125","SCA","Medium",2,2100.73,3.58,52.51,"Intermediate","Large",50,12.5,52.51,83.7324521894406,46.5,"P3 - Medium","PASS WITH MONITORING",497,3821.23,3824.81,1720.5,1724.08,100,830,"Completed"
831,"PL-0073","DAST","Low",1,2102.85,4.51,9.35,"Intermediate","Small",25,6.25,9.35,83.8169527195619,23.22,"P4 - Low","PASS",892,3824.81,3829.32,1721.96,1726.47,100,831,"Completed"
832,"PL-0289","SCA","Low",1,2105.46,4.33,29.15,"Senior","Small",25,6.25,29.15,83.9209840325885,28.18,"P4 - Low","PASS",793,3829.32,3833.65,1723.86,1728.19,100,832,"Completed"
833,"PL-0109","SAST","High",7,2106.66,4.7,73.73,"Intermediate","Large",75,43.75,73.73,83.9688145213364,69.33,"P2 - High","WAIT / PRIORITIZE",168,3833.65,3838.35,1726.99,1731.69,100,833,"Completed"
834,"PL-0211","Container","Low",2,2111.27,6.47,29.21,"Junior","Medium",25,12.5,29.21,84.1525633156095,29.47,"P4 - Low","PASS",775,3838.35,3844.82,1727.08,1733.55,100,834,"Completed"
835,"PL-0161","SAST","High",3,2111.6,3.1,70.12,"Senior","Small",75,18.75,70.12,84.1657167000151,63.45,"P2 - High","WAIT / PRIORITIZE",277,3844.82,3847.92,1733.22,1736.32,100,835,"Completed"
836,"PL-0139","SCA","Medium",3,2111.98,3.34,42.94,"Intermediate","Medium",50,18.75,42.94,84.180863021452,45.4,"P3 - Medium","PASS WITH MONITORING",539,3847.92,3851.26,1735.94,1739.28,100,836,"Completed"
837,"PL-0061","DAST","Low",4,2113.4,5.92,38.15,"Junior","Medium",25,25,38.15,84.237462433137,34.21,"P4 - Low","PASS",748,3851.26,3857.18,1737.86,1743.78,100,837,"Completed"
838,"PL-0091","DAST","Medium",6,2118,7.95,58.41,"Junior","Small",50,37.5,58.41,84.4208126400038,53.04,"P3 - Medium","PASS WITH MONITORING",367,3857.18,3865.13,1739.18,1747.13,100,838,"Completed"
839,"PL-0188","DAST","Medium",5,2118.34,5.63,61.53,"Intermediate","Medium",50,31.25,61.53,84.4343646118157,52.58,"P3 - Medium","PASS WITH MONITORING",375,3865.13,3870.76,1746.79,1752.42,100,839,"Completed"
840,"PL-0208","SAST","Low",2,2121.53,4.43,21.14,"Junior","Small",25,12.5,21.14,84.5615139944038,27.49,"P4 - Low","PASS",806,3870.76,3875.19,1749.23,1753.66,100,840,"Completed"
841,"PL-0051","SCA","Critical",10,2121.84,3.42,98.58,"Junior","Small",100,62.5,98.58,84.573870203997,90.6,"P1 - Critical","BLOCK",15,3875.19,3878.61,1753.35,1756.77,100,841,"Completed"
842,"PL-0087","SCA","Medium",4,2122.05,3.65,43.89,"Intermediate","Medium",50,25,43.89,84.5822405395279,46.93,"P3 - Medium","PASS WITH MONITORING",487,3878.61,3882.26,1756.56,1760.21,100,842,"Completed"
843,"PL-0168","SAST","High",7,2123.3,5.5,84.86,"Junior","Medium",75,43.75,84.86,84.632063965307,72.18,"P2 - High","WAIT / PRIORITIZE",131,3882.26,3887.76,1758.96,1764.46,100,843,"Completed"
844,"PL-0211","SCA","Medium",2,2125.61,4.8,50.69,"Junior","Medium",50,12.5,50.69,84.7241376561466,46.14,"P3 - Medium","PASS WITH MONITORING",514,3887.76,3892.56,1762.15,1766.95,100,844,"Completed"
845,"PL-0236","Container","Critical",9,2126.45,5.54,100,"Intermediate","Large",100,56.25,100,84.7576189982701,89.73,"P1 - Critical","BLOCK",21,3892.56,3898.1,1766.11,1771.65,100,845,"Completed"
846,"PL-0289","SCA","High",4,2129.38,3.19,80.28,"Senior","Medium",75,25,80.28,84.8744051082962,67.31,"P2 - High","WAIT / PRIORITIZE",202,3898.1,3901.29,1768.72,1771.91,100,846,"Completed"
847,"PL-0207","SAST","Medium",7,2130.79,5.13,51.35,"Junior","Medium",50,43.75,51.35,84.9306059325749,52.58,"P3 - Medium","PASS WITH MONITORING",376,3901.29,3906.42,1770.5,1775.63,100,847,"Completed"
848,"PL-0072","DAST","Medium",5,2132.08,4.54,46.73,"Junior","Medium",50,31.25,46.73,84.9820237079789,48.93,"P3 - Medium","PASS WITH MONITORING",442,3906.42,3910.96,1774.34,1778.88,100,848,"Completed"
849,"PL-0006","Container","Critical",8,2134.6,4.83,100,"Senior","Large",100,50,100,85.0824677343494,88.51,"P1 - Critical","BLOCK",26,3910.96,3915.79,1776.36,1781.19,100,849,"Completed"
850,"PL-0043","DAST","Medium",3,2135.95,6.04,55.95,"Junior","Medium",50,18.75,55.95,85.1362770341908,48.75,"P3 - Medium","PASS WITH MONITORING",446,3915.79,3921.83,1779.84,1785.88,100,850,"Completed"
851,"PL-0222","IaC","High",7,2136.07,3.69,69.49,"Junior","Small",75,43.75,69.49,85.1410600830656,68.39,"P2 - High","PASS WITH MONITORING",188,3921.83,3925.52,1785.76,1789.45,100,851,"Completed"
852,"PL-0180","IaC","Medium",6,2136.75,4.71,47.39,"Intermediate","Medium",50,37.5,47.39,85.1681640266894,50.36,"P3 - Medium","PASS WITH MONITORING",405,3925.52,3930.23,1788.77,1793.48,100,852,"Completed"
853,"PL-0101","SAST","Medium",4,2137.56,4.78,56.37,"Junior","Small",50,25,56.37,85.2004496065942,50.11,"P3 - Medium","PASS WITH MONITORING",414,3930.23,3935.01,1792.67,1797.45,100,853,"Completed"
854,"PL-0255","SCA","Low",1,2138.71,5.59,27.05,"Junior","Small",25,6.25,27.05,85.2462871583109,27.79,"P4 - Low","PASS",799,3935.01,3940.6,1796.3,1801.89,100,854,"Completed"
855,"PL-0165","SAST","Low",3,2139.12,3.19,37.35,"Senior","Small",25,18.75,37.35,85.2626292419665,32.86,"P4 - Low","PASS",750,3940.6,3943.79,1801.48,1804.67,100,855,"Completed"
856,"PL-0219","Container","Medium",5,2142.23,4.77,50.37,"Intermediate","Medium",50,31.25,50.37,85.3865899253047,49.88,"P3 - Medium","PASS WITH MONITORING",419,3943.79,3948.56,1801.56,1806.33,100,856,"Completed"
857,"PL-0283","DAST","Medium",3,2144.3,5.59,57.81,"Junior","Medium",50,18.75,57.81,85.4690975183948,49.25,"P3 - Medium","PASS WITH MONITORING",430,3948.56,3954.15,1804.26,1809.85,100,857,"Completed"
858,"PL-0177","SAST","Medium",3,2147.05,3.61,56.62,"Junior","Medium",50,18.75,56.62,85.5787090551087,48.96,"P3 - Medium","PASS WITH MONITORING",439,3954.15,3957.76,1807.1,1810.71,100,858,"Completed"
859,"PL-0145","IaC","High",3,2149.48,4.43,77.34,"Junior","Medium",75,18.75,77.34,85.6755657948231,65.4,"P2 - High","WAIT / PRIORITIZE",243,3957.76,3962.19,1808.28,1812.71,100,859,"Completed"
860,"PL-0062","SCA","Medium",7,2150.04,2.91,49.84,"Intermediate","Large",50,43.75,49.84,85.6978866895722,52.28,"P3 - Medium","PASS WITH MONITORING",379,3962.19,3965.1,1812.15,1815.06,100,860,"Completed"
861,"PL-0119","SCA","Critical",7,2150.81,3.67,100,"Intermediate","Small",100,43.75,100,85.728577919852,87.32,"P1 - Critical","BLOCK",42,3965.1,3968.77,1814.29,1817.96,100,861,"Completed"
862,"PL-0026","IaC","High",7,2156.97,4.63,83.23,"Intermediate","Small",75,43.75,83.23,85.9741077620911,71.9,"P2 - High","WAIT / PRIORITIZE",132,3968.77,3973.4,1811.8,1816.43,100,862,"Completed"
863,"PL-0249","Container","Medium",1,2160.84,5.84,47.17,"Junior","Medium",50,6.25,47.17,86.1283610883031,44.16,"P3 - Medium","PASS WITH MONITORING",577,3973.4,3979.24,1812.56,1818.4,100,863,"Completed"
864,"PL-0283","SCA","Low",1,2161.45,2.53,21.47,"Intermediate","Small",25,6.25,21.47,86.1526749200832,26.48,"P4 - Low","PASS",821,3979.24,3981.77,1817.79,1820.32,100,864,"Completed"
865,"PL-0082","Container","Medium",2,2162.14,4.78,47.71,"Junior","Small",50,12.5,47.71,86.1801774511133,45.55,"P3 - Medium","PASS WITH MONITORING",534,3981.77,3986.55,1819.63,1824.41,100,865,"Completed"
866,"PL-0131","SAST","Medium",2,2169.59,4.77,53.1,"Junior","Small",50,12.5,53.1,86.4771250687563,46.92,"P3 - Medium","PASS WITH MONITORING",488,3986.55,3991.32,1816.96,1821.73,100,866,"Completed"
867,"PL-0213","IaC","High",6,2169.77,3.22,66,"Senior","Medium",75,37.5,66,86.4842996420685,66.4,"P2 - High","PASS WITH MONITORING",223,3991.32,3994.54,1821.55,1824.77,100,867,"Completed"
868,"PL-0161","Container","High",6,2170.71,4.16,73.41,"Intermediate","Medium",75,37.5,73.41,86.5217668582544,68.25,"P2 - High","WAIT / PRIORITIZE",190,3994.54,3998.7,1823.83,1827.99,100,868,"Completed"
869,"PL-0011","DAST","Critical",5,2171.39,6.52,100,"Intermediate","Medium",100,31.25,100,86.5488708018781,84.9,"P1 - Critical","BLOCK",59,3998.7,4005.22,1827.31,1833.83,100,869,"Completed"
870,"PL-0013","IaC","Medium",3,2171.97,2.61,46.08,"Intermediate","Medium",50,18.75,46.08,86.5719888714396,46.43,"P3 - Medium","PASS WITH MONITORING",500,4005.22,4007.83,1833.25,1835.86,100,870,"Completed"
871,"PL-0109","SCA","Low",3,2174.22,3.02,18.81,"Junior","Small",25,18.75,18.81,86.6616710378419,28.37,"P4 - Low","PASS",787,4007.83,4010.85,1833.61,1836.63,100,871,"Completed"
872,"PL-0232","SAST","Medium",4,2177.69,3.29,56.37,"Junior","Medium",50,25,56.37,86.7999808678045,50.27,"P3 - Medium","PASS WITH MONITORING",410,4010.85,4014.14,1833.16,1836.45,100,872,"Completed"
873,"PL-0036","SCA","Medium",4,2178.25,3.2,53.16,"Intermediate","Large",50,25,53.16,86.8223017625535,49.47,"P3 - Medium","PASS WITH MONITORING",425,4014.14,4017.34,1835.89,1839.09,100,873,"Completed"
874,"PL-0014","SCA","Low",2,2181.96,2.47,11.78,"Senior","Medium",25,12.5,11.78,86.9701776902657,25.39,"P4 - Low","PASS",846,4017.34,4019.81,1835.38,1837.85,100,874,"Completed"
875,"PL-0069","Container","High",4,2182,6.33,78.86,"Intermediate","Large",75,25,78.86,86.9717720398906,67.16,"P2 - High","WAIT / PRIORITIZE",206,4019.81,4026.14,1837.81,1844.14,100,875,"Completed"
876,"PL-0185","Container","Medium",5,2184.69,5.11,49.74,"Senior","Medium",50,31.25,49.74,87.0789920521671,49.89,"P3 - Medium","PASS WITH MONITORING",418,4026.14,4031.25,1841.45,1846.56,100,876,"Completed"
877,"PL-0084","SAST","Low",3,2185.76,5.47,19.17,"Junior","Large",25,18.75,19.17,87.121640904634,28.5,"P4 - Low","PASS",785,4031.25,4036.72,1845.49,1850.96,100,877,"Completed"
878,"PL-0243","IaC","Critical",5,2186.48,5,100,"Intermediate","Medium",100,31.25,100,87.1503391978827,84.97,"P1 - Critical","BLOCK",58,4036.72,4041.72,1850.24,1855.24,100,878,"Completed"
879,"PL-0215","SAST","High",5,2187.4,3.58,90.09,"Intermediate","Medium",75,31.25,90.09,87.1870092392561,71.24,"P2 - High","WAIT / PRIORITIZE",140,4041.72,4045.3,1854.32,1857.9,100,879,"Completed"
880,"PL-0275","SAST","Medium",13,2191.79,3.49,58.85,"Intermediate","Large",50,81.25,58.85,87.361989110592,62.2,"P2 - High","PASS WITH MONITORING",290,4045.3,4048.79,1853.51,1857,100,880,"Completed"
881,"PL-0175","SCA","High",7,2194.52,3.11,65.79,"Junior","Medium",75,43.75,65.79,87.4708034724935,67.69,"P2 - High","PASS WITH MONITORING",198,4048.79,4051.9,1854.27,1857.38,100,881,"Completed"
882,"PL-0249","IaC","Low",2,2195,3.68,12.79,"Junior","Large",25,12.5,12.79,87.4899356679926,25.7,"P4 - Low","PASS",839,4051.9,4055.58,1856.9,1860.58,100,882,"Completed"
883,"PL-0102","Container","Medium",4,2196.6,5.71,56.22,"Intermediate","Medium",50,25,56.22,87.5537096529898,50.31,"P3 - Medium","PASS WITH MONITORING",407,4055.58,4061.29,1858.98,1864.69,100,883,"Completed"
884,"PL-0103","SCA","Low",1,2196.73,3.67,14.96,"Intermediate","Medium",25,6.25,14.96,87.5588912892708,25,"P4 - Low","PASS",854,4061.29,4064.96,1864.56,1868.23,100,884,"Completed"
885,"PL-0042","Container","High",6,2198.04,5.51,93.54,"Intermediate","Medium",75,37.5,93.54,87.6111062394872,73.4,"P2 - High","WAIT / PRIORITIZE",124,4064.96,4070.47,1866.92,1872.43,100,885,"Completed"
886,"PL-0291","SAST","Critical",7,2202.41,5.31,100,"Senior","Medium",100,43.75,100,87.7852889360108,87.53,"P1 - Critical","BLOCK",37,4070.47,4075.78,1868.06,1873.37,100,886,"Completed"
887,"PL-0088","SCA","Medium",2,2204.23,2.86,40.01,"Junior","Large",50,12.5,40.01,87.857831843945,43.79,"P3 - Medium","PASS WITH MONITORING",589,4075.78,4078.64,1871.55,1874.41,100,887,"Completed"
888,"PL-0057","SAST","Medium",5,2204.56,4.58,54.84,"Junior","Small",50,31.25,54.84,87.8709852283507,51.25,"P3 - Medium","PASS WITH MONITORING",392,4078.64,4083.22,1874.08,1878.66,100,888,"Completed"
889,"PL-0049","SAST","Low",1,2206.27,3.77,6.94,"Senior","Small",25,6.25,6.94,87.9391436748164,23.03,"P4 - Low","PASS",900,4083.22,4086.99,1876.95,1880.72,100,889,"Completed"
890,"PL-0081","SCA","High",7,2207.37,4.78,78.47,"Junior","Medium",75,43.75,78.47,87.982988289502,70.92,"P2 - High","WAIT / PRIORITIZE",144,4086.99,4091.77,1879.62,1884.4,100,890,"Completed"
891,"PL-0138","Container","Medium",1,2208.99,4.92,45.48,"Senior","Medium",50,6.25,45.48,88.0475594493116,43.92,"P3 - Medium","PASS WITH MONITORING",587,4091.77,4096.69,1882.78,1887.7,100,891,"Completed"
892,"PL-0106","SCA","Low",1,2209.44,2.3,24.11,"Junior","Small",25,6.25,24.11,88.0654958825921,27.33,"P4 - Low","PASS",809,4096.69,4098.99,1887.25,1889.55,100,892,"Completed"
893,"PL-0192","Container","Low",1,2214.81,7.28,25.28,"Senior","Small",25,6.25,25.28,88.2795373197388,27.65,"P4 - Low","PASS",802,4098.99,4106.27,1884.18,1891.46,100,893,"Completed"
894,"PL-0141","SCA","Medium",1,2216.74,1.95,46.74,"Intermediate","Small",50,6.25,46.74,88.3564646891417,44.27,"P3 - Medium","PASS WITH MONITORING",569,4106.27,4108.22,1889.53,1891.48,100,894,"Completed"
895,"PL-0091","IaC","Critical",6,2219.42,4.27,95.38,"Junior","Small",100,37.5,95.38,88.4632861140119,85.19,"P1 - Critical","BLOCK",56,4108.22,4112.49,1888.8,1893.07,100,895,"Completed"
896,"PL-0116","DAST","Low",2,2226.42,5.13,29.89,"Junior","Large",25,12.5,29.89,88.7422972983746,30.1,"P4 - Low","PASS",766,4112.49,4117.62,1886.07,1891.2,100,896,"Completed"
897,"PL-0165","SAST","Low",4,2228.64,4.52,19.78,"Intermediate","Medium",25,25,19.78,88.8307837025581,30.08,"P4 - Low","PASS",767,4117.62,4122.14,1888.98,1893.5,100,897,"Completed"
898,"PL-0121","Container","Medium",6,2232.93,6.34,56.26,"Intermediate","Small",50,37.5,56.26,89.0017776998318,52.97,"P3 - Medium","PASS WITH MONITORING",368,4122.14,4128.48,1889.21,1895.55,100,898,"Completed"
899,"PL-0137","SAST","Critical",6,2235.46,5.25,95.79,"Junior","Medium",100,37.5,95.79,89.1026203136086,85.36,"P1 - Critical","BLOCK",55,4128.48,4133.73,1893.02,1898.27,100,899,"Completed"
900,"PL-0141","SCA","Medium",4,2235.58,1.85,50.27,"Junior","Medium",50,25,50.27,89.1074033624834,48.98,"P3 - Medium","PASS WITH MONITORING",438,4133.73,4135.58,1898.15,1900,100,900,"Completed"
901,"PL-0001","Container","Medium",1,2239.72,5.8,38.05,"Junior","Medium",50,6.25,38.05,89.2724185486635,42.19,"P3 - Medium","PASS",633,4135.58,4141.38,1895.86,1901.66,100,901,"Completed"
902,"PL-0038","SAST","Medium",6,2239.88,6.18,45.64,"Senior","Medium",50,37.5,45.64,89.2787959471633,50.34,"P3 - Medium","PASS WITH MONITORING",406,4141.38,4147.56,1901.5,1907.68,100,902,"Completed"
903,"PL-0211","SAST","Medium",2,2241.81,3.58,52.86,"Intermediate","Large",50,12.5,52.86,89.3557233165661,47.15,"P3 - Medium","PASS WITH MONITORING",485,4147.56,4151.14,1905.75,1909.33,100,903,"Completed"
904,"PL-0109","SAST","Low",2,2243.8,2.9,32.13,"Intermediate","Small",25,12.5,32.13,89.4350422104063,30.73,"P4 - Low","PASS",757,4151.14,4154.04,1907.34,1910.24,100,904,"Completed"
905,"PL-0275","IaC","Medium",5,2246.6,2.95,63.01,"Junior","Small",50,31.25,63.01,89.5466466841514,53.46,"P3 - Medium","PASS WITH MONITORING",363,4154.04,4156.99,1907.44,1910.39,100,905,"Completed"
906,"PL-0037","SAST","Medium",5,2252.97,3.26,53.12,"Intermediate","Small",50,31.25,53.12,89.8005468619213,51.01,"P3 - Medium","PASS WITH MONITORING",394,4156.99,4160.25,1904.02,1907.28,100,906,"Completed"
907,"PL-0063","IaC","High",7,2257.18,4.79,88.95,"Intermediate","Small",75,43.75,88.95,89.9683521599451,73.73,"P2 - High","WAIT / PRIORITIZE",123,4160.25,4165.04,1903.07,1907.86,100,907,"Completed"
908,"PL-0283","Container","Critical",13,2257.28,7.01,100,"Intermediate","Medium",100,81.25,100,89.9723380340075,95.25,"P1 - Critical","BLOCK",3,4165.04,4172.05,1907.76,1914.77,100,908,"Completed"
909,"PL-0022","Container","Medium",2,2263.59,3.04,39.74,"Intermediate","Medium",50,12.5,39.74,90.2238466873401,43.96,"P3 - Medium","PASS",584,4172.05,4175.09,1908.46,1911.5,100,909,"Completed"
910,"PL-0077","Container","Medium",2,2266.19,6.23,40.75,"Junior","Large",50,12.5,40.75,90.3274794129605,44.22,"P3 - Medium","PASS WITH MONITORING",574,4175.09,4181.32,1908.9,1915.13,100,910,"Completed"
911,"PL-0014","SAST","High",5,2267.34,4.79,84.74,"Senior","Medium",75,31.25,84.74,90.3733169646772,70.22,"P2 - High","WAIT / PRIORITIZE",155,4181.32,4186.11,1913.98,1918.77,100,911,"Completed"
912,"PL-0110","IaC","Medium",2,2269.15,2.81,48.83,"Junior","Medium",50,12.5,48.83,90.4454612852052,46.25,"P3 - Medium","PASS WITH MONITORING",508,4186.11,4188.92,1916.96,1919.77,100,912,"Completed"
913,"PL-0054","Container","High",6,2273.43,6.84,75.33,"Senior","Small",75,37.5,75.33,90.6160566950727,69.14,"P2 - High","WAIT / PRIORITIZE",175,4188.92,4195.76,1915.49,1922.33,100,913,"Completed"
914,"PL-0052","Container","Low",2,2275.08,5.28,18.26,"Intermediate","Small",25,12.5,18.26,90.681823617101,27.38,"P4 - Low","PASS",807,4195.76,4201.04,1920.68,1925.96,100,914,"Completed"
915,"PL-0300","Container","Medium",3,2280.13,3.97,36.75,"Senior","Large",50,18.75,36.75,90.8831102572483,44.53,"P3 - Medium","PASS",560,4201.04,4205.01,1920.91,1924.88,100,915,"Completed"
916,"PL-0148","DAST","Medium",4,2280.53,5.67,47.84,"Junior","Medium",50,25,47.84,90.8990537534976,48.55,"P3 - Medium","PASS WITH MONITORING",457,4205.01,4210.68,1924.48,1930.15,100,916,"Completed"
917,"PL-0008","DAST","Low",2,2297.66,5.71,20.43,"Intermediate","Small",25,12.5,20.43,91.5818339803735,28.02,"P4 - Low","PASS",797,4210.68,4216.39,1913.02,1918.73,100,917,"Completed"
918,"PL-0235","Container","Low",1,2299.04,4.26,16.39,"Intermediate","Small",25,6.25,16.39,91.6368390424336,25.76,"P4 - Low","PASS",838,4216.39,4220.65,1917.35,1921.61,100,918,"Completed"
919,"PL-0130","SCA","Critical",10,2299.52,2.57,100,"Senior","Medium",100,62.5,100,91.6559712379328,91.67,"P1 - Critical","BLOCK",12,4220.65,4223.22,1921.13,1923.7,100,919,"Completed"
920,"PL-0142","SAST","Critical",9,2300.12,4.07,100,"Senior","Small",100,56.25,100,91.6798864823067,90.42,"P1 - Critical","BLOCK",17,4223.22,4227.29,1923.1,1927.17,100,920,"Completed"
921,"PL-0202","SCA","Medium",4,2303.95,2.31,46.69,"Intermediate","Small",50,25,46.69,91.8325454588937,48.36,"P3 - Medium","PASS WITH MONITORING",461,4227.29,4229.6,1923.34,1925.65,100,921,"Completed"
922,"PL-0181","Container","Critical",4,2305.45,5.41,100,"Intermediate","Large",100,25,100,91.8923335698285,84.19,"P1 - Critical","BLOCK",65,4229.6,4235.01,1924.15,1929.56,100,922,"Completed"
923,"PL-0234","Container","Medium",5,2306.51,5.61,46.01,"Junior","Large",50,31.25,46.01,91.9345838348892,49.45,"P3 - Medium","PASS WITH MONITORING",426,4235.01,4240.62,1928.5,1934.11,100,923,"Completed"
924,"PL-0253","Container","High",3,2306.93,4.84,71.17,"Junior","Small",75,18.75,71.17,91.9513245059509,64.49,"P2 - High","WAIT / PRIORITIZE",262,4240.62,4245.46,1933.69,1938.53,100,924,"Completed"
925,"PL-0192","DAST","Low",3,2307.02,6.91,24.24,"Intermediate","Medium",25,18.75,24.24,91.954911792607,30.26,"P4 - Low","PASS",762,4245.46,4252.37,1938.44,1945.35,100,925,"Completed"
926,"PL-0094","SAST","Medium",8,2308.87,4.41,54.2,"Senior","Medium",50,50,54.2,92.02865046276,55.25,"P3 - Medium","PASS WITH MONITORING",352,4252.37,4256.78,1943.5,1947.91,100,926,"Completed"
927,"PL-0202","SCA","High",4,2310.1,3.95,64,"Intermediate","Small",75,25,64,92.0776767137265,63.96,"P2 - High","PASS WITH MONITORING",269,4256.78,4260.73,1946.68,1950.63,100,927,"Completed"
928,"PL-0047","SCA","Medium",6,2310.82,3.98,49.81,"Intermediate","Large",50,37.5,49.81,92.1063750069753,51.66,"P3 - Medium","PASS WITH MONITORING",387,4260.73,4264.71,1949.91,1953.89,100,928,"Completed"
929,"PL-0012","SCA","Critical",7,2314.61,4.5,100,"Junior","Small",100,43.75,100,92.2574396339373,87.98,"P1 - Critical","BLOCK",30,4264.71,4269.21,1950.1,1954.6,100,929,"Completed"
930,"PL-0018","IaC","Medium",2,2317.07,3.97,51.25,"Senior","Small",50,12.5,51.25,92.3554921358705,47.05,"P3 - Medium","PASS WITH MONITORING",486,4269.21,4273.18,1952.14,1956.11,100,930,"Completed"
931,"PL-0043","DAST","Medium",4,2317.75,5.93,46.79,"Junior","Medium",50,25,46.79,92.3825960794943,48.44,"P3 - Medium","PASS WITH MONITORING",459,4273.18,4279.11,1955.43,1961.36,100,931,"Completed"
932,"PL-0125","SAST","Medium",8,2318.71,3.97,46.76,"Intermediate","Small",50,50,46.76,92.4208604704926,53.43,"P3 - Medium","PASS WITH MONITORING",364,4279.11,4283.08,1960.4,1964.37,100,932,"Completed"
933,"PL-0041","SCA","Medium",1,2321.13,2.93,44.14,"Intermediate","Medium",50,6.25,44.14,92.5173186228008,44.04,"P3 - Medium","PASS WITH MONITORING",581,4283.08,4286.01,1961.95,1964.88,100,933,"Completed"
934,"PL-0264","IaC","Medium",3,2323.02,2.95,43.85,"Junior","Small",50,18.75,43.85,92.5926516425787,46.47,"P3 - Medium","PASS WITH MONITORING",498,4286.01,4288.96,1962.99,1965.94,100,934,"Completed"
935,"PL-0227","SAST","Low",1,2330.36,4.5,28.76,"Junior","Medium",25,6.25,28.76,92.8852147987532,28.98,"P4 - Low","PASS",780,4288.96,4293.46,1958.6,1963.1,100,935,"Completed"
936,"PL-0010","SCA","Low",3,2330.97,3.66,15.38,"Intermediate","Large",25,18.75,15.38,92.9095286305334,28.14,"P4 - Low","PASS",794,4293.46,4297.12,1962.49,1966.15,100,936,"Completed"
937,"PL-0203","SAST","Critical",7,2331.82,6.14,97.22,"Junior","Medium",100,43.75,97.22,92.9434085600631,87.35,"P1 - Critical","BLOCK",41,4297.12,4303.26,1965.3,1971.44,100,937,"Completed"
938,"PL-0106","IaC","Critical",12,2334.63,4.84,100,"Intermediate","Small",100,75,100,93.0554116212144,94.31,"P1 - Critical","BLOCK",5,4303.26,4308.1,1968.63,1973.47,100,938,"Completed"
939,"PL-0176","DAST","Medium",2,2335.35,5.57,57.01,"Junior","Medium",50,12.5,57.01,93.0841099144631,48.56,"P3 - Medium","PASS WITH MONITORING",456,4308.1,4313.67,1972.75,1978.32,100,939,"Completed"
940,"PL-0148","SAST","Medium",7,2336.73,4.72,64.33,"Junior","Small",50,43.75,64.33,93.1391149765232,56.65,"P3 - Medium","PASS WITH MONITORING",345,4313.67,4318.39,1976.94,1981.66,100,940,"Completed"
941,"PL-0223","Container","Low",4,2336.93,5.2,25.77,"Senior","Medium",25,25,25.77,93.1470867246478,32.01,"P4 - Low","PASS",752,4318.39,4323.59,1981.46,1986.66,100,941,"Completed"
942,"PL-0089","SCA","Medium",7,2345.79,3,60.73,"Senior","Small",50,43.75,60.73,93.5002351665697,55.78,"P3 - Medium","PASS WITH MONITORING",349,4323.59,4326.59,1977.8,1980.8,100,942,"Completed"
943,"PL-0202","Container","Low",4,2349.04,4.3,28.69,"Senior","Large",25,25,28.69,93.6297760735952,32.79,"P4 - Low","PASS",751,4326.59,4330.89,1977.55,1981.85,100,943,"Completed"
944,"PL-0118","Container","Medium",3,2350.9,4.55,51.29,"Junior","Small",50,18.75,51.29,93.7039133311544,48.44,"P3 - Medium","PASS WITH MONITORING",460,4330.89,4335.44,1979.99,1984.54,100,944,"Completed"
945,"PL-0115","IaC","High",5,2355.72,2.94,81.12,"Intermediate","Small",75,31.25,81.12,93.8960324609584,69.67,"P2 - High","WAIT / PRIORITIZE",164,4335.44,4338.38,1979.72,1982.66,100,945,"Completed"
946,"PL-0032","SCA","Low",1,2356.97,3.35,28.79,"Intermediate","Medium",25,6.25,28.79,93.9458558867374,29.09,"P4 - Low","PASS",777,4338.38,4341.73,1981.41,1984.76,100,946,"Completed"
947,"PL-0100","IaC","High",7,2357.24,4.14,74.95,"Junior","Medium",75,43.75,74.95,93.9566177467057,70.63,"P2 - High","WAIT / PRIORITIZE",147,4341.73,4345.87,1984.49,1988.63,100,947,"Completed"
948,"PL-0048","DAST","High",9,2366.15,6.59,86.78,"Junior","Small",75,56.25,86.78,94.3117591256587,76.13,"P2 - High","WAIT / PRIORITIZE",115,4345.87,4352.46,1979.72,1986.31,100,948,"Completed"
949,"PL-0079","DAST","Medium",2,2368.28,5.86,36.96,"Junior","Medium",50,12.5,36.96,94.3966582431862,43.68,"P3 - Medium","PASS",592,4352.46,4358.32,1984.18,1990.04,100,949,"Completed"
950,"PL-0215","SCA","Medium",4,2368.48,3.71,47.03,"Junior","Small",50,25,47.03,94.4046299913108,48.7,"P3 - Medium","PASS WITH MONITORING",448,4358.32,4362.03,1989.84,1993.55,100,950,"Completed"
951,"PL-0011","SAST","Medium",3,2373.54,2.87,51.67,"Junior","Small",50,18.75,51.67,94.6063152188643,48.63,"P3 - Medium","PASS WITH MONITORING",451,4362.03,4364.9,1988.49,1991.36,100,951,"Completed"
952,"PL-0234","IaC","High",4,2378.86,4.79,61.93,"Senior","Small",75,25,61.93,94.8183637189799,63.71,"P2 - High","PASS WITH MONITORING",273,4364.9,4369.69,1986.04,1990.83,100,952,"Completed"
953,"PL-0226","SCA","Medium",3,2386.54,3.1,51.29,"Junior","Small",50,18.75,51.29,95.1244788469663,48.58,"P3 - Medium","PASS WITH MONITORING",455,4369.69,4372.79,1983.15,1986.25,100,953,"Completed"
954,"PL-0019","Container","High",4,2390.23,6.04,73.41,"Junior","Large",75,25,73.41,95.2715575998661,66.63,"P2 - High","WAIT / PRIORITIZE",218,4372.79,4378.83,1982.56,1988.6,100,954,"Completed"
955,"PL-0063","SAST","Critical",10,2390.97,5.77,91.67,"Senior","Medium",100,62.5,91.67,95.3010530679273,89.95,"P1 - Critical","BLOCK",20,4378.83,4384.6,1987.86,1993.63,100,955,"Completed"
956,"PL-0107","DAST","Medium",7,2391.27,6.67,57.51,"Senior","Small",50,43.75,57.51,95.3130106901142,55.16,"P3 - Medium","PASS WITH MONITORING",354,4384.6,4391.27,1993.33,2000,100,956,"Completed"
957,"PL-0127","DAST","Critical",8,2393.39,6.84,92.8,"Junior","Medium",100,50,92.8,95.3975112202355,87.74,"P1 - Critical","BLOCK",33,4391.27,4398.11,1997.88,2004.72,100,957,"Completed"
958,"PL-0235","SAST","Medium",5,2394.65,4.15,57.21,"Intermediate","Small",50,31.25,57.21,95.4477332334207,52.6,"P3 - Medium","PASS WITH MONITORING",374,4398.11,4402.26,2003.46,2007.61,100,958,"Completed"
959,"PL-0298","SAST","High",6,2395.89,4.36,75.61,"Junior","Small",75,37.5,75.61,95.4971580717935,69.7,"P2 - High","WAIT / PRIORITIZE",163,4402.26,4406.62,2006.37,2010.73,100,959,"Completed"
960,"PL-0192","SAST","Medium",7,2396.48,5.96,47.62,"Junior","Small",50,43.75,47.62,95.5206747287613,52.71,"P3 - Medium","PASS WITH MONITORING",372,4406.62,4412.58,2010.14,2016.1,100,960,"Completed"
961,"PL-0109","SAST","Low",1,2400.82,2.33,22.3,"Intermediate","Medium",25,6.25,22.3,95.6936616630661,27.64,"P4 - Low","PASS",803,4412.58,4414.91,2011.76,2014.09,100,961,"Completed"
962,"PL-0017","DAST","Medium",3,2403.57,7.03,53.45,"Senior","Small",50,18.75,53.45,95.80327319978,49.19,"P3 - Medium","PASS WITH MONITORING",433,4414.91,4421.94,2011.34,2018.37,100,962,"Completed"
963,"PL-0055","SCA","Medium",4,2404.83,2.69,59.53,"Intermediate","Small",50,25,59.53,95.8534952129652,51.97,"P3 - Medium","PASS WITH MONITORING",383,4421.94,4424.63,2017.11,2019.8,100,963,"Completed"
964,"PL-0110","Container","Medium",4,2407.39,4.97,52.47,"Intermediate","Large",50,25,52.47,95.9555335889607,50.21,"P3 - Medium","PASS WITH MONITORING",413,4424.63,4429.6,2017.24,2022.21,100,964,"Completed"
965,"PL-0248","SCA","Low",2,2408.18,2.01,17.77,"Junior","Small",25,12.5,17.77,95.9870219940531,27.79,"P4 - Low","PASS",800,4429.6,4431.61,2021.42,2023.43,100,965,"Completed"
966,"PL-0092","SCA","Medium",2,2408.51,4.08,38.73,"Junior","Medium",50,12.5,38.73,96.0001753784587,44.28,"P3 - Medium","PASS",568,4431.61,4435.69,2023.1,2027.18,100,966,"Completed"
967,"PL-0150","DAST","High",8,2414.63,7.39,100,"Junior","Small",75,50,100,96.2441108710729,78.37,"P2 - High","WAIT / PRIORITIZE",105,4435.69,4443.08,2021.06,2028.45,100,967,"Completed"
968,"PL-0250","SCA","High",6,2417.06,3.62,78.05,"Junior","Small",75,37.5,78.05,96.3409676107874,70.4,"P2 - High","WAIT / PRIORITIZE",151,4443.08,4446.7,2026.02,2029.64,100,968,"Completed"
969,"PL-0191","SCA","High",5,2417.24,2.55,69.6,"Intermediate","Small",75,31.25,69.6,96.3481421840995,67.03,"P2 - High","PASS WITH MONITORING",210,4446.7,4449.25,2029.46,2032.01,100,969,"Completed"
970,"PL-0069","DAST","Low",1,2418.01,6.24,27.38,"Intermediate","Medium",25,6.25,27.38,96.3788334143794,28.98,"P4 - Low","PASS",781,4449.25,4455.49,2031.24,2037.48,100,970,"Completed"
971,"PL-0216","IaC","High",6,2418.55,4.23,82.95,"Junior","Small",75,37.5,82.95,96.400357134316,71.63,"P2 - High","WAIT / PRIORITIZE",134,4455.49,4459.72,2036.94,2041.17,100,971,"Completed"
972,"PL-0204","SCA","Low",2,2420.25,3.02,19.77,"Senior","Medium",25,12.5,19.77,96.4681169933755,28.34,"P4 - Low","PASS",788,4459.72,4462.74,2039.47,2042.49,100,972,"Completed"
973,"PL-0282","Container","Medium",5,2423.15,4.71,57.06,"Intermediate","Small",50,31.25,57.06,96.5837073411828,52.67,"P3 - Medium","PASS WITH MONITORING",373,4462.74,4467.45,2039.59,2044.3,100,973,"Completed"
974,"PL-0151","Container","Critical",8,2425.85,5.66,93.6,"Intermediate","Medium",100,50,93.6,96.6913259408656,88.07,"P1 - Critical","BLOCK",29,4467.45,4473.11,2041.6,2047.26,100,974,"Completed"
975,"PL-0109","SAST","Low",1,2425.91,3.64,24.18,"Junior","Medium",25,6.25,24.18,96.693717465303,28.21,"P4 - Low","PASS",792,4473.11,4476.75,2047.2,2050.84,100,975,"Completed"
976,"PL-0297","SAST","High",10,2430.91,4.29,82.16,"Intermediate","Small",75,62.5,82.16,96.8930111684191,76.48,"P2 - High","WAIT / PRIORITIZE",113,4476.75,4481.04,2045.84,2050.13,100,976,"Completed"
977,"PL-0012","SAST","Low",1,2435.75,3.69,26.69,"Intermediate","Small",25,6.25,26.69,97.0859274730356,28.88,"P4 - Low","PASS",783,4481.04,4484.73,2045.29,2048.98,100,977,"Completed"
978,"PL-0146","IaC","Medium",4,2440.29,3.81,52.05,"Intermediate","Small",50,25,52.05,97.266886155465,50.24,"P3 - Medium","PASS WITH MONITORING",412,4484.73,4488.54,2044.44,2048.25,100,978,"Completed"
979,"PL-0007","SCA","Medium",5,2443.11,2.69,55.66,"Intermediate","Medium",50,31.25,55.66,97.3792878040225,52.4,"P3 - Medium","PASS WITH MONITORING",378,4488.54,4491.23,2045.43,2048.12,100,979,"Completed"
980,"PL-0272","DAST","Low",1,2444.65,6.34,21.4,"Senior","Medium",25,6.25,21.4,97.4406702645823,27.59,"P4 - Low","PASS",804,4491.23,4497.57,2046.58,2052.92,100,980,"Completed"
981,"PL-0006","SAST","Medium",6,2453.5,4.75,52.5,"Junior","Medium",50,37.5,52.5,97.7934201190979,52.9,"P3 - Medium","PASS WITH MONITORING",369,4497.57,4502.32,2044.07,2048.82,100,981,"Completed"
982,"PL-0147","DAST","Low",1,2453.85,5.13,10.88,"Intermediate","Medium",25,6.25,10.88,97.807370678316,25,"P4 - Low","PASS",855,4502.32,4507.45,2048.47,2053.6,100,982,"Completed"
983,"PL-0242","SCA","Low",2,2454.37,3.33,27.52,"Junior","Medium",25,12.5,27.52,97.8280972234401,30.41,"P4 - Low","PASS",761,4507.45,4510.78,2053.08,2056.41,100,983,"Completed"
984,"PL-0280","SAST","Critical",7,2455.49,3.51,100,"Junior","Small",100,43.75,100,97.8727390129381,88.54,"P1 - Critical","BLOCK",25,4510.78,4514.29,2055.29,2058.8,100,984,"Completed"
985,"PL-0277","Container","Medium",6,2455.79,6.11,67.77,"Junior","Medium",50,37.5,67.77,97.8846966351251,56.73,"P3 - Medium","PASS WITH MONITORING",344,4514.29,4520.4,2058.5,2064.61,100,985,"Completed"
986,"PL-0175","SCA","Low",1,2462.97,3.85,30.38,"Junior","Medium",25,6.25,30.38,98.1708823927999,29.91,"P4 - Low","PASS",771,4520.4,4524.25,2057.43,2061.28,100,986,"Completed"
987,"PL-0284","SAST","High",8,2464.4,3.69,98.12,"Junior","Small",75,50,98.12,98.2278803918911,78.1,"P2 - High","WAIT / PRIORITIZE",107,4524.25,4527.94,2059.85,2063.54,100,987,"Completed"
988,"PL-0050","SCA","Critical",11,2464.94,3.67,100,"Intermediate","Medium",100,68.75,100,98.2494041118277,93.57,"P1 - Critical","BLOCK",7,4527.94,4531.61,2063,2066.67,100,988,"Completed"
989,"PL-0126","SAST","Medium",7,2475.63,5.05,56.37,"Senior","Small",50,43.75,56.37,98.67549404909,55.21,"P3 - Medium","PASS WITH MONITORING",353,4531.61,4536.66,2055.98,2061.03,100,989,"Completed"
990,"PL-0006","SAST","Low",2,2483.62,3.56,26.24,"Junior","Small",25,12.5,26.24,98.9939653866696,30.21,"P4 - Low","PASS",763,4536.66,4540.22,2053.04,2056.6,100,990,"Completed"
991,"PL-0164","IaC","Medium",4,2491.01,3.29,64.67,"Intermediate","Small",50,25,64.67,99.2885214798753,53.6,"P3 - Medium","PASS WITH MONITORING",361,4540.22,4543.51,2049.21,2052.5,100,991,"Completed"
992,"PL-0021","DAST","Medium",3,2492.61,6.16,51.04,"Junior","Small",50,18.75,51.04,99.3522954648725,48.95,"P3 - Medium","PASS WITH MONITORING",440,4543.51,4549.67,2050.9,2057.06,100,992,"Completed"
993,"PL-0189","IaC","Medium",6,2495.54,4.44,43.3,"Intermediate","Medium",50,37.5,43.3,99.4690815748986,50.77,"P3 - Medium","PASS WITH MONITORING",397,4549.67,4554.11,2054.13,2058.57,100,993,"Completed"
994,"PL-0001","IaC","Medium",4,2496.67,3.19,52.17,"Junior","Small",50,25,52.17,99.5141219518028,50.49,"P3 - Medium","PASS WITH MONITORING",401,4554.11,4557.3,2057.44,2060.63,100,994,"Completed"
995,"PL-0257","IaC","Medium",2,2502.47,2,45.85,"Intermediate","Medium",50,12.5,45.85,99.7453026474175,46.44,"P3 - Medium","PASS WITH MONITORING",499,4557.3,4559.3,2054.83,2056.83,100,995,"Completed"
996,"PL-0015","SCA","Critical",8,2503.12,4.39,100,"Intermediate","Small",100,50,100,99.7712108288226,89.98,"P1 - Critical","BLOCK",19,4559.3,4563.69,2056.18,2060.57,100,996,"Completed"
997,"PL-0218","DAST","Medium",2,2503.2,6.45,54.6,"Intermediate","Small",50,12.5,54.6,99.7743995280725,48.63,"P3 - Medium","PASS WITH MONITORING",452,4563.69,4570.14,2060.49,2066.94,100,997,"Completed"
998,"PL-0155","SCA","Low",2,2504.79,3.3,20.06,"Senior","Medium",25,12.5,20.06,99.8377749256635,28.75,"P4 - Low","PASS",784,4570.14,4573.44,2065.35,2068.65,100,998,"Completed"
999,"PL-0121","SCA","Medium",8,2505.23,3.1,61.18,"Senior","Small",50,50,61.18,99.8553127715377,57.78,"P3 - Medium","PASS WITH MONITORING",338,4573.44,4576.54,2068.21,2071.31,100,999,"Completed"
1000,"PL-0033","IaC","Medium",3,2508.86,3.98,56.69,"Senior","Medium",50,18.75,56.69,100,50.42,"P3 - Medium","PASS WITH MONITORING",402,4576.54,4580.52,2067.68,2071.66,100,1000,"Completed"
